time,Coal Rents (% GDP),Country
2021-01-01,0.462266796,Afghanistan
2022-01-01,0.495442895,Afghanistan
2023-01-01,0.527653188,Afghanistan
2024-01-01,0.558889846,Afghanistan
2025-01-01,0.565316666,Afghanistan
2026-01-01,0.598492765,Afghanistan
2027-01-01,0.630703058,Afghanistan
2028-01-01,0.661939716,Afghanistan
2029-01-01,0.668366536,Afghanistan
2030-01-01,0.701542635,Afghanistan
2021-01-01,0.495560427,Africa Eastern and Southern
2022-01-01,0.650709391,Africa Eastern and Southern
2023-01-01,0.825461479,Africa Eastern and Southern
2024-01-01,1.019542312,Africa Eastern and Southern
2025-01-01,0.289085973,Africa Eastern and Southern
2026-01-01,0.444234938,Africa Eastern and Southern
2027-01-01,0.618987025,Africa Eastern and Southern
2028-01-01,0.813067858,Africa Eastern and Southern
2029-01-01,0.08261152,Africa Eastern and Southern
2030-01-01,0.237760484,Africa Eastern and Southern
2021-01-01,0.000437218,Africa Western and Central
2022-01-01,0.000566714,Africa Western and Central
2023-01-01,0.00070334,Africa Western and Central
2024-01-01,0.000846895,Africa Western and Central
2025-01-01,0.000317316,Africa Western and Central
2026-01-01,0.000446812,Africa Western and Central
2027-01-01,0.000583438,Africa Western and Central
2028-01-01,0.000726994,Africa Western and Central
2029-01-01,0.000197415,Africa Western and Central
2030-01-01,0.00032691,Africa Western and Central
2021-01-01,0.015793837,Albania
2022-01-01,0.016754394,Albania
2023-01-01,0.017657441,Albania
2024-01-01,0.018502956,Albania
2025-01-01,0.019325298,Albania
2026-01-01,0.020285855,Albania
2027-01-01,0.021188902,Albania
2028-01-01,0.022034417,Albania
2029-01-01,0.022856758,Albania
2030-01-01,0.023817316,Albania
2021-01-01,0,Algeria
2022-01-01,0,Algeria
2023-01-01,0,Algeria
2024-01-01,0,Algeria
2025-01-01,0,Algeria
2026-01-01,0,Algeria
2027-01-01,0,Algeria
2028-01-01,0,Algeria
2029-01-01,0,Algeria
2030-01-01,0,Algeria
2021-01-01,0,American Samoa
2022-01-01,0,American Samoa
2023-01-01,0,American Samoa
2024-01-01,0,American Samoa
2025-01-01,0,American Samoa
2026-01-01,0,American Samoa
2027-01-01,0,American Samoa
2028-01-01,0,American Samoa
2029-01-01,0,American Samoa
2030-01-01,0,American Samoa
2021-01-01,0,Angola
2022-01-01,0,Angola
2023-01-01,0,Angola
2024-01-01,0,Angola
2025-01-01,0,Angola
2026-01-01,0,Angola
2027-01-01,0,Angola
2028-01-01,0,Angola
2029-01-01,0,Angola
2030-01-01,0,Angola
2021-01-01,0,Antigua and Barbuda
2022-01-01,0,Antigua and Barbuda
2023-01-01,0,Antigua and Barbuda
2024-01-01,0,Antigua and Barbuda
2025-01-01,0,Antigua and Barbuda
2026-01-01,0,Antigua and Barbuda
2027-01-01,0,Antigua and Barbuda
2028-01-01,0,Antigua and Barbuda
2029-01-01,0,Antigua and Barbuda
2030-01-01,0,Antigua and Barbuda
2021-01-01,-3.63E-05,Arab World
2022-01-01,-3.58E-05,Arab World
2023-01-01,-3.44E-05,Arab World
2024-01-01,-3.19E-05,Arab World
2025-01-01,-5.38E-05,Arab World
2026-01-01,-5.33E-05,Arab World
2027-01-01,-5.19E-05,Arab World
2028-01-01,-4.94E-05,Arab World
2029-01-01,-7.13E-05,Arab World
2030-01-01,-7.08E-05,Arab World
2021-01-01,-0.000125881,Argentina
2022-01-01,0.000106928,Argentina
2023-01-01,0.000350058,Argentina
2024-01-01,0.000603192,Argentina
2025-01-01,-0.000204294,Argentina
2026-01-01,2.85E-05,Argentina
2027-01-01,0.000271646,Argentina
2028-01-01,0.000524779,Argentina
2029-01-01,-0.000282706,Argentina
2030-01-01,-4.99E-05,Argentina
2021-01-01,4.31E-07,Armenia
2022-01-01,3.45E-07,Armenia
2023-01-01,2.67E-07,Armenia
2024-01-01,1.95E-07,Armenia
2025-01-01,5.08E-07,Armenia
2026-01-01,4.23E-07,Armenia
2027-01-01,3.44E-07,Armenia
2028-01-01,2.73E-07,Armenia
2029-01-01,5.86E-07,Armenia
2030-01-01,5.00E-07,Armenia
2021-01-01,0,Aruba
2022-01-01,0,Aruba
2023-01-01,0,Aruba
2024-01-01,0,Aruba
2025-01-01,0,Aruba
2026-01-01,0,Aruba
2027-01-01,0,Aruba
2028-01-01,0,Aruba
2029-01-01,0,Aruba
2030-01-01,0,Aruba
2021-01-01,0.832479257,Australia
2022-01-01,0.947481695,Australia
2023-01-01,1.068996839,Australia
2024-01-01,1.196872689,Australia
2025-01-01,0.8165697,Australia
2026-01-01,0.931572138,Australia
2027-01-01,1.053087282,Australia
2028-01-01,1.180963132,Australia
2029-01-01,0.800660144,Australia
2030-01-01,0.915662581,Australia
2021-01-01,-0.000252892,Austria
2022-01-01,-0.000325259,Austria
2023-01-01,-0.000393554,Austria
2024-01-01,-0.000457745,Austria
2025-01-01,-0.000417624,Austria
2026-01-01,-0.000489991,Austria
2027-01-01,-0.000558286,Austria
2028-01-01,-0.000622477,Austria
2029-01-01,-0.000582356,Austria
2030-01-01,-0.000654722,Austria
2021-01-01,0,Azerbaijan
2022-01-01,0,Azerbaijan
2023-01-01,0,Azerbaijan
2024-01-01,0,Azerbaijan
2025-01-01,0,Azerbaijan
2026-01-01,0,Azerbaijan
2027-01-01,0,Azerbaijan
2028-01-01,0,Azerbaijan
2029-01-01,0,Azerbaijan
2030-01-01,0,Azerbaijan
2021-01-01,0,"Bahamas, The"
2022-01-01,0,"Bahamas, The"
2023-01-01,0,"Bahamas, The"
2024-01-01,0,"Bahamas, The"
2025-01-01,0,"Bahamas, The"
2026-01-01,0,"Bahamas, The"
2027-01-01,0,"Bahamas, The"
2028-01-01,0,"Bahamas, The"
2029-01-01,0,"Bahamas, The"
2030-01-01,0,"Bahamas, The"
2021-01-01,0,Bahrain
2022-01-01,0,Bahrain
2023-01-01,0,Bahrain
2024-01-01,0,Bahrain
2025-01-01,0,Bahrain
2026-01-01,0,Bahrain
2027-01-01,0,Bahrain
2028-01-01,0,Bahrain
2029-01-01,0,Bahrain
2030-01-01,0,Bahrain
2021-01-01,0.025529875,Bangladesh
2022-01-01,0.028683998,Bangladesh
2023-01-01,0.032024679,Bangladesh
2024-01-01,0.035548904,Bangladesh
2025-01-01,0.02894129,Bangladesh
2026-01-01,0.032095413,Bangladesh
2027-01-01,0.035436094,Bangladesh
2028-01-01,0.03896032,Bangladesh
2029-01-01,0.032352706,Bangladesh
2030-01-01,0.035506829,Bangladesh
2021-01-01,0,Barbados
2022-01-01,0,Barbados
2023-01-01,0,Barbados
2024-01-01,0,Barbados
2025-01-01,0,Barbados
2026-01-01,0,Barbados
2027-01-01,0,Barbados
2028-01-01,0,Barbados
2029-01-01,0,Barbados
2030-01-01,0,Barbados
2021-01-01,0,Belarus
2022-01-01,0,Belarus
2023-01-01,0,Belarus
2024-01-01,0,Belarus
2025-01-01,0,Belarus
2026-01-01,0,Belarus
2027-01-01,0,Belarus
2028-01-01,0,Belarus
2029-01-01,0,Belarus
2030-01-01,0,Belarus
2021-01-01,0,Belgium
2022-01-01,0,Belgium
2023-01-01,0,Belgium
2024-01-01,0,Belgium
2025-01-01,0,Belgium
2026-01-01,0,Belgium
2027-01-01,0,Belgium
2028-01-01,0,Belgium
2029-01-01,0,Belgium
2030-01-01,0,Belgium
2021-01-01,0,Belize
2022-01-01,0,Belize
2023-01-01,0,Belize
2024-01-01,0,Belize
2025-01-01,0,Belize
2026-01-01,0,Belize
2027-01-01,0,Belize
2028-01-01,0,Belize
2029-01-01,0,Belize
2030-01-01,0,Belize
2021-01-01,0,Benin
2022-01-01,0,Benin
2023-01-01,0,Benin
2024-01-01,0,Benin
2025-01-01,0,Benin
2026-01-01,0,Benin
2027-01-01,0,Benin
2028-01-01,0,Benin
2029-01-01,0,Benin
2030-01-01,0,Benin
2021-01-01,0,Bermuda
2022-01-01,0,Bermuda
2023-01-01,0,Bermuda
2024-01-01,0,Bermuda
2025-01-01,0,Bermuda
2026-01-01,0,Bermuda
2027-01-01,0,Bermuda
2028-01-01,0,Bermuda
2029-01-01,0,Bermuda
2030-01-01,0,Bermuda
2021-01-01,-0.078676689,Bhutan
2022-01-01,-0.049472553,Bhutan
2023-01-01,-0.019149443,Bhutan
2024-01-01,0.012237202,Bhutan
2025-01-01,-0.140037271,Bhutan
2026-01-01,-0.110833135,Bhutan
2027-01-01,-0.080510025,Bhutan
2028-01-01,-0.04912338,Bhutan
2029-01-01,-0.201397853,Bhutan
2030-01-01,-0.172193717,Bhutan
2021-01-01,0,Bolivia
2022-01-01,0,Bolivia
2023-01-01,0,Bolivia
2024-01-01,0,Bolivia
2025-01-01,0,Bolivia
2026-01-01,0,Bolivia
2027-01-01,0,Bolivia
2028-01-01,0,Bolivia
2029-01-01,0,Bolivia
2030-01-01,0,Bolivia
2021-01-01,0.177310097,Bosnia and Herzegovina
2022-01-01,0.344167868,Bosnia and Herzegovina
2023-01-01,0.516307818,Bosnia and Herzegovina
2024-01-01,0.693494456,Bosnia and Herzegovina
2025-01-01,0.090933299,Bosnia and Herzegovina
2026-01-01,0.257791071,Bosnia and Herzegovina
2027-01-01,0.429931021,Bosnia and Herzegovina
2028-01-01,0.607117659,Bosnia and Herzegovina
2029-01-01,0.004556502,Bosnia and Herzegovina
2030-01-01,0.171414273,Bosnia and Herzegovina
2021-01-01,0.350341942,Botswana
2022-01-01,0.389333305,Botswana
2023-01-01,0.433578799,Botswana
2024-01-01,0.483032608,Botswana
2025-01-01,0.374844135,Botswana
2026-01-01,0.413835497,Botswana
2027-01-01,0.458080991,Botswana
2028-01-01,0.5075348,Botswana
2029-01-01,0.399346327,Botswana
2030-01-01,0.438337689,Botswana
2021-01-01,0.005852697,Brazil
2022-01-01,0.007396219,Brazil
2023-01-01,0.009100332,Brazil
2024-01-01,0.010963031,Brazil
2025-01-01,0.006066313,Brazil
2026-01-01,0.007609835,Brazil
2027-01-01,0.009313947,Brazil
2028-01-01,0.011176647,Brazil
2029-01-01,0.006279928,Brazil
2030-01-01,0.007823451,Brazil
2021-01-01,0,Brunei Darussalam
2022-01-01,0,Brunei Darussalam
2023-01-01,0,Brunei Darussalam
2024-01-01,0,Brunei Darussalam
2025-01-01,0,Brunei Darussalam
2026-01-01,0,Brunei Darussalam
2027-01-01,0,Brunei Darussalam
2028-01-01,0,Brunei Darussalam
2029-01-01,0,Brunei Darussalam
2030-01-01,0,Brunei Darussalam
2021-01-01,0.038302815,Bulgaria
2022-01-01,0.119045867,Bulgaria
2023-01-01,0.202355794,Bulgaria
2024-01-01,0.288112683,Bulgaria
2025-01-01,-0.022951,Bulgaria
2026-01-01,0.057792053,Bulgaria
2027-01-01,0.14110198,Bulgaria
2028-01-01,0.226858868,Bulgaria
2029-01-01,-0.084204814,Bulgaria
2030-01-01,-0.003461762,Bulgaria
2021-01-01,0,Burkina Faso
2022-01-01,0,Burkina Faso
2023-01-01,0,Burkina Faso
2024-01-01,0,Burkina Faso
2025-01-01,0,Burkina Faso
2026-01-01,0,Burkina Faso
2027-01-01,0,Burkina Faso
2028-01-01,0,Burkina Faso
2029-01-01,0,Burkina Faso
2030-01-01,0,Burkina Faso
2021-01-01,0,Burundi
2022-01-01,0,Burundi
2023-01-01,0,Burundi
2024-01-01,0,Burundi
2025-01-01,0,Burundi
2026-01-01,0,Burundi
2027-01-01,0,Burundi
2028-01-01,0,Burundi
2029-01-01,0,Burundi
2030-01-01,0,Burundi
2021-01-01,0,Cabo Verde
2022-01-01,0,Cabo Verde
2023-01-01,0,Cabo Verde
2024-01-01,0,Cabo Verde
2025-01-01,0,Cabo Verde
2026-01-01,0,Cabo Verde
2027-01-01,0,Cabo Verde
2028-01-01,0,Cabo Verde
2029-01-01,0,Cabo Verde
2030-01-01,0,Cabo Verde
2021-01-01,0.001189972,Cambodia
2022-01-01,0.000953489,Cambodia
2023-01-01,0.000736488,Cambodia
2024-01-01,0.000539298,Cambodia
2025-01-01,0.001403674,Cambodia
2026-01-01,0.00116719,Cambodia
2027-01-01,0.000950189,Cambodia
2028-01-01,0.000752999,Cambodia
2029-01-01,0.001617376,Cambodia
2030-01-01,0.001380892,Cambodia
2021-01-01,0,Cameroon
2022-01-01,0,Cameroon
2023-01-01,0,Cameroon
2024-01-01,0,Cameroon
2025-01-01,0,Cameroon
2026-01-01,0,Cameroon
2027-01-01,0,Cameroon
2028-01-01,0,Cameroon
2029-01-01,0,Cameroon
2030-01-01,0,Cameroon
2021-01-01,0.081261599,Canada
2022-01-01,0.09379505,Canada
2023-01-01,0.107333752,Canada
2024-01-01,0.121857227,Canada
2025-01-01,0.067851333,Canada
2026-01-01,0.080384785,Canada
2027-01-01,0.093923486,Canada
2028-01-01,0.108446961,Canada
2029-01-01,0.054441068,Canada
2030-01-01,0.066974519,Canada
2021-01-01,0,Caribbean small states
2022-01-01,0,Caribbean small states
2023-01-01,0,Caribbean small states
2024-01-01,0,Caribbean small states
2025-01-01,0,Caribbean small states
2026-01-01,0,Caribbean small states
2027-01-01,0,Caribbean small states
2028-01-01,0,Caribbean small states
2029-01-01,0,Caribbean small states
2030-01-01,0,Caribbean small states
2021-01-01,0,Cayman Islands
2022-01-01,0,Cayman Islands
2023-01-01,0,Cayman Islands
2024-01-01,0,Cayman Islands
2025-01-01,0,Cayman Islands
2026-01-01,0,Cayman Islands
2027-01-01,0,Cayman Islands
2028-01-01,0,Cayman Islands
2029-01-01,0,Cayman Islands
2030-01-01,0,Cayman Islands
2021-01-01,0,Central African Republic
2022-01-01,0,Central African Republic
2023-01-01,0,Central African Republic
2024-01-01,0,Central African Republic
2025-01-01,0,Central African Republic
2026-01-01,0,Central African Republic
2027-01-01,0,Central African Republic
2028-01-01,0,Central African Republic
2029-01-01,0,Central African Republic
2030-01-01,0,Central African Republic
2021-01-01,0.057006931,Central Europe and the Baltics
2022-01-01,0.100905508,Central Europe and the Baltics
2023-01-01,0.147700066,Central Europe and the Baltics
2024-01-01,0.197318028,Central Europe and the Baltics
2025-01-01,0.00494381,Central Europe and the Baltics
2026-01-01,0.048842387,Central Europe and the Baltics
2027-01-01,0.095636946,Central Europe and the Baltics
2028-01-01,0.145254907,Central Europe and the Baltics
2029-01-01,-0.04711931,Central Europe and the Baltics
2030-01-01,-0.003220734,Central Europe and the Baltics
2021-01-01,0,Chad
2022-01-01,0,Chad
2023-01-01,0,Chad
2024-01-01,0,Chad
2025-01-01,0,Chad
2026-01-01,0,Chad
2027-01-01,0,Chad
2028-01-01,0,Chad
2029-01-01,0,Chad
2030-01-01,0,Chad
2021-01-01,0.018323493,Chile
2022-01-01,0.018992586,Chile
2023-01-01,0.019725661,Chile
2024-01-01,0.02052291,Chile
2025-01-01,0.021853522,Chile
2026-01-01,0.022522615,Chile
2027-01-01,0.02325569,Chile
2028-01-01,0.024052939,Chile
2029-01-01,0.025383551,Chile
2030-01-01,0.026052644,Chile
2021-01-01,0.340710943,China
2022-01-01,0.648219348,China
2023-01-01,0.969428439,China
2024-01-01,1.303880083,China
2025-01-01,0.116916987,China
2026-01-01,0.424425392,China
2027-01-01,0.745634483,China
2028-01-01,1.080086127,China
2029-01-01,-0.106876969,China
2030-01-01,0.200631436,China
2021-01-01,0.58578879,Colombia
2022-01-01,0.793822722,Colombia
2023-01-01,1.009279215,Colombia
2024-01-01,1.231915584,Colombia
2025-01-01,0.648639782,Colombia
2026-01-01,0.856673713,Colombia
2027-01-01,1.072130207,Colombia
2028-01-01,1.294766575,Colombia
2029-01-01,0.711490773,Colombia
2030-01-01,0.919524705,Colombia
2021-01-01,0,Comoros
2022-01-01,0,Comoros
2023-01-01,0,Comoros
2024-01-01,0,Comoros
2025-01-01,0,Comoros
2026-01-01,0,Comoros
2027-01-01,0,Comoros
2028-01-01,0,Comoros
2029-01-01,0,Comoros
2030-01-01,0,Comoros
2021-01-01,0,"Congo, Dem. Rep."
2022-01-01,0,"Congo, Dem. Rep."
2023-01-01,0,"Congo, Dem. Rep."
2024-01-01,0,"Congo, Dem. Rep."
2025-01-01,0,"Congo, Dem. Rep."
2026-01-01,0,"Congo, Dem. Rep."
2027-01-01,0,"Congo, Dem. Rep."
2028-01-01,0,"Congo, Dem. Rep."
2029-01-01,0,"Congo, Dem. Rep."
2030-01-01,0,"Congo, Dem. Rep."
2021-01-01,0,"Congo, Rep."
2022-01-01,0,"Congo, Rep."
2023-01-01,0,"Congo, Rep."
2024-01-01,0,"Congo, Rep."
2025-01-01,0,"Congo, Rep."
2026-01-01,0,"Congo, Rep."
2027-01-01,0,"Congo, Rep."
2028-01-01,0,"Congo, Rep."
2029-01-01,0,"Congo, Rep."
2030-01-01,0,"Congo, Rep."
2021-01-01,0,Costa Rica
2022-01-01,0,Costa Rica
2023-01-01,0,Costa Rica
2024-01-01,0,Costa Rica
2025-01-01,0,Costa Rica
2026-01-01,0,Costa Rica
2027-01-01,0,Costa Rica
2028-01-01,0,Costa Rica
2029-01-01,0,Costa Rica
2030-01-01,0,Costa Rica
2021-01-01,0,Cote d'Ivoire
2022-01-01,0,Cote d'Ivoire
2023-01-01,0,Cote d'Ivoire
2024-01-01,0,Cote d'Ivoire
2025-01-01,0,Cote d'Ivoire
2026-01-01,0,Cote d'Ivoire
2027-01-01,0,Cote d'Ivoire
2028-01-01,0,Cote d'Ivoire
2029-01-01,0,Cote d'Ivoire
2030-01-01,0,Cote d'Ivoire
2021-01-01,0,Croatia
2022-01-01,0,Croatia
2023-01-01,0,Croatia
2024-01-01,0,Croatia
2025-01-01,0,Croatia
2026-01-01,0,Croatia
2027-01-01,0,Croatia
2028-01-01,0,Croatia
2029-01-01,0,Croatia
2030-01-01,0,Croatia
2021-01-01,0,Cuba
2022-01-01,0,Cuba
2023-01-01,0,Cuba
2024-01-01,0,Cuba
2025-01-01,0,Cuba
2026-01-01,0,Cuba
2027-01-01,0,Cuba
2028-01-01,0,Cuba
2029-01-01,0,Cuba
2030-01-01,0,Cuba
2021-01-01,0,Curacao
2022-01-01,0,Curacao
2023-01-01,0,Curacao
2024-01-01,0,Curacao
2025-01-01,0,Curacao
2026-01-01,0,Curacao
2027-01-01,0,Curacao
2028-01-01,0,Curacao
2029-01-01,0,Curacao
2030-01-01,0,Curacao
2021-01-01,0,Cyprus
2022-01-01,0,Cyprus
2023-01-01,0,Cyprus
2024-01-01,0,Cyprus
2025-01-01,0,Cyprus
2026-01-01,0,Cyprus
2027-01-01,0,Cyprus
2028-01-01,0,Cyprus
2029-01-01,0,Cyprus
2030-01-01,0,Cyprus
2021-01-01,0.0324249,Czech Republic
2022-01-01,0.087630039,Czech Republic
2023-01-01,0.147225853,Czech Republic
2024-01-01,0.211110497,Czech Republic
2025-01-01,-0.064987859,Czech Republic
2026-01-01,-0.00978272,Czech Republic
2027-01-01,0.049813093,Czech Republic
2028-01-01,0.113697737,Czech Republic
2029-01-01,-0.162400619,Czech Republic
2030-01-01,-0.107195479,Czech Republic
2021-01-01,0,Denmark
2022-01-01,0,Denmark
2023-01-01,0,Denmark
2024-01-01,0,Denmark
2025-01-01,0,Denmark
2026-01-01,0,Denmark
2027-01-01,0,Denmark
2028-01-01,0,Denmark
2029-01-01,0,Denmark
2030-01-01,0,Denmark
2021-01-01,0,Djibouti
2022-01-01,0,Djibouti
2023-01-01,0,Djibouti
2024-01-01,0,Djibouti
2025-01-01,0,Djibouti
2026-01-01,0,Djibouti
2027-01-01,0,Djibouti
2028-01-01,0,Djibouti
2029-01-01,0,Djibouti
2030-01-01,0,Djibouti
2021-01-01,0,Dominica
2022-01-01,0,Dominica
2023-01-01,0,Dominica
2024-01-01,0,Dominica
2025-01-01,0,Dominica
2026-01-01,0,Dominica
2027-01-01,0,Dominica
2028-01-01,0,Dominica
2029-01-01,0,Dominica
2030-01-01,0,Dominica
2021-01-01,0,Dominican Republic
2022-01-01,0,Dominican Republic
2023-01-01,0,Dominican Republic
2024-01-01,0,Dominican Republic
2025-01-01,0,Dominican Republic
2026-01-01,0,Dominican Republic
2027-01-01,0,Dominican Republic
2028-01-01,0,Dominican Republic
2029-01-01,0,Dominican Republic
2030-01-01,0,Dominican Republic
2021-01-01,0.394367807,Early-demographic dividend
2022-01-01,0.4603732,Early-demographic dividend
2023-01-01,0.529850882,Early-demographic dividend
2024-01-01,0.602718389,Early-demographic dividend
2025-01-01,0.400446398,Early-demographic dividend
2026-01-01,0.466451791,Early-demographic dividend
2027-01-01,0.535929472,Early-demographic dividend
2028-01-01,0.60879698,Early-demographic dividend
2029-01-01,0.406524988,Early-demographic dividend
2030-01-01,0.472530381,Early-demographic dividend
2021-01-01,0.427635455,East Asia & Pacific
2022-01-01,0.560899451,East Asia & Pacific
2023-01-01,0.697651158,East Asia & Pacific
2024-01-01,0.837723313,East Asia & Pacific
2025-01-01,0.42399675,East Asia & Pacific
2026-01-01,0.557260745,East Asia & Pacific
2027-01-01,0.694012453,East Asia & Pacific
2028-01-01,0.834084608,East Asia & Pacific
2029-01-01,0.420358044,East Asia & Pacific
2030-01-01,0.55362204,East Asia & Pacific
2021-01-01,0.405444195,East Asia & Pacific (IDA & IBRD countries)
2022-01-01,0.66885432,East Asia & Pacific (IDA & IBRD countries)
2023-01-01,0.942656055,East Asia & Pacific (IDA & IBRD countries)
2024-01-01,1.226468628,East Asia & Pacific (IDA & IBRD countries)
2025-01-01,0.246998145,East Asia & Pacific (IDA & IBRD countries)
2026-01-01,0.510408269,East Asia & Pacific (IDA & IBRD countries)
2027-01-01,0.784210005,East Asia & Pacific (IDA & IBRD countries)
2028-01-01,1.068022578,East Asia & Pacific (IDA & IBRD countries)
2029-01-01,0.088552094,East Asia & Pacific (IDA & IBRD countries)
2030-01-01,0.351962219,East Asia & Pacific (IDA & IBRD countries)
2021-01-01,0.405471031,East Asia & Pacific (excluding high income)
2022-01-01,0.668911623,East Asia & Pacific (excluding high income)
2023-01-01,0.942752126,East Asia & Pacific (excluding high income)
2024-01-01,1.226611734,East Asia & Pacific (excluding high income)
2025-01-01,0.247068759,East Asia & Pacific (excluding high income)
2026-01-01,0.510509352,East Asia & Pacific (excluding high income)
2027-01-01,0.784349855,East Asia & Pacific (excluding high income)
2028-01-01,1.068209463,East Asia & Pacific (excluding high income)
2029-01-01,0.088666488,East Asia & Pacific (excluding high income)
2030-01-01,0.35210708,East Asia & Pacific (excluding high income)
2021-01-01,0,Ecuador
2022-01-01,0,Ecuador
2023-01-01,0,Ecuador
2024-01-01,0,Ecuador
2025-01-01,0,Ecuador
2026-01-01,0,Ecuador
2027-01-01,0,Ecuador
2028-01-01,0,Ecuador
2029-01-01,0,Ecuador
2030-01-01,0,Ecuador
2021-01-01,-0.000270398,"Egypt, Arab Rep."
2022-01-01,-0.000271149,"Egypt, Arab Rep."
2023-01-01,-0.000264683,"Egypt, Arab Rep."
2024-01-01,-0.00025105,"Egypt, Arab Rep."
2025-01-01,-0.000404591,"Egypt, Arab Rep."
2026-01-01,-0.000405341,"Egypt, Arab Rep."
2027-01-01,-0.000398876,"Egypt, Arab Rep."
2028-01-01,-0.000385243,"Egypt, Arab Rep."
2029-01-01,-0.000538784,"Egypt, Arab Rep."
2030-01-01,-0.000539534,"Egypt, Arab Rep."
2021-01-01,0,El Salvador
2022-01-01,0,El Salvador
2023-01-01,0,El Salvador
2024-01-01,0,El Salvador
2025-01-01,0,El Salvador
2026-01-01,0,El Salvador
2027-01-01,0,El Salvador
2028-01-01,0,El Salvador
2029-01-01,0,El Salvador
2030-01-01,0,El Salvador
2021-01-01,0,Equatorial Guinea
2022-01-01,0,Equatorial Guinea
2023-01-01,0,Equatorial Guinea
2024-01-01,0,Equatorial Guinea
2025-01-01,0,Equatorial Guinea
2026-01-01,0,Equatorial Guinea
2027-01-01,0,Equatorial Guinea
2028-01-01,0,Equatorial Guinea
2029-01-01,0,Equatorial Guinea
2030-01-01,0,Equatorial Guinea
2021-01-01,0,Eritrea
2022-01-01,0,Eritrea
2023-01-01,0,Eritrea
2024-01-01,0,Eritrea
2025-01-01,0,Eritrea
2026-01-01,0,Eritrea
2027-01-01,0,Eritrea
2028-01-01,0,Eritrea
2029-01-01,0,Eritrea
2030-01-01,0,Eritrea
2021-01-01,0,Estonia
2022-01-01,0,Estonia
2023-01-01,0,Estonia
2024-01-01,0,Estonia
2025-01-01,0,Estonia
2026-01-01,0,Estonia
2027-01-01,0,Estonia
2028-01-01,0,Estonia
2029-01-01,0,Estonia
2030-01-01,0,Estonia
2021-01-01,-0.108812599,Eswatini
2022-01-01,-0.049415113,Eswatini
2023-01-01,0.016717599,Eswatini
2024-01-01,0.089474727,Eswatini
2025-01-01,-0.209582268,Eswatini
2026-01-01,-0.150184781,Eswatini
2027-01-01,-0.084052069,Eswatini
2028-01-01,-0.011294941,Eswatini
2029-01-01,-0.310351936,Eswatini
2030-01-01,-0.25095445,Eswatini
2021-01-01,0.000996817,Ethiopia
2022-01-01,0.00090114,Ethiopia
2023-01-01,0.000779492,Ethiopia
2024-01-01,0.000632031,Ethiopia
2025-01-01,0.001026685,Ethiopia
2026-01-01,0.000931008,Ethiopia
2027-01-01,0.00080936,Ethiopia
2028-01-01,0.000661899,Ethiopia
2029-01-01,0.001056553,Ethiopia
2030-01-01,0.000960876,Ethiopia
2021-01-01,0.002199382,Euro area
2022-01-01,0.005408018,Euro area
2023-01-01,0.008781932,Euro area
2024-01-01,0.012316019,Euro area
2025-01-01,-0.001119562,Euro area
2026-01-01,0.002089074,Euro area
2027-01-01,0.005462987,Euro area
2028-01-01,0.008997074,Euro area
2029-01-01,-0.004438506,Euro area
2030-01-01,-0.00122987,Euro area
2021-01-01,0.047927907,Europe & Central Asia
2022-01-01,0.062565465,Europe & Central Asia
2023-01-01,0.077882144,Europe & Central Asia
2024-01-01,0.093857928,Europe & Central Asia
2025-01-01,0.04321116,Europe & Central Asia
2026-01-01,0.057848717,Europe & Central Asia
2027-01-01,0.073165397,Europe & Central Asia
2028-01-01,0.08914118,Europe & Central Asia
2029-01-01,0.038494412,Europe & Central Asia
2030-01-01,0.05313197,Europe & Central Asia
2021-01-01,0.184804777,Europe & Central Asia (IDA & IBRD countries)
2022-01-01,0.234023193,Europe & Central Asia (IDA & IBRD countries)
2023-01-01,0.287923407,Europe & Central Asia (IDA & IBRD countries)
2024-01-01,0.346423161,Europe & Central Asia (IDA & IBRD countries)
2025-01-01,0.128833015,Europe & Central Asia (IDA & IBRD countries)
2026-01-01,0.17805143,Europe & Central Asia (IDA & IBRD countries)
2027-01-01,0.231951644,Europe & Central Asia (IDA & IBRD countries)
2028-01-01,0.290451399,Europe & Central Asia (IDA & IBRD countries)
2029-01-01,0.072861253,Europe & Central Asia (IDA & IBRD countries)
2030-01-01,0.122079668,Europe & Central Asia (IDA & IBRD countries)
2021-01-01,0.198410184,Europe & Central Asia (excluding high income)
2022-01-01,0.243277357,Europe & Central Asia (excluding high income)
2023-01-01,0.292662337,Europe & Central Asia (excluding high income)
2024-01-01,0.346489364,Europe & Central Asia (excluding high income)
2025-01-01,0.145761101,Europe & Central Asia (excluding high income)
2026-01-01,0.190628274,Europe & Central Asia (excluding high income)
2027-01-01,0.240013254,Europe & Central Asia (excluding high income)
2028-01-01,0.293840281,Europe & Central Asia (excluding high income)
2029-01-01,0.093112018,Europe & Central Asia (excluding high income)
2030-01-01,0.13797919,Europe & Central Asia (excluding high income)
2021-01-01,0.010345957,European Union
2022-01-01,0.017646073,European Union
2023-01-01,0.025311474,European Union
2024-01-01,0.033331099,European Union
2025-01-01,0.004568311,European Union
2026-01-01,0.011868428,European Union
2027-01-01,0.019533829,European Union
2028-01-01,0.027553454,European Union
2029-01-01,-0.001209334,European Union
2030-01-01,0.006090783,European Union
2021-01-01,0,Faroe Islands
2022-01-01,0,Faroe Islands
2023-01-01,0,Faroe Islands
2024-01-01,0,Faroe Islands
2025-01-01,0,Faroe Islands
2026-01-01,0,Faroe Islands
2027-01-01,0,Faroe Islands
2028-01-01,0,Faroe Islands
2029-01-01,0,Faroe Islands
2030-01-01,0,Faroe Islands
2021-01-01,0,Fiji
2022-01-01,0,Fiji
2023-01-01,0,Fiji
2024-01-01,0,Fiji
2025-01-01,0,Fiji
2026-01-01,0,Fiji
2027-01-01,0,Fiji
2028-01-01,0,Fiji
2029-01-01,0,Fiji
2030-01-01,0,Fiji
2021-01-01,0,Finland
2022-01-01,0,Finland
2023-01-01,0,Finland
2024-01-01,0,Finland
2025-01-01,0,Finland
2026-01-01,0,Finland
2027-01-01,0,Finland
2028-01-01,0,Finland
2029-01-01,0,Finland
2030-01-01,0,Finland
2021-01-01,0.046092466,Fragile and conflict affected situations
2022-01-01,0.050442831,Fragile and conflict affected situations
2023-01-01,0.0551086,Fragile and conflict affected situations
2024-01-01,0.060085357,Fragile and conflict affected situations
2025-01-01,0.05020804,Fragile and conflict affected situations
2026-01-01,0.054558405,Fragile and conflict affected situations
2027-01-01,0.059224174,Fragile and conflict affected situations
2028-01-01,0.064200931,Fragile and conflict affected situations
2029-01-01,0.054323614,Fragile and conflict affected situations
2030-01-01,0.05867398,Fragile and conflict affected situations
2021-01-01,-0.000104737,France
2022-01-01,-0.000165019,France
2023-01-01,-0.000223749,France
2024-01-01,-0.000280884,France
2025-01-01,-0.000192583,France
2026-01-01,-0.000252865,France
2027-01-01,-0.000311595,France
2028-01-01,-0.00036873,France
2029-01-01,-0.000280428,France
2030-01-01,-0.00034071,France
2021-01-01,0,Gabon
2022-01-01,0,Gabon
2023-01-01,0,Gabon
2024-01-01,0,Gabon
2025-01-01,0,Gabon
2026-01-01,0,Gabon
2027-01-01,0,Gabon
2028-01-01,0,Gabon
2029-01-01,0,Gabon
2030-01-01,0,Gabon
2021-01-01,0,"Gambia, The"
2022-01-01,0,"Gambia, The"
2023-01-01,0,"Gambia, The"
2024-01-01,0,"Gambia, The"
2025-01-01,0,"Gambia, The"
2026-01-01,0,"Gambia, The"
2027-01-01,0,"Gambia, The"
2028-01-01,0,"Gambia, The"
2029-01-01,0,"Gambia, The"
2030-01-01,0,"Gambia, The"
2021-01-01,0.017202089,Georgia
2022-01-01,0.017511826,Georgia
2023-01-01,0.017855732,Georgia
2024-01-01,0.018234164,Georgia
2025-01-01,0.01975892,Georgia
2026-01-01,0.020068657,Georgia
2027-01-01,0.020412563,Georgia
2028-01-01,0.020790995,Georgia
2029-01-01,0.022315751,Georgia
2030-01-01,0.022625488,Georgia
2021-01-01,0.007491597,Germany
2022-01-01,0.016725467,Germany
2023-01-01,0.026429527,Germany
2024-01-01,0.036589119,Germany
2025-01-01,-0.00199951,Germany
2026-01-01,0.00723436,Germany
2027-01-01,0.016938421,Germany
2028-01-01,0.027098012,Germany
2029-01-01,-0.011490616,Germany
2030-01-01,-0.002256746,Germany
2021-01-01,0,Ghana
2022-01-01,0,Ghana
2023-01-01,0,Ghana
2024-01-01,0,Ghana
2025-01-01,0,Ghana
2026-01-01,0,Ghana
2027-01-01,0,Ghana
2028-01-01,0,Ghana
2029-01-01,0,Ghana
2030-01-01,0,Ghana
2021-01-01,0.01978546,Greece
2022-01-01,0.040271814,Greece
2023-01-01,0.061481748,Greece
2024-01-01,0.083385912,Greece
2025-01-01,0.008044866,Greece
2026-01-01,0.02853122,Greece
2027-01-01,0.049741154,Greece
2028-01-01,0.071645318,Greece
2029-01-01,-0.003695729,Greece
2030-01-01,0.016790625,Greece
2021-01-01,0,Greenland
2022-01-01,0,Greenland
2023-01-01,0,Greenland
2024-01-01,0,Greenland
2025-01-01,0,Greenland
2026-01-01,0,Greenland
2027-01-01,0,Greenland
2028-01-01,0,Greenland
2029-01-01,0,Greenland
2030-01-01,0,Greenland
2021-01-01,0,Grenada
2022-01-01,0,Grenada
2023-01-01,0,Grenada
2024-01-01,0,Grenada
2025-01-01,0,Grenada
2026-01-01,0,Grenada
2027-01-01,0,Grenada
2028-01-01,0,Grenada
2029-01-01,0,Grenada
2030-01-01,0,Grenada
2021-01-01,0,Guam
2022-01-01,0,Guam
2023-01-01,0,Guam
2024-01-01,0,Guam
2025-01-01,0,Guam
2026-01-01,0,Guam
2027-01-01,0,Guam
2028-01-01,0,Guam
2029-01-01,0,Guam
2030-01-01,0,Guam
2021-01-01,0,Guatemala
2022-01-01,0,Guatemala
2023-01-01,0,Guatemala
2024-01-01,0,Guatemala
2025-01-01,0,Guatemala
2026-01-01,0,Guatemala
2027-01-01,0,Guatemala
2028-01-01,0,Guatemala
2029-01-01,0,Guatemala
2030-01-01,0,Guatemala
2021-01-01,0,Guinea
2022-01-01,0,Guinea
2023-01-01,0,Guinea
2024-01-01,0,Guinea
2025-01-01,0,Guinea
2026-01-01,0,Guinea
2027-01-01,0,Guinea
2028-01-01,0,Guinea
2029-01-01,0,Guinea
2030-01-01,0,Guinea
2021-01-01,0,Guinea-Bissau
2022-01-01,0,Guinea-Bissau
2023-01-01,0,Guinea-Bissau
2024-01-01,0,Guinea-Bissau
2025-01-01,0,Guinea-Bissau
2026-01-01,0,Guinea-Bissau
2027-01-01,0,Guinea-Bissau
2028-01-01,0,Guinea-Bissau
2029-01-01,0,Guinea-Bissau
2030-01-01,0,Guinea-Bissau
2021-01-01,0,Guyana
2022-01-01,0,Guyana
2023-01-01,0,Guyana
2024-01-01,0,Guyana
2025-01-01,0,Guyana
2026-01-01,0,Guyana
2027-01-01,0,Guyana
2028-01-01,0,Guyana
2029-01-01,0,Guyana
2030-01-01,0,Guyana
2021-01-01,0,Haiti
2022-01-01,0,Haiti
2023-01-01,0,Haiti
2024-01-01,0,Haiti
2025-01-01,0,Haiti
2026-01-01,0,Haiti
2027-01-01,0,Haiti
2028-01-01,0,Haiti
2029-01-01,0,Haiti
2030-01-01,0,Haiti
2021-01-01,0.092681767,Heavily indebted poor countries (HIPC)
2022-01-01,0.094451103,Heavily indebted poor countries (HIPC)
2023-01-01,0.096571016,Heavily indebted poor countries (HIPC)
2024-01-01,0.099045218,Heavily indebted poor countries (HIPC)
2025-01-01,0.113318043,Heavily indebted poor countries (HIPC)
2026-01-01,0.115087379,Heavily indebted poor countries (HIPC)
2027-01-01,0.117207292,Heavily indebted poor countries (HIPC)
2028-01-01,0.119681494,Heavily indebted poor countries (HIPC)
2029-01-01,0.13395432,Heavily indebted poor countries (HIPC)
2030-01-01,0.135723655,Heavily indebted poor countries (HIPC)
2021-01-01,0.09834416,High income
2022-01-01,0.113551345,High income
2023-01-01,0.129642464,High income
2024-01-01,0.146596082,High income
2025-01-01,0.09197418,High income
2026-01-01,0.107181364,High income
2027-01-01,0.123272483,High income
2028-01-01,0.140226101,High income
2029-01-01,0.0856042,High income
2030-01-01,0.100811384,High income
2021-01-01,0,Honduras
2022-01-01,0,Honduras
2023-01-01,0,Honduras
2024-01-01,0,Honduras
2025-01-01,0,Honduras
2026-01-01,0,Honduras
2027-01-01,0,Honduras
2028-01-01,0,Honduras
2029-01-01,0,Honduras
2030-01-01,0,Honduras
2021-01-01,0,"Hong Kong SAR, China"
2022-01-01,0,"Hong Kong SAR, China"
2023-01-01,0,"Hong Kong SAR, China"
2024-01-01,0,"Hong Kong SAR, China"
2025-01-01,0,"Hong Kong SAR, China"
2026-01-01,0,"Hong Kong SAR, China"
2027-01-01,0,"Hong Kong SAR, China"
2028-01-01,0,"Hong Kong SAR, China"
2029-01-01,0,"Hong Kong SAR, China"
2030-01-01,0,"Hong Kong SAR, China"
2021-01-01,0.002582859,Hungary
2022-01-01,0.010935043,Hungary
2023-01-01,0.019678422,Hungary
2024-01-01,0.028799741,Hungary
2025-01-01,-0.006080133,Hungary
2026-01-01,0.002272051,Hungary
2027-01-01,0.01101543,Hungary
2028-01-01,0.020136748,Hungary
2029-01-01,-0.014743126,Hungary
2030-01-01,-0.006390942,Hungary
2021-01-01,0.395296881,IBRD only
2022-01-01,0.527788574,IBRD only
2023-01-01,0.666255242,IBRD only
2024-01-01,0.810513737,IBRD only
2025-01-01,0.345897725,IBRD only
2026-01-01,0.478389418,IBRD only
2027-01-01,0.616856086,IBRD only
2028-01-01,0.761114581,IBRD only
2029-01-01,0.29649857,IBRD only
2030-01-01,0.428990262,IBRD only
2021-01-01,0.371199899,IDA & IBRD total
2022-01-01,0.495206918,IDA & IBRD total
2023-01-01,0.624741748,IDA & IBRD total
2024-01-01,0.7596332,IDA & IBRD total
2025-01-01,0.325489649,IDA & IBRD total
2026-01-01,0.449496668,IDA & IBRD total
2027-01-01,0.579031497,IDA & IBRD total
2028-01-01,0.713922949,IDA & IBRD total
2029-01-01,0.279779399,IDA & IBRD total
2030-01-01,0.403786418,IDA & IBRD total
2021-01-01,0.014055466,IDA blend
2022-01-01,0.016471051,IDA blend
2023-01-01,0.019374838,IDA blend
2024-01-01,0.022760256,IDA blend
2025-01-01,0.003989543,IDA blend
2026-01-01,0.006405127,IDA blend
2027-01-01,0.009308915,IDA blend
2028-01-01,0.012694333,IDA blend
2029-01-01,-0.006076381,IDA blend
2030-01-01,-0.003660796,IDA blend
2021-01-01,0.072525783,IDA only
2022-01-01,0.077790952,IDA only
2023-01-01,0.083452753,IDA only
2024-01-01,0.089508347,IDA only
2025-01-01,0.085769892,IDA only
2026-01-01,0.091035061,IDA only
2027-01-01,0.096696863,IDA only
2028-01-01,0.102752456,IDA only
2029-01-01,0.099014001,IDA only
2030-01-01,0.10427917,IDA only
2021-01-01,0.045012462,IDA total
2022-01-01,0.048977655,IDA total
2023-01-01,0.053382002,IDA total
2024-01-01,0.058220839,IDA total
2025-01-01,0.047223793,IDA total
2026-01-01,0.051188986,IDA total
2027-01-01,0.055593333,IDA total
2028-01-01,0.06043217,IDA total
2029-01-01,0.049435123,IDA total
2030-01-01,0.053400316,IDA total
2021-01-01,0,Iceland
2022-01-01,0,Iceland
2023-01-01,0,Iceland
2024-01-01,0,Iceland
2025-01-01,0,Iceland
2026-01-01,0,Iceland
2027-01-01,0,Iceland
2028-01-01,0,Iceland
2029-01-01,0,Iceland
2030-01-01,0,Iceland
2021-01-01,0.959927738,India
2022-01-01,1.092736958,India
2023-01-01,1.239414708,India
2024-01-01,1.399780179,India
2025-01-01,0.949382252,India
2026-01-01,1.082191472,India
2027-01-01,1.228869222,India
2028-01-01,1.389234693,India
2029-01-01,0.938836766,India
2030-01-01,1.071645985,India
2021-01-01,0.937365622,Indonesia
2022-01-01,1.185742502,Indonesia
2023-01-01,1.44330771,Indonesia
2024-01-01,1.709749844,Indonesia
2025-01-01,0.942357268,Indonesia
2026-01-01,1.190734148,Indonesia
2027-01-01,1.448299355,Indonesia
2028-01-01,1.71474149,Indonesia
2029-01-01,0.947348914,Indonesia
2030-01-01,1.195725793,Indonesia
2021-01-01,0.005183762,"Iran, Islamic Rep."
2022-01-01,0.006025047,"Iran, Islamic Rep."
2023-01-01,0.006973272,"Iran, Islamic Rep."
2024-01-01,0.008026672,"Iran, Islamic Rep."
2025-01-01,0.003152394,"Iran, Islamic Rep."
2026-01-01,0.00399368,"Iran, Islamic Rep."
2027-01-01,0.004941904,"Iran, Islamic Rep."
2028-01-01,0.005995304,"Iran, Islamic Rep."
2029-01-01,0.001121026,"Iran, Islamic Rep."
2030-01-01,0.001962312,"Iran, Islamic Rep."
2021-01-01,0,Iraq
2022-01-01,0,Iraq
2023-01-01,0,Iraq
2024-01-01,0,Iraq
2025-01-01,0,Iraq
2026-01-01,0,Iraq
2027-01-01,0,Iraq
2028-01-01,0,Iraq
2029-01-01,0,Iraq
2030-01-01,0,Iraq
2021-01-01,0,Ireland
2022-01-01,0,Ireland
2023-01-01,0,Ireland
2024-01-01,0,Ireland
2025-01-01,0,Ireland
2026-01-01,0,Ireland
2027-01-01,0,Ireland
2028-01-01,0,Ireland
2029-01-01,0,Ireland
2030-01-01,0,Ireland
2021-01-01,0,Israel
2022-01-01,0,Israel
2023-01-01,0,Israel
2024-01-01,0,Israel
2025-01-01,0,Israel
2026-01-01,0,Israel
2027-01-01,0,Israel
2028-01-01,0,Israel
2029-01-01,0,Israel
2030-01-01,0,Israel
2021-01-01,-1.41E-05,Italy
2022-01-01,1.41E-05,Italy
2023-01-01,4.29E-05,Italy
2024-01-01,7.21E-05,Italy
2025-01-01,-3.46E-05,Italy
2026-01-01,-6.28E-06,Italy
2027-01-01,2.25E-05,Italy
2028-01-01,5.17E-05,Italy
2029-01-01,-5.50E-05,Italy
2030-01-01,-2.67E-05,Italy
2021-01-01,0,Jamaica
2022-01-01,0,Jamaica
2023-01-01,0,Jamaica
2024-01-01,0,Jamaica
2025-01-01,0,Jamaica
2026-01-01,0,Jamaica
2027-01-01,0,Jamaica
2028-01-01,0,Jamaica
2029-01-01,0,Jamaica
2030-01-01,0,Jamaica
2021-01-01,0.000476696,Japan
2022-01-01,0.000575012,Japan
2023-01-01,0.000679789,Japan
2024-01-01,0.000790906,Japan
2025-01-01,0.000495353,Japan
2026-01-01,0.000593669,Japan
2027-01-01,0.000698446,Japan
2028-01-01,0.000809563,Japan
2029-01-01,0.00051401,Japan
2030-01-01,0.000612326,Japan
2021-01-01,0,Jordan
2022-01-01,0,Jordan
2023-01-01,0,Jordan
2024-01-01,0,Jordan
2025-01-01,0,Jordan
2026-01-01,0,Jordan
2027-01-01,0,Jordan
2028-01-01,0,Jordan
2029-01-01,0,Jordan
2030-01-01,0,Jordan
2021-01-01,0.349316815,Kazakhstan
2022-01-01,0.561233856,Kazakhstan
2023-01-01,0.798487263,Kazakhstan
2024-01-01,1.060705968,Kazakhstan
2025-01-01,0.073591882,Kazakhstan
2026-01-01,0.285508923,Kazakhstan
2027-01-01,0.52276233,Kazakhstan
2028-01-01,0.784981035,Kazakhstan
2029-01-01,-0.202133051,Kazakhstan
2030-01-01,0.00978399,Kazakhstan
2021-01-01,0,Kenya
2022-01-01,0,Kenya
2023-01-01,0,Kenya
2024-01-01,0,Kenya
2025-01-01,0,Kenya
2026-01-01,0,Kenya
2027-01-01,0,Kenya
2028-01-01,0,Kenya
2029-01-01,0,Kenya
2030-01-01,0,Kenya
2021-01-01,0,Kiribati
2022-01-01,0,Kiribati
2023-01-01,0,Kiribati
2024-01-01,0,Kiribati
2025-01-01,0,Kiribati
2026-01-01,0,Kiribati
2027-01-01,0,Kiribati
2028-01-01,0,Kiribati
2029-01-01,0,Kiribati
2030-01-01,0,Kiribati
2021-01-01,0.000135248,"Korea, Rep."
2022-01-01,0.000881657,"Korea, Rep."
2023-01-01,0.001713731,"Korea, Rep."
2024-01-01,0.002630173,"Korea, Rep."
2025-01-01,-0.00080822,"Korea, Rep."
2026-01-01,-6.18E-05,"Korea, Rep."
2027-01-01,0.000770263,"Korea, Rep."
2028-01-01,0.001686705,"Korea, Rep."
2029-01-01,-0.001751688,"Korea, Rep."
2030-01-01,-0.00100528,"Korea, Rep."
2021-01-01,0.149330407,Kosovo
2022-01-01,0.341308176,Kosovo
2023-01-01,0.540070497,Kosovo
2024-01-01,0.745337352,Kosovo
2025-01-01,0.022086712,Kosovo
2026-01-01,0.214064481,Kosovo
2027-01-01,0.412826802,Kosovo
2028-01-01,0.618093657,Kosovo
2029-01-01,-0.105156984,Kosovo
2030-01-01,0.086820786,Kosovo
2021-01-01,0,Kuwait
2022-01-01,0,Kuwait
2023-01-01,0,Kuwait
2024-01-01,0,Kuwait
2025-01-01,0,Kuwait
2026-01-01,0,Kuwait
2027-01-01,0,Kuwait
2028-01-01,0,Kuwait
2029-01-01,0,Kuwait
2030-01-01,0,Kuwait
2021-01-01,0.155966905,Kyrgyz Republic
2022-01-01,0.19435457,Kyrgyz Republic
2023-01-01,0.233892916,Kyrgyz Republic
2024-01-01,0.274536808,Kyrgyz Republic
2025-01-01,0.165503177,Kyrgyz Republic
2026-01-01,0.203890842,Kyrgyz Republic
2027-01-01,0.243429188,Kyrgyz Republic
2028-01-01,0.28407308,Kyrgyz Republic
2029-01-01,0.175039449,Kyrgyz Republic
2030-01-01,0.213427114,Kyrgyz Republic
2021-01-01,0.560818655,Lao PDR
2022-01-01,0.628112592,Lao PDR
2023-01-01,0.695487206,Lao PDR
2024-01-01,0.762890735,Lao PDR
2025-01-01,0.660474547,Lao PDR
2026-01-01,0.727768484,Lao PDR
2027-01-01,0.795143098,Lao PDR
2028-01-01,0.862546627,Lao PDR
2029-01-01,0.76013044,Lao PDR
2030-01-01,0.827424376,Lao PDR
2021-01-01,0.340228903,Late-demographic dividend
2022-01-01,0.490842135,Late-demographic dividend
2023-01-01,0.647839333,Late-demographic dividend
2024-01-01,0.811008237,Late-demographic dividend
2025-01-01,0.269164841,Late-demographic dividend
2026-01-01,0.419778074,Late-demographic dividend
2027-01-01,0.576775272,Late-demographic dividend
2028-01-01,0.739944176,Late-demographic dividend
2029-01-01,0.19810078,Late-demographic dividend
2030-01-01,0.348714012,Late-demographic dividend
2021-01-01,0.045011544,Latin America & Caribbean
2022-01-01,0.059533638,Latin America & Caribbean
2023-01-01,0.074615424,Latin America & Caribbean
2024-01-01,0.090239896,Latin America & Caribbean
2025-01-01,0.049344592,Latin America & Caribbean
2026-01-01,0.063866687,Latin America & Caribbean
2027-01-01,0.078948473,Latin America & Caribbean
2028-01-01,0.094572944,Latin America & Caribbean
2029-01-01,0.05367764,Latin America & Caribbean
2030-01-01,0.068199735,Latin America & Caribbean
2021-01-01,0.050558415,Latin America & Caribbean (excluding high income)
2022-01-01,0.066419893,Latin America & Caribbean (excluding high income)
2023-01-01,0.082875465,Latin America & Caribbean (excluding high income)
2024-01-01,0.099906642,Latin America & Caribbean (excluding high income)
2025-01-01,0.055505198,Latin America & Caribbean (excluding high income)
2026-01-01,0.071366676,Latin America & Caribbean (excluding high income)
2027-01-01,0.087822248,Latin America & Caribbean (excluding high income)
2028-01-01,0.104853426,Latin America & Caribbean (excluding high income)
2029-01-01,0.060451982,Latin America & Caribbean (excluding high income)
2030-01-01,0.07631346,Latin America & Caribbean (excluding high income)
2021-01-01,0.046477693,Latin America & the Caribbean (IDA & IBRD countries)
2022-01-01,0.061598819,Latin America & the Caribbean (IDA & IBRD countries)
2023-01-01,0.077317296,Latin America & the Caribbean (IDA & IBRD countries)
2024-01-01,0.093615356,Latin America & the Caribbean (IDA & IBRD countries)
2025-01-01,0.050844809,Latin America & the Caribbean (IDA & IBRD countries)
2026-01-01,0.065965935,Latin America & the Caribbean (IDA & IBRD countries)
2027-01-01,0.081684412,Latin America & the Caribbean (IDA & IBRD countries)
2028-01-01,0.097982472,Latin America & the Caribbean (IDA & IBRD countries)
2029-01-01,0.055211924,Latin America & the Caribbean (IDA & IBRD countries)
2030-01-01,0.070333051,Latin America & the Caribbean (IDA & IBRD countries)
2021-01-01,0,Latvia
2022-01-01,0,Latvia
2023-01-01,0,Latvia
2024-01-01,0,Latvia
2025-01-01,0,Latvia
2026-01-01,0,Latvia
2027-01-01,0,Latvia
2028-01-01,0,Latvia
2029-01-01,0,Latvia
2030-01-01,0,Latvia
2021-01-01,0.072628881,Least developed countries: UN classification
2022-01-01,0.075452931,Least developed countries: UN classification
2023-01-01,0.078671858,Least developed countries: UN classification
2024-01-01,0.082286259,Least developed countries: UN classification
2025-01-01,0.08741026,Least developed countries: UN classification
2026-01-01,0.09023431,Least developed countries: UN classification
2027-01-01,0.093453237,Least developed countries: UN classification
2028-01-01,0.097067638,Least developed countries: UN classification
2029-01-01,0.102191639,Least developed countries: UN classification
2030-01-01,0.105015689,Least developed countries: UN classification
2021-01-01,0,Lebanon
2022-01-01,0,Lebanon
2023-01-01,0,Lebanon
2024-01-01,0,Lebanon
2025-01-01,0,Lebanon
2026-01-01,0,Lebanon
2027-01-01,0,Lebanon
2028-01-01,0,Lebanon
2029-01-01,0,Lebanon
2030-01-01,0,Lebanon
2021-01-01,0,Lesotho
2022-01-01,0,Lesotho
2023-01-01,0,Lesotho
2024-01-01,0,Lesotho
2025-01-01,0,Lesotho
2026-01-01,0,Lesotho
2027-01-01,0,Lesotho
2028-01-01,0,Lesotho
2029-01-01,0,Lesotho
2030-01-01,0,Lesotho
2021-01-01,0,Liberia
2022-01-01,0,Liberia
2023-01-01,0,Liberia
2024-01-01,0,Liberia
2025-01-01,0,Liberia
2026-01-01,0,Liberia
2027-01-01,0,Liberia
2028-01-01,0,Liberia
2029-01-01,0,Liberia
2030-01-01,0,Liberia
2021-01-01,0,Libya
2022-01-01,0,Libya
2023-01-01,0,Libya
2024-01-01,0,Libya
2025-01-01,0,Libya
2026-01-01,0,Libya
2027-01-01,0,Libya
2028-01-01,0,Libya
2029-01-01,0,Libya
2030-01-01,0,Libya
2021-01-01,0,Lithuania
2022-01-01,0,Lithuania
2023-01-01,0,Lithuania
2024-01-01,0,Lithuania
2025-01-01,0,Lithuania
2026-01-01,0,Lithuania
2027-01-01,0,Lithuania
2028-01-01,0,Lithuania
2029-01-01,0,Lithuania
2030-01-01,0,Lithuania
2021-01-01,0.383202396,Low & middle income
2022-01-01,0.511579951,Low & middle income
2023-01-01,0.645705227,Low & middle income
2024-01-01,0.785400958,Low & middle income
2025-01-01,0.335820744,Low & middle income
2026-01-01,0.464198299,Low & middle income
2027-01-01,0.598323575,Low & middle income
2028-01-01,0.738019305,Low & middle income
2029-01-01,0.288439092,Low & middle income
2030-01-01,0.416816647,Low & middle income
2021-01-01,0.173645675,Low income
2022-01-01,0.177065463,Low income
2023-01-01,0.180941726,Low income
2024-01-01,0.185281867,Low income
2025-01-01,0.213424556,Low income
2026-01-01,0.216844345,Low income
2027-01-01,0.220720608,Low income
2028-01-01,0.225060748,Low income
2029-01-01,0.253203438,Low income
2030-01-01,0.256623227,Low income
2021-01-01,0.525984905,Lower middle income
2022-01-01,0.608561644,Lower middle income
2023-01-01,0.695536899,Lower middle income
2024-01-01,0.786806637,Lower middle income
2025-01-01,0.53091116,Lower middle income
2026-01-01,0.613487898,Lower middle income
2027-01-01,0.700463153,Lower middle income
2028-01-01,0.791732892,Lower middle income
2029-01-01,0.535837414,Lower middle income
2030-01-01,0.618414153,Lower middle income
2021-01-01,0,Luxembourg
2022-01-01,0,Luxembourg
2023-01-01,0,Luxembourg
2024-01-01,0,Luxembourg
2025-01-01,0,Luxembourg
2026-01-01,0,Luxembourg
2027-01-01,0,Luxembourg
2028-01-01,0,Luxembourg
2029-01-01,0,Luxembourg
2030-01-01,0,Luxembourg
2021-01-01,0,"Macao SAR, China"
2022-01-01,0,"Macao SAR, China"
2023-01-01,0,"Macao SAR, China"
2024-01-01,0,"Macao SAR, China"
2025-01-01,0,"Macao SAR, China"
2026-01-01,0,"Macao SAR, China"
2027-01-01,0,"Macao SAR, China"
2028-01-01,0,"Macao SAR, China"
2029-01-01,0,"Macao SAR, China"
2030-01-01,0,"Macao SAR, China"
2021-01-01,0,Madagascar
2022-01-01,0,Madagascar
2023-01-01,0,Madagascar
2024-01-01,0,Madagascar
2025-01-01,0,Madagascar
2026-01-01,0,Madagascar
2027-01-01,0,Madagascar
2028-01-01,0,Madagascar
2029-01-01,0,Madagascar
2030-01-01,0,Madagascar
2021-01-01,0.018228151,Malawi
2022-01-01,0.022850432,Malawi
2023-01-01,0.027873697,Malawi
2024-01-01,0.033290323,Malawi
2025-01-01,0.013205039,Malawi
2026-01-01,0.01782732,Malawi
2027-01-01,0.022850585,Malawi
2028-01-01,0.028267211,Malawi
2029-01-01,0.008181927,Malawi
2030-01-01,0.012804208,Malawi
2021-01-01,0.026171368,Malaysia
2022-01-01,0.02938639,Malaysia
2023-01-01,0.032642756,Malaysia
2024-01-01,0.035937471,Malaysia
2025-01-01,0.029352361,Malaysia
2026-01-01,0.032567383,Malaysia
2027-01-01,0.035823749,Malaysia
2028-01-01,0.039118464,Malaysia
2029-01-01,0.032533355,Malaysia
2030-01-01,0.035748377,Malaysia
2021-01-01,0,Maldives
2022-01-01,0,Maldives
2023-01-01,0,Maldives
2024-01-01,0,Maldives
2025-01-01,0,Maldives
2026-01-01,0,Maldives
2027-01-01,0,Maldives
2028-01-01,0,Maldives
2029-01-01,0,Maldives
2030-01-01,0,Maldives
2021-01-01,0,Mali
2022-01-01,0,Mali
2023-01-01,0,Mali
2024-01-01,0,Mali
2025-01-01,0,Mali
2026-01-01,0,Mali
2027-01-01,0,Mali
2028-01-01,0,Mali
2029-01-01,0,Mali
2030-01-01,0,Mali
2021-01-01,0,Malta
2022-01-01,0,Malta
2023-01-01,0,Malta
2024-01-01,0,Malta
2025-01-01,0,Malta
2026-01-01,0,Malta
2027-01-01,0,Malta
2028-01-01,0,Malta
2029-01-01,0,Malta
2030-01-01,0,Malta
2021-01-01,0,Mauritania
2022-01-01,0,Mauritania
2023-01-01,0,Mauritania
2024-01-01,0,Mauritania
2025-01-01,0,Mauritania
2026-01-01,0,Mauritania
2027-01-01,0,Mauritania
2028-01-01,0,Mauritania
2029-01-01,0,Mauritania
2030-01-01,0,Mauritania
2021-01-01,0,Mauritius
2022-01-01,0,Mauritius
2023-01-01,0,Mauritius
2024-01-01,0,Mauritius
2025-01-01,0,Mauritius
2026-01-01,0,Mauritius
2027-01-01,0,Mauritius
2028-01-01,0,Mauritius
2029-01-01,0,Mauritius
2030-01-01,0,Mauritius
2021-01-01,0.033979977,Mexico
2022-01-01,0.04141884,Mexico
2023-01-01,0.048960301,Mexico
2024-01-01,0.05659572,Mexico
2025-01-01,0.035735651,Mexico
2026-01-01,0.043174515,Mexico
2027-01-01,0.050715976,Mexico
2028-01-01,0.058351395,Mexico
2029-01-01,0.037491326,Mexico
2030-01-01,0.04493019,Mexico
2021-01-01,0.000430572,Middle East & North Africa
2022-01-01,0.000551201,Middle East & North Africa
2023-01-01,0.000690563,Middle East & North Africa
2024-01-01,0.000848362,Middle East & North Africa
2025-01-01,3.76E-06,Middle East & North Africa
2026-01-01,0.000124384,Middle East & North Africa
2027-01-01,0.000263747,Middle East & North Africa
2028-01-01,0.000421546,Middle East & North Africa
2029-01-01,-0.000423061,Middle East & North Africa
2030-01-01,-0.000302433,Middle East & North Africa
2021-01-01,0.000970551,Middle East & North Africa (IDA & IBRD countries)
2022-01-01,0.001243635,Middle East & North Africa (IDA & IBRD countries)
2023-01-01,0.001558985,Middle East & North Africa (IDA & IBRD countries)
2024-01-01,0.001915943,Middle East & North Africa (IDA & IBRD countries)
2025-01-01,5.74E-05,Middle East & North Africa (IDA & IBRD countries)
2026-01-01,0.000330526,Middle East & North Africa (IDA & IBRD countries)
2027-01-01,0.000645877,Middle East & North Africa (IDA & IBRD countries)
2028-01-01,0.001002835,Middle East & North Africa (IDA & IBRD countries)
2029-01-01,-0.000855665,Middle East & North Africa (IDA & IBRD countries)
2030-01-01,-0.000582582,Middle East & North Africa (IDA & IBRD countries)
2021-01-01,0.000956168,Middle East & North Africa (excluding high income)
2022-01-01,0.001228942,Middle East & North Africa (excluding high income)
2023-01-01,0.001543684,Middle East & North Africa (excluding high income)
2024-01-01,0.00189974,Middle East & North Africa (excluding high income)
2025-01-01,4.83E-05,Middle East & North Africa (excluding high income)
2026-01-01,0.000321122,Middle East & North Africa (excluding high income)
2027-01-01,0.000635865,Middle East & North Africa (excluding high income)
2028-01-01,0.00099192,Middle East & North Africa (excluding high income)
2029-01-01,-0.000859471,Middle East & North Africa (excluding high income)
2030-01-01,-0.000586698,Middle East & North Africa (excluding high income)
2021-01-01,0.385416906,Middle income
2022-01-01,0.515457423,Middle income
2023-01-01,0.651328494,Middle income
2024-01-01,0.792850195,Middle income
2025-01-01,0.33626767,Middle income
2026-01-01,0.466308188,Middle income
2027-01-01,0.602179259,Middle income
2028-01-01,0.74370096,Middle income
2029-01-01,0.287118435,Middle income
2030-01-01,0.417158953,Middle income
2021-01-01,0,Moldova
2022-01-01,0,Moldova
2023-01-01,0,Moldova
2024-01-01,0,Moldova
2025-01-01,0,Moldova
2026-01-01,0,Moldova
2027-01-01,0,Moldova
2028-01-01,0,Moldova
2029-01-01,0,Moldova
2030-01-01,0,Moldova
2021-01-01,9.642539036,Mongolia
2022-01-01,10.34353896,Mongolia
2023-01-01,11.02408462,Mongolia
2024-01-01,11.68364161,Mongolia
2025-01-01,10.60534086,Mongolia
2026-01-01,11.30634079,Mongolia
2027-01-01,11.98688645,Mongolia
2028-01-01,12.64644344,Mongolia
2029-01-01,11.56814269,Mongolia
2030-01-01,12.26914262,Mongolia
2021-01-01,-0.169912583,Montenegro
2022-01-01,-0.097403315,Montenegro
2023-01-01,-0.025766033,Montenegro
2024-01-01,0.044866557,Montenegro
2025-01-01,-0.320315276,Montenegro
2026-01-01,-0.247806008,Montenegro
2027-01-01,-0.176168726,Montenegro
2028-01-01,-0.105536136,Montenegro
2029-01-01,-0.470717969,Montenegro
2030-01-01,-0.398208701,Montenegro
2021-01-01,-0.000183299,Morocco
2022-01-01,-0.000151151,Morocco
2023-01-01,-0.000113175,Morocco
2024-01-01,-6.94E-05,Morocco
2025-01-01,-0.000254507,Morocco
2026-01-01,-0.000222359,Morocco
2027-01-01,-0.000184383,Morocco
2028-01-01,-0.000140646,Morocco
2029-01-01,-0.000325715,Morocco
2030-01-01,-0.000293567,Morocco
2021-01-01,3.798675838,Mozambique
2022-01-01,3.816392312,Mozambique
2023-01-01,3.846536709,Mozambique
2024-01-01,3.889344168,Mozambique
2025-01-01,4.690935931,Mozambique
2026-01-01,4.708652404,Mozambique
2027-01-01,4.738796802,Mozambique
2028-01-01,4.78160426,Mozambique
2029-01-01,5.583196024,Mozambique
2030-01-01,5.600912497,Mozambique
2021-01-01,-0.007616471,Myanmar
2022-01-01,0.000276131,Myanmar
2023-01-01,0.00868189,Myanmar
2024-01-01,0.017586047,Myanmar
2025-01-01,-0.022559198,Myanmar
2026-01-01,-0.014666597,Myanmar
2027-01-01,-0.006260837,Myanmar
2028-01-01,0.00264332,Myanmar
2029-01-01,-0.037501926,Myanmar
2030-01-01,-0.029609324,Myanmar
2021-01-01,0,Namibia
2022-01-01,0,Namibia
2023-01-01,0,Namibia
2024-01-01,0,Namibia
2025-01-01,0,Namibia
2026-01-01,0,Namibia
2027-01-01,0,Namibia
2028-01-01,0,Namibia
2029-01-01,0,Namibia
2030-01-01,0,Namibia
2021-01-01,0,Nauru
2022-01-01,0,Nauru
2023-01-01,0,Nauru
2024-01-01,0,Nauru
2025-01-01,0,Nauru
2026-01-01,0,Nauru
2027-01-01,0,Nauru
2028-01-01,0,Nauru
2029-01-01,0,Nauru
2030-01-01,0,Nauru
2021-01-01,0.003859117,Nepal
2022-01-01,0.004283768,Nepal
2023-01-01,0.004751739,Nepal
2024-01-01,0.005262406,Nepal
2025-01-01,0.003660044,Nepal
2026-01-01,0.004084694,Nepal
2027-01-01,0.004552665,Nepal
2028-01-01,0.005063333,Nepal
2029-01-01,0.00346097,Nepal
2030-01-01,0.003885621,Nepal
2021-01-01,0,Netherlands
2022-01-01,0,Netherlands
2023-01-01,0,Netherlands
2024-01-01,0,Netherlands
2025-01-01,0,Netherlands
2026-01-01,0,Netherlands
2027-01-01,0,Netherlands
2028-01-01,0,Netherlands
2029-01-01,0,Netherlands
2030-01-01,0,Netherlands
2021-01-01,0.037130522,New Zealand
2022-01-01,0.047307331,New Zealand
2023-01-01,0.058028584,New Zealand
2024-01-01,0.069276991,New Zealand
2025-01-01,0.022931825,New Zealand
2026-01-01,0.033108634,New Zealand
2027-01-01,0.043829886,New Zealand
2028-01-01,0.055078294,New Zealand
2029-01-01,0.008733128,New Zealand
2030-01-01,0.018909936,New Zealand
2021-01-01,0,Nicaragua
2022-01-01,0,Nicaragua
2023-01-01,0,Nicaragua
2024-01-01,0,Nicaragua
2025-01-01,0,Nicaragua
2026-01-01,0,Nicaragua
2027-01-01,0,Nicaragua
2028-01-01,0,Nicaragua
2029-01-01,0,Nicaragua
2030-01-01,0,Nicaragua
2021-01-01,0.017491569,Niger
2022-01-01,0.025204938,Niger
2023-01-01,0.033209933,Niger
2024-01-01,0.04149432,Niger
2025-01-01,0.009178932,Niger
2026-01-01,0.0168923,Niger
2027-01-01,0.024897296,Niger
2028-01-01,0.033181682,Niger
2029-01-01,0.000866294,Niger
2030-01-01,0.008579663,Niger
2021-01-01,0.000321185,Nigeria
2022-01-01,0.000384557,Nigeria
2023-01-01,0.000448502,Nigeria
2024-01-01,0.000512945,Nigeria
2025-01-01,0.000336079,Nigeria
2026-01-01,0.000399451,Nigeria
2027-01-01,0.000463395,Nigeria
2028-01-01,0.000527839,Nigeria
2029-01-01,0.000350973,Nigeria
2030-01-01,0.000414345,Nigeria
2021-01-01,0.171273056,North America
2022-01-01,0.1994924,North America
2023-01-01,0.229606572,North America
2024-01-01,0.261573464,North America
2025-01-01,0.152778615,North America
2026-01-01,0.180997959,North America
2027-01-01,0.21111213,North America
2028-01-01,0.243079022,North America
2029-01-01,0.134284173,North America
2030-01-01,0.162503517,North America
2021-01-01,-0.2413151,North Macedonia
2022-01-01,-0.083520951,North Macedonia
2023-01-01,0.080112329,North Macedonia
2024-01-01,0.249333564,North Macedonia
2025-01-01,-0.413236934,North Macedonia
2026-01-01,-0.255442785,North Macedonia
2027-01-01,-0.091809505,North Macedonia
2028-01-01,0.077411729,North Macedonia
2029-01-01,-0.585158768,North Macedonia
2030-01-01,-0.427364619,North Macedonia
2021-01-01,-0.004883211,Norway
2022-01-01,-0.000637425,Norway
2023-01-01,0.00384812,Norway
2024-01-01,0.008566943,Norway
2025-01-01,-0.00829078,Norway
2026-01-01,-0.004044994,Norway
2027-01-01,0.000440551,Norway
2028-01-01,0.005159374,Norway
2029-01-01,-0.011698349,Norway
2030-01-01,-0.007452563,Norway
2021-01-01,0.105839154,OECD members
2022-01-01,0.122922391,OECD members
2023-01-01,0.140953283,OECD members
2024-01-01,0.159908381,OECD members
2025-01-01,0.100597577,OECD members
2026-01-01,0.117680813,OECD members
2027-01-01,0.135711705,OECD members
2028-01-01,0.154666803,OECD members
2029-01-01,0.095355999,OECD members
2030-01-01,0.112439236,OECD members
2021-01-01,0,Oman
2022-01-01,0,Oman
2023-01-01,0,Oman
2024-01-01,0,Oman
2025-01-01,0,Oman
2026-01-01,0,Oman
2027-01-01,0,Oman
2028-01-01,0,Oman
2029-01-01,0,Oman
2030-01-01,0,Oman
2021-01-01,0.01150861,Other small states
2022-01-01,0.013903737,Other small states
2023-01-01,0.016608875,Other small states
2024-01-01,0.019620047,Other small states
2025-01-01,0.009165206,Other small states
2026-01-01,0.011560333,Other small states
2027-01-01,0.014265471,Other small states
2028-01-01,0.017276643,Other small states
2029-01-01,0.006821802,Other small states
2030-01-01,0.009216929,Other small states
2021-01-01,0,Pacific island small states
2022-01-01,0,Pacific island small states
2023-01-01,0,Pacific island small states
2024-01-01,0,Pacific island small states
2025-01-01,0,Pacific island small states
2026-01-01,0,Pacific island small states
2027-01-01,0,Pacific island small states
2028-01-01,0,Pacific island small states
2029-01-01,0,Pacific island small states
2030-01-01,0,Pacific island small states
2021-01-01,0.041837429,Pakistan
2022-01-01,0.049071999,Pakistan
2023-01-01,0.056946656,Pakistan
2024-01-01,0.065450364,Pakistan
2025-01-01,0.036953429,Pakistan
2026-01-01,0.044187999,Pakistan
2027-01-01,0.052062656,Pakistan
2028-01-01,0.060566364,Pakistan
2029-01-01,0.032069429,Pakistan
2030-01-01,0.039303999,Pakistan
2021-01-01,0,Panama
2022-01-01,0,Panama
2023-01-01,0,Panama
2024-01-01,0,Panama
2025-01-01,0,Panama
2026-01-01,0,Panama
2027-01-01,0,Panama
2028-01-01,0,Panama
2029-01-01,0,Panama
2030-01-01,0,Panama
2021-01-01,0,Papua New Guinea
2022-01-01,0,Papua New Guinea
2023-01-01,0,Papua New Guinea
2024-01-01,0,Papua New Guinea
2025-01-01,0,Papua New Guinea
2026-01-01,0,Papua New Guinea
2027-01-01,0,Papua New Guinea
2028-01-01,0,Papua New Guinea
2029-01-01,0,Papua New Guinea
2030-01-01,0,Papua New Guinea
2021-01-01,0,Paraguay
2022-01-01,0,Paraguay
2023-01-01,0,Paraguay
2024-01-01,0,Paraguay
2025-01-01,0,Paraguay
2026-01-01,0,Paraguay
2027-01-01,0,Paraguay
2028-01-01,0,Paraguay
2029-01-01,0,Paraguay
2030-01-01,0,Paraguay
2021-01-01,0.003489287,Peru
2022-01-01,0.004132963,Peru
2023-01-01,0.004818664,Peru
2024-01-01,0.005545721,Peru
2025-01-01,0.004037202,Peru
2026-01-01,0.004680878,Peru
2027-01-01,0.005366578,Peru
2028-01-01,0.006093635,Peru
2029-01-01,0.004585116,Peru
2030-01-01,0.005228792,Peru
2021-01-01,0.065406273,Philippines
2022-01-01,0.076837177,Philippines
2023-01-01,0.088475649,Philippines
2024-01-01,0.100309239,Philippines
2025-01-01,0.070953039,Philippines
2026-01-01,0.082383943,Philippines
2027-01-01,0.094022415,Philippines
2028-01-01,0.105856005,Philippines
2029-01-01,0.076499804,Philippines
2030-01-01,0.087930709,Philippines
2021-01-01,0.126651223,Poland
2022-01-01,0.206110917,Poland
2023-01-01,0.291443661,Poland
2024-01-01,0.38252001,Poland
2025-01-01,0.041117909,Poland
2026-01-01,0.120577603,Poland
2027-01-01,0.205910347,Poland
2028-01-01,0.296986696,Poland
2029-01-01,-0.044415406,Poland
2030-01-01,0.035044289,Poland
2021-01-01,0,Portugal
2022-01-01,0,Portugal
2023-01-01,0,Portugal
2024-01-01,0,Portugal
2025-01-01,0,Portugal
2026-01-01,0,Portugal
2027-01-01,0,Portugal
2028-01-01,0,Portugal
2029-01-01,0,Portugal
2030-01-01,0,Portugal
2021-01-01,0.105783884,Post-demographic dividend
2022-01-01,0.121954902,Post-demographic dividend
2023-01-01,0.139071872,Post-demographic dividend
2024-01-01,0.15711226,Post-demographic dividend
2025-01-01,0.099883896,Post-demographic dividend
2026-01-01,0.116054913,Post-demographic dividend
2027-01-01,0.133171883,Post-demographic dividend
2028-01-01,0.151212271,Post-demographic dividend
2029-01-01,0.093983907,Post-demographic dividend
2030-01-01,0.110154925,Post-demographic dividend
2021-01-01,0.050508404,Pre-demographic dividend
2022-01-01,0.05113074,Pre-demographic dividend
2023-01-01,0.051900841,Pre-demographic dividend
2024-01-01,0.052821194,Pre-demographic dividend
2025-01-01,0.061746919,Pre-demographic dividend
2026-01-01,0.062369255,Pre-demographic dividend
2027-01-01,0.063139356,Pre-demographic dividend
2028-01-01,0.06405971,Pre-demographic dividend
2029-01-01,0.072985435,Pre-demographic dividend
2030-01-01,0.073607771,Pre-demographic dividend
2021-01-01,0,Puerto Rico
2022-01-01,0,Puerto Rico
2023-01-01,0,Puerto Rico
2024-01-01,0,Puerto Rico
2025-01-01,0,Puerto Rico
2026-01-01,0,Puerto Rico
2027-01-01,0,Puerto Rico
2028-01-01,0,Puerto Rico
2029-01-01,0,Puerto Rico
2030-01-01,0,Puerto Rico
2021-01-01,0,Qatar
2022-01-01,0,Qatar
2023-01-01,0,Qatar
2024-01-01,0,Qatar
2025-01-01,0,Qatar
2026-01-01,0,Qatar
2027-01-01,0,Qatar
2028-01-01,0,Qatar
2029-01-01,0,Qatar
2030-01-01,0,Qatar
2021-01-01,-0.022117085,Romania
2022-01-01,0.006561483,Romania
2023-01-01,0.036588009,Romania
2024-01-01,0.067915396,Romania
2025-01-01,-0.057030593,Romania
2026-01-01,-0.028352026,Romania
2027-01-01,0.001674501,Romania
2028-01-01,0.033001888,Romania
2029-01-01,-0.091944101,Romania
2030-01-01,-0.063265534,Romania
2021-01-01,0.320584376,Russian Federation
2022-01-01,0.36152613,Russian Federation
2023-01-01,0.408435117,Russian Federation
2024-01-01,0.461239509,Russian Federation
2025-01-01,0.270558359,Russian Federation
2026-01-01,0.311500113,Russian Federation
2027-01-01,0.3584091,Russian Federation
2028-01-01,0.411213492,Russian Federation
2029-01-01,0.220532342,Russian Federation
2030-01-01,0.261474096,Russian Federation
2021-01-01,0,Rwanda
2022-01-01,0,Rwanda
2023-01-01,0,Rwanda
2024-01-01,0,Rwanda
2025-01-01,0,Rwanda
2026-01-01,0,Rwanda
2027-01-01,0,Rwanda
2028-01-01,0,Rwanda
2029-01-01,0,Rwanda
2030-01-01,0,Rwanda
2021-01-01,0,Samoa
2022-01-01,0,Samoa
2023-01-01,0,Samoa
2024-01-01,0,Samoa
2025-01-01,0,Samoa
2026-01-01,0,Samoa
2027-01-01,0,Samoa
2028-01-01,0,Samoa
2029-01-01,0,Samoa
2030-01-01,0,Samoa
2021-01-01,0,Sao Tome and Principe
2022-01-01,0,Sao Tome and Principe
2023-01-01,0,Sao Tome and Principe
2024-01-01,0,Sao Tome and Principe
2025-01-01,0,Sao Tome and Principe
2026-01-01,0,Sao Tome and Principe
2027-01-01,0,Sao Tome and Principe
2028-01-01,0,Sao Tome and Principe
2029-01-01,0,Sao Tome and Principe
2030-01-01,0,Sao Tome and Principe
2021-01-01,0,Saudi Arabia
2022-01-01,0,Saudi Arabia
2023-01-01,0,Saudi Arabia
2024-01-01,0,Saudi Arabia
2025-01-01,0,Saudi Arabia
2026-01-01,0,Saudi Arabia
2027-01-01,0,Saudi Arabia
2028-01-01,0,Saudi Arabia
2029-01-01,0,Saudi Arabia
2030-01-01,0,Saudi Arabia
2021-01-01,0,Senegal
2022-01-01,0,Senegal
2023-01-01,0,Senegal
2024-01-01,0,Senegal
2025-01-01,0,Senegal
2026-01-01,0,Senegal
2027-01-01,0,Senegal
2028-01-01,0,Senegal
2029-01-01,0,Senegal
2030-01-01,0,Senegal
2021-01-01,0.015000717,Serbia
2022-01-01,0.144743825,Serbia
2023-01-01,0.28153436,Serbia
2024-01-01,0.425166798,Serbia
2025-01-01,-0.114615466,Serbia
2026-01-01,0.015127643,Serbia
2027-01-01,0.151918177,Serbia
2028-01-01,0.295550615,Serbia
2029-01-01,-0.244231648,Serbia
2030-01-01,-0.11448854,Serbia
2021-01-01,0,Seychelles
2022-01-01,0,Seychelles
2023-01-01,0,Seychelles
2024-01-01,0,Seychelles
2025-01-01,0,Seychelles
2026-01-01,0,Seychelles
2027-01-01,0,Seychelles
2028-01-01,0,Seychelles
2029-01-01,0,Seychelles
2030-01-01,0,Seychelles
2021-01-01,0,Sierra Leone
2022-01-01,0,Sierra Leone
2023-01-01,0,Sierra Leone
2024-01-01,0,Sierra Leone
2025-01-01,0,Sierra Leone
2026-01-01,0,Sierra Leone
2027-01-01,0,Sierra Leone
2028-01-01,0,Sierra Leone
2029-01-01,0,Sierra Leone
2030-01-01,0,Sierra Leone
2021-01-01,0,Singapore
2022-01-01,0,Singapore
2023-01-01,0,Singapore
2024-01-01,0,Singapore
2025-01-01,0,Singapore
2026-01-01,0,Singapore
2027-01-01,0,Singapore
2028-01-01,0,Singapore
2029-01-01,0,Singapore
2030-01-01,0,Singapore
2021-01-01,-0.001504142,Slovak Republic
2022-01-01,0.002657366,Slovak Republic
2023-01-01,0.007121611,Slovak Republic
2024-01-01,0.011881332,Slovak Republic
2025-01-01,-0.007566029,Slovak Republic
2026-01-01,-0.003404522,Slovak Republic
2027-01-01,0.001059724,Slovak Republic
2028-01-01,0.005819444,Slovak Republic
2029-01-01,-0.013627917,Slovak Republic
2030-01-01,-0.009466409,Slovak Republic
2021-01-01,0.011852698,Slovenia
2022-01-01,0.030299739,Slovenia
2023-01-01,0.049279196,Slovenia
2024-01-01,0.068764172,Slovenia
2025-01-01,-0.000765022,Slovenia
2026-01-01,0.017682018,Slovenia
2027-01-01,0.036661475,Slovenia
2028-01-01,0.056146451,Slovenia
2029-01-01,-0.013382743,Slovenia
2030-01-01,0.005064297,Slovenia
2021-01-01,0.010561168,Small states
2022-01-01,0.012713087,Small states
2023-01-01,0.015097908,Small states
2024-01-01,0.017712355,Small states
2025-01-01,0.009247712,Small states
2026-01-01,0.01139963,Small states
2027-01-01,0.013784452,Small states
2028-01-01,0.016398898,Small states
2029-01-01,0.007934255,Small states
2030-01-01,0.010086174,Small states
2021-01-01,0,Solomon Islands
2022-01-01,0,Solomon Islands
2023-01-01,0,Solomon Islands
2024-01-01,0,Solomon Islands
2025-01-01,0,Solomon Islands
2026-01-01,0,Solomon Islands
2027-01-01,0,Solomon Islands
2028-01-01,0,Solomon Islands
2029-01-01,0,Solomon Islands
2030-01-01,0,Solomon Islands
2021-01-01,1.609815832,South Africa
2022-01-01,1.971792585,South Africa
2023-01-01,2.379013513,South Africa
2024-01-01,2.830914478,South Africa
2025-01-01,1.374942781,South Africa
2026-01-01,1.736919534,South Africa
2027-01-01,2.144140462,South Africa
2028-01-01,2.596041426,South Africa
2029-01-01,1.140069729,South Africa
2030-01-01,1.502046482,South Africa
2021-01-01,0.778386303,South Asia
2022-01-01,0.885976978,South Asia
2023-01-01,1.003688373,South Asia
2024-01-01,1.131376773,South Asia
2025-01-01,0.774651767,South Asia
2026-01-01,0.882242442,South Asia
2027-01-01,0.999953837,South Asia
2028-01-01,1.127642236,South Asia
2029-01-01,0.770917231,South Asia
2030-01-01,0.878507905,South Asia
2021-01-01,0.778386303,South Asia (IDA & IBRD)
2022-01-01,0.885976978,South Asia (IDA & IBRD)
2023-01-01,1.003688373,South Asia (IDA & IBRD)
2024-01-01,1.131376773,South Asia (IDA & IBRD)
2025-01-01,0.774651767,South Asia (IDA & IBRD)
2026-01-01,0.882242442,South Asia (IDA & IBRD)
2027-01-01,0.999953837,South Asia (IDA & IBRD)
2028-01-01,1.127642236,South Asia (IDA & IBRD)
2029-01-01,0.770917231,South Asia (IDA & IBRD)
2030-01-01,0.878507905,South Asia (IDA & IBRD)
2021-01-01,0,South Sudan
2022-01-01,0,South Sudan
2023-01-01,0,South Sudan
2024-01-01,0,South Sudan
2025-01-01,0,South Sudan
2026-01-01,0,South Sudan
2027-01-01,0,South Sudan
2028-01-01,0,South Sudan
2029-01-01,0,South Sudan
2030-01-01,0,South Sudan
2021-01-01,-0.00275342,Spain
2022-01-01,-0.001207885,Spain
2023-01-01,0.000475048,Spain
2024-01-01,0.002292405,Spain
2025-01-01,-0.005827005,Spain
2026-01-01,-0.004281471,Spain
2027-01-01,-0.002598537,Spain
2028-01-01,-0.000781181,Spain
2029-01-01,-0.008900591,Spain
2030-01-01,-0.007355056,Spain
2021-01-01,0,Sri Lanka
2022-01-01,0,Sri Lanka
2023-01-01,0,Sri Lanka
2024-01-01,0,Sri Lanka
2025-01-01,0,Sri Lanka
2026-01-01,0,Sri Lanka
2027-01-01,0,Sri Lanka
2028-01-01,0,Sri Lanka
2029-01-01,0,Sri Lanka
2030-01-01,0,Sri Lanka
2021-01-01,0,St. Kitts and Nevis
2022-01-01,0,St. Kitts and Nevis
2023-01-01,0,St. Kitts and Nevis
2024-01-01,0,St. Kitts and Nevis
2025-01-01,0,St. Kitts and Nevis
2026-01-01,0,St. Kitts and Nevis
2027-01-01,0,St. Kitts and Nevis
2028-01-01,0,St. Kitts and Nevis
2029-01-01,0,St. Kitts and Nevis
2030-01-01,0,St. Kitts and Nevis
2021-01-01,0,St. Lucia
2022-01-01,0,St. Lucia
2023-01-01,0,St. Lucia
2024-01-01,0,St. Lucia
2025-01-01,0,St. Lucia
2026-01-01,0,St. Lucia
2027-01-01,0,St. Lucia
2028-01-01,0,St. Lucia
2029-01-01,0,St. Lucia
2030-01-01,0,St. Lucia
2021-01-01,0,St. Vincent and the Grenadines
2022-01-01,0,St. Vincent and the Grenadines
2023-01-01,0,St. Vincent and the Grenadines
2024-01-01,0,St. Vincent and the Grenadines
2025-01-01,0,St. Vincent and the Grenadines
2026-01-01,0,St. Vincent and the Grenadines
2027-01-01,0,St. Vincent and the Grenadines
2028-01-01,0,St. Vincent and the Grenadines
2029-01-01,0,St. Vincent and the Grenadines
2030-01-01,0,St. Vincent and the Grenadines
2021-01-01,0.246500677,Sub-Saharan Africa
2022-01-01,0.323274899,Sub-Saharan Africa
2023-01-01,0.411261744,Sub-Saharan Africa
2024-01-01,0.510313215,Sub-Saharan Africa
2025-01-01,0.110218607,Sub-Saharan Africa
2026-01-01,0.186992829,Sub-Saharan Africa
2027-01-01,0.274979674,Sub-Saharan Africa
2028-01-01,0.374031145,Sub-Saharan Africa
2029-01-01,-0.026063463,Sub-Saharan Africa
2030-01-01,0.050710759,Sub-Saharan Africa
2021-01-01,0.246500678,Sub-Saharan Africa (IDA & IBRD countries)
2022-01-01,0.3232749,Sub-Saharan Africa (IDA & IBRD countries)
2023-01-01,0.411261744,Sub-Saharan Africa (IDA & IBRD countries)
2024-01-01,0.510313216,Sub-Saharan Africa (IDA & IBRD countries)
2025-01-01,0.110218607,Sub-Saharan Africa (IDA & IBRD countries)
2026-01-01,0.18699283,Sub-Saharan Africa (IDA & IBRD countries)
2027-01-01,0.274979674,Sub-Saharan Africa (IDA & IBRD countries)
2028-01-01,0.374031146,Sub-Saharan Africa (IDA & IBRD countries)
2029-01-01,-0.026063463,Sub-Saharan Africa (IDA & IBRD countries)
2030-01-01,0.05071076,Sub-Saharan Africa (IDA & IBRD countries)
2021-01-01,0.251385811,Sub-Saharan Africa (excluding high income)
2022-01-01,0.328084728,Sub-Saharan Africa (excluding high income)
2023-01-01,0.415962274,Sub-Saharan Africa (excluding high income)
2024-01-01,0.514870964,Sub-Saharan Africa (excluding high income)
2025-01-01,0.116340309,Sub-Saharan Africa (excluding high income)
2026-01-01,0.193039226,Sub-Saharan Africa (excluding high income)
2027-01-01,0.280916772,Sub-Saharan Africa (excluding high income)
2028-01-01,0.379825462,Sub-Saharan Africa (excluding high income)
2029-01-01,-0.018705193,Sub-Saharan Africa (excluding high income)
2030-01-01,0.057993724,Sub-Saharan Africa (excluding high income)
2021-01-01,0,Sudan
2022-01-01,0,Sudan
2023-01-01,0,Sudan
2024-01-01,0,Sudan
2025-01-01,0,Sudan
2026-01-01,0,Sudan
2027-01-01,0,Sudan
2028-01-01,0,Sudan
2029-01-01,0,Sudan
2030-01-01,0,Sudan
2021-01-01,0,Suriname
2022-01-01,0,Suriname
2023-01-01,0,Suriname
2024-01-01,0,Suriname
2025-01-01,0,Suriname
2026-01-01,0,Suriname
2027-01-01,0,Suriname
2028-01-01,0,Suriname
2029-01-01,0,Suriname
2030-01-01,0,Suriname
2021-01-01,0,Sweden
2022-01-01,0,Sweden
2023-01-01,0,Sweden
2024-01-01,0,Sweden
2025-01-01,0,Sweden
2026-01-01,0,Sweden
2027-01-01,0,Sweden
2028-01-01,0,Sweden
2029-01-01,0,Sweden
2030-01-01,0,Sweden
2021-01-01,0,Switzerland
2022-01-01,0,Switzerland
2023-01-01,0,Switzerland
2024-01-01,0,Switzerland
2025-01-01,0,Switzerland
2026-01-01,0,Switzerland
2027-01-01,0,Switzerland
2028-01-01,0,Switzerland
2029-01-01,0,Switzerland
2030-01-01,0,Switzerland
2021-01-01,0,Syrian Arab Republic
2022-01-01,0,Syrian Arab Republic
2023-01-01,0,Syrian Arab Republic
2024-01-01,0,Syrian Arab Republic
2025-01-01,0,Syrian Arab Republic
2026-01-01,0,Syrian Arab Republic
2027-01-01,0,Syrian Arab Republic
2028-01-01,0,Syrian Arab Republic
2029-01-01,0,Syrian Arab Republic
2030-01-01,0,Syrian Arab Republic
2021-01-01,0.379421633,Tajikistan
2022-01-01,0.399620976,Tajikistan
2023-01-01,0.420584461,Tajikistan
2024-01-01,0.442312618,Tajikistan
2025-01-01,0.464350779,Tajikistan
2026-01-01,0.484550122,Tajikistan
2027-01-01,0.505513607,Tajikistan
2028-01-01,0.527241764,Tajikistan
2029-01-01,0.549279924,Tajikistan
2030-01-01,0.569479268,Tajikistan
2021-01-01,0.018422081,Tanzania
2022-01-01,0.018812862,Tanzania
2023-01-01,0.019311058,Tanzania
2024-01-01,0.019916943,Tanzania
2025-01-01,0.021338656,Tanzania
2026-01-01,0.021729437,Tanzania
2027-01-01,0.022227633,Tanzania
2028-01-01,0.022833519,Tanzania
2029-01-01,0.024255232,Tanzania
2030-01-01,0.024646013,Tanzania
2021-01-01,0.002531692,Thailand
2022-01-01,0.014281491,Thailand
2023-01-01,0.026907433,Thailand
2024-01-01,0.040387861,Thailand
2025-01-01,-0.018238965,Thailand
2026-01-01,-0.006489166,Thailand
2027-01-01,0.006136776,Thailand
2028-01-01,0.019617204,Thailand
2029-01-01,-0.039009622,Thailand
2030-01-01,-0.027259823,Thailand
2021-01-01,0,Timor-Leste
2022-01-01,0,Timor-Leste
2023-01-01,0,Timor-Leste
2024-01-01,0,Timor-Leste
2025-01-01,0,Timor-Leste
2026-01-01,0,Timor-Leste
2027-01-01,0,Timor-Leste
2028-01-01,0,Timor-Leste
2029-01-01,0,Timor-Leste
2030-01-01,0,Timor-Leste
2021-01-01,0,Togo
2022-01-01,0,Togo
2023-01-01,0,Togo
2024-01-01,0,Togo
2025-01-01,0,Togo
2026-01-01,0,Togo
2027-01-01,0,Togo
2028-01-01,0,Togo
2029-01-01,0,Togo
2030-01-01,0,Togo
2021-01-01,0,Tonga
2022-01-01,0,Tonga
2023-01-01,0,Tonga
2024-01-01,0,Tonga
2025-01-01,0,Tonga
2026-01-01,0,Tonga
2027-01-01,0,Tonga
2028-01-01,0,Tonga
2029-01-01,0,Tonga
2030-01-01,0,Tonga
2021-01-01,0,Trinidad and Tobago
2022-01-01,0,Trinidad and Tobago
2023-01-01,0,Trinidad and Tobago
2024-01-01,0,Trinidad and Tobago
2025-01-01,0,Trinidad and Tobago
2026-01-01,0,Trinidad and Tobago
2027-01-01,0,Trinidad and Tobago
2028-01-01,0,Trinidad and Tobago
2029-01-01,0,Trinidad and Tobago
2030-01-01,0,Trinidad and Tobago
2021-01-01,0,Tunisia
2022-01-01,0,Tunisia
2023-01-01,0,Tunisia
2024-01-01,0,Tunisia
2025-01-01,0,Tunisia
2026-01-01,0,Tunisia
2027-01-01,0,Tunisia
2028-01-01,0,Tunisia
2029-01-01,0,Tunisia
2030-01-01,0,Tunisia
2021-01-01,0.018311615,Turkey
2022-01-01,0.03303122,Turkey
2023-01-01,0.048334616,Turkey
2024-01-01,0.064200063,Turkey
2025-01-01,0.007950823,Turkey
2026-01-01,0.022670429,Turkey
2027-01-01,0.037973824,Turkey
2028-01-01,0.053839272,Turkey
2029-01-01,-0.002409968,Turkey
2030-01-01,0.012309638,Turkey
2021-01-01,0,Turkmenistan
2022-01-01,0,Turkmenistan
2023-01-01,0,Turkmenistan
2024-01-01,0,Turkmenistan
2025-01-01,0,Turkmenistan
2026-01-01,0,Turkmenistan
2027-01-01,0,Turkmenistan
2028-01-01,0,Turkmenistan
2029-01-01,0,Turkmenistan
2030-01-01,0,Turkmenistan
2021-01-01,0,Turks and Caicos Islands
2022-01-01,0,Turks and Caicos Islands
2023-01-01,0,Turks and Caicos Islands
2024-01-01,0,Turks and Caicos Islands
2025-01-01,0,Turks and Caicos Islands
2026-01-01,0,Turks and Caicos Islands
2027-01-01,0,Turks and Caicos Islands
2028-01-01,0,Turks and Caicos Islands
2029-01-01,0,Turks and Caicos Islands
2030-01-01,0,Turks and Caicos Islands
2021-01-01,0,Uganda
2022-01-01,0,Uganda
2023-01-01,0,Uganda
2024-01-01,0,Uganda
2025-01-01,0,Uganda
2026-01-01,0,Uganda
2027-01-01,0,Uganda
2028-01-01,0,Uganda
2029-01-01,0,Uganda
2030-01-01,0,Uganda
2021-01-01,0.271553548,Ukraine
2022-01-01,0.300028915,Ukraine
2023-01-01,0.336096498,Ukraine
2024-01-01,0.379629437,Ukraine
2025-01-01,-0.003389886,Ukraine
2026-01-01,0.025085481,Ukraine
2027-01-01,0.061153064,Ukraine
2028-01-01,0.104686004,Ukraine
2029-01-01,-0.27833332,Ukraine
2030-01-01,-0.249857953,Ukraine
2021-01-01,0,United Arab Emirates
2022-01-01,0,United Arab Emirates
2023-01-01,0,United Arab Emirates
2024-01-01,0,United Arab Emirates
2025-01-01,0,United Arab Emirates
2026-01-01,0,United Arab Emirates
2027-01-01,0,United Arab Emirates
2028-01-01,0,United Arab Emirates
2029-01-01,0,United Arab Emirates
2030-01-01,0,United Arab Emirates
2021-01-01,0.000457942,United Kingdom
2022-01-01,0.003272131,United Kingdom
2023-01-01,0.006173562,United Kingdom
2024-01-01,0.009157922,United Kingdom
2025-01-01,-0.002137025,United Kingdom
2026-01-01,0.000677164,United Kingdom
2027-01-01,0.003578596,United Kingdom
2028-01-01,0.006562955,United Kingdom
2029-01-01,-0.004731992,United Kingdom
2030-01-01,-0.001917802,United Kingdom
2021-01-01,0.178950191,United States
2022-01-01,0.209084833,United States
2023-01-01,0.241171034,United States
2024-01-01,0.275164094,United States
2025-01-01,0.159808058,United States
2026-01-01,0.1899427,United States
2027-01-01,0.222028901,United States
2028-01-01,0.256021961,United States
2029-01-01,0.140665925,United States
2030-01-01,0.170800567,United States
2021-01-01,0.338895315,Upper middle income
2022-01-01,0.484614649,Upper middle income
2023-01-01,0.636612956,Upper middle income
2024-01-01,0.794685113,Upper middle income
2025-01-01,0.271323792,Upper middle income
2026-01-01,0.417043126,Upper middle income
2027-01-01,0.569041433,Upper middle income
2028-01-01,0.72711359,Upper middle income
2029-01-01,0.203752269,Upper middle income
2030-01-01,0.349471603,Upper middle income
2021-01-01,0,Uruguay
2022-01-01,0,Uruguay
2023-01-01,0,Uruguay
2024-01-01,0,Uruguay
2025-01-01,0,Uruguay
2026-01-01,0,Uruguay
2027-01-01,0,Uruguay
2028-01-01,0,Uruguay
2029-01-01,0,Uruguay
2030-01-01,0,Uruguay
2021-01-01,-0.028212469,Uzbekistan
2022-01-01,0.002755777,Uzbekistan
2023-01-01,0.035983219,Uzbekistan
2024-01-01,0.071419143,Uzbekistan
2025-01-01,-0.06242679,Uzbekistan
2026-01-01,-0.031458544,Uzbekistan
2027-01-01,0.001768898,Uzbekistan
2028-01-01,0.037204822,Uzbekistan
2029-01-01,-0.09664111,Uzbekistan
2030-01-01,-0.065672865,Uzbekistan
2021-01-01,0,Vanuatu
2022-01-01,0,Vanuatu
2023-01-01,0,Vanuatu
2024-01-01,0,Vanuatu
2025-01-01,0,Vanuatu
2026-01-01,0,Vanuatu
2027-01-01,0,Vanuatu
2028-01-01,0,Vanuatu
2029-01-01,0,Vanuatu
2030-01-01,0,Vanuatu
2021-01-01,-0.01038322,"Venezuela, RB"
2022-01-01,0.009693155,"Venezuela, RB"
2023-01-01,0.030211022,"Venezuela, RB"
2024-01-01,0.051143484,"Venezuela, RB"
2025-01-01,-0.016753302,"Venezuela, RB"
2026-01-01,0.003323073,"Venezuela, RB"
2027-01-01,0.023840939,"Venezuela, RB"
2028-01-01,0.044773401,"Venezuela, RB"
2029-01-01,-0.023123385,"Venezuela, RB"
2030-01-01,-0.00304701,"Venezuela, RB"
2021-01-01,0.217111757,Vietnam
2022-01-01,0.434091049,Vietnam
2023-01-01,0.655925014,Vietnam
2024-01-01,0.882311128,Vietnam
2025-01-01,0.109020411,Vietnam
2026-01-01,0.325999704,Vietnam
2027-01-01,0.547833669,Vietnam
2028-01-01,0.774219783,Vietnam
2029-01-01,0.000929066,Vietnam
2030-01-01,0.217908359,Vietnam
2021-01-01,0,Virgin Islands (U.S.)
2022-01-01,0,Virgin Islands (U.S.)
2023-01-01,0,Virgin Islands (U.S.)
2024-01-01,0,Virgin Islands (U.S.)
2025-01-01,0,Virgin Islands (U.S.)
2026-01-01,0,Virgin Islands (U.S.)
2027-01-01,0,Virgin Islands (U.S.)
2028-01-01,0,Virgin Islands (U.S.)
2029-01-01,0,Virgin Islands (U.S.)
2030-01-01,0,Virgin Islands (U.S.)
2021-01-01,0,West Bank and Gaza
2022-01-01,0,West Bank and Gaza
2023-01-01,0,West Bank and Gaza
2024-01-01,0,West Bank and Gaza
2025-01-01,0,West Bank and Gaza
2026-01-01,0,West Bank and Gaza
2027-01-01,0,West Bank and Gaza
2028-01-01,0,West Bank and Gaza
2029-01-01,0,West Bank and Gaza
2030-01-01,0,West Bank and Gaza
2021-01-01,0.234420925,World
2022-01-01,0.284048691,World
2023-01-01,0.335328688,World
2024-01-01,0.388198762,World
2025-01-01,0.234803974,World
2026-01-01,0.284431739,World
2027-01-01,0.335711736,World
2028-01-01,0.38858181,World
2029-01-01,0.235187022,World
2030-01-01,0.284814788,World
2021-01-01,0,"Yemen, Rep."
2022-01-01,0,"Yemen, Rep."
2023-01-01,0,"Yemen, Rep."
2024-01-01,0,"Yemen, Rep."
2025-01-01,0,"Yemen, Rep."
2026-01-01,0,"Yemen, Rep."
2027-01-01,0,"Yemen, Rep."
2028-01-01,0,"Yemen, Rep."
2029-01-01,0,"Yemen, Rep."
2030-01-01,0,"Yemen, Rep."
2021-01-01,0.03228819,Zambia
2022-01-01,0.025671565,Zambia
2023-01-01,0.019357761,Zambia
2024-01-01,0.013353582,Zambia
2025-01-01,0.0294204,Zambia
2026-01-01,0.022803775,Zambia
2027-01-01,0.016489971,Zambia
2028-01-01,0.010485792,Zambia
2029-01-01,0.02655261,Zambia
2030-01-01,0.019935985,Zambia
2021-01-01,-0.212623229,Zimbabwe
2022-01-01,0.057017483,Zimbabwe
2023-01-01,0.343111858,Zimbabwe
2024-01-01,0.645184647,Zimbabwe
2025-01-01,-0.63461328,Zimbabwe
2026-01-01,-0.364972568,Zimbabwe
2027-01-01,-0.078878194,Zimbabwe
2028-01-01,0.223194595,Zimbabwe
2029-01-01,-1.056603332,Zimbabwe
2030-01-01,-0.78696262,Zimbabwe