time,Forest Land (m2),Country
2021-01-01,12084.4,Afghanistan
2022-01-01,12084.4,Afghanistan
2023-01-01,12084.4,Afghanistan
2024-01-01,12084.4,Afghanistan
2025-01-01,12084.4,Afghanistan
2026-01-01,12084.4,Afghanistan
2027-01-01,12084.4,Afghanistan
2028-01-01,12084.4,Afghanistan
2029-01-01,12084.4,Afghanistan
2030-01-01,12084.4,Afghanistan
2021-01-01,4431958.418,Africa Eastern and Southern
2022-01-01,4433846.568,Africa Eastern and Southern
2023-01-01,4403355.27,Africa Eastern and Southern
2024-01-01,4340524.551,Africa Eastern and Southern
2025-01-01,4304183.635,Africa Eastern and Southern
2026-01-01,4306071.786,Africa Eastern and Southern
2027-01-01,4275580.488,Africa Eastern and Southern
2028-01-01,4212749.768,Africa Eastern and Southern
2029-01-01,4176408.853,Africa Eastern and Southern
2030-01-01,4178297.003,Africa Eastern and Southern
2021-01-01,1785228.021,Africa Western and Central
2022-01-01,1777518.521,Africa Western and Central
2023-01-01,1769840.021,Africa Western and Central
2024-01-01,1762200.621,Africa Western and Central
2025-01-01,1754847.942,Africa Western and Central
2026-01-01,1747138.442,Africa Western and Central
2027-01-01,1739459.942,Africa Western and Central
2028-01-01,1731820.542,Africa Western and Central
2029-01-01,1724467.863,Africa Western and Central
2030-01-01,1716758.363,Africa Western and Central
2021-01-01,7886.225,Albania
2022-01-01,7886.2,Albania
2023-01-01,7886.2,Albania
2024-01-01,7886.2,Albania
2025-01-01,7883.425,Albania
2026-01-01,7883.4,Albania
2027-01-01,7883.4,Albania
2028-01-01,7883.4,Albania
2029-01-01,7880.625,Albania
2030-01-01,7880.6,Albania
2021-01-01,19335.46394,Algeria
2022-01-01,19297.92355,Algeria
2023-01-01,19286.38224,Algeria
2024-01-01,19300.09056,Algeria
2025-01-01,19220.09433,Algeria
2026-01-01,19182.55393,Algeria
2027-01-01,19171.01263,Algeria
2028-01-01,19184.72094,Algeria
2029-01-01,19104.72471,Algeria
2030-01-01,19067.18431,Algeria
2021-01-01,171,American Samoa
2022-01-01,170.7,American Samoa
2023-01-01,170.4,American Samoa
2024-01-01,170.1,American Samoa
2025-01-01,169.8,American Samoa
2026-01-01,169.5,American Samoa
2027-01-01,169.2,American Samoa
2028-01-01,168.9,American Samoa
2029-01-01,168.6,American Samoa
2030-01-01,168.3,American Samoa
2021-01-01,160,Andorra
2022-01-01,160,Andorra
2023-01-01,160,Andorra
2024-01-01,160,Andorra
2025-01-01,160,Andorra
2026-01-01,160,Andorra
2027-01-01,160,Andorra
2028-01-01,160,Andorra
2029-01-01,160,Andorra
2030-01-01,160,Andorra
2021-01-01,660523.3,Angola
2022-01-01,654972.7,Angola
2023-01-01,649422,Angola
2024-01-01,643871.4,Angola
2025-01-01,638320.9,Angola
2026-01-01,632770.3,Angola
2027-01-01,627219.6,Angola
2028-01-01,621669,Angola
2029-01-01,616118.5,Angola
2030-01-01,610567.9,Angola
2021-01-01,80.6,Antigua and Barbuda
2022-01-01,79.9,Antigua and Barbuda
2023-01-01,79.2,Antigua and Barbuda
2024-01-01,78.6,Antigua and Barbuda
2025-01-01,78,Antigua and Barbuda
2026-01-01,77.3,Antigua and Barbuda
2027-01-01,76.6,Antigua and Barbuda
2028-01-01,76,Antigua and Barbuda
2029-01-01,75.4,Antigua and Barbuda
2030-01-01,74.7,Antigua and Barbuda
2021-01-01,442014.125,Arab World
2022-01-01,454659.2697,Arab World
2023-01-01,465251.8687,Arab World
2024-01-01,473795.707,Arab World
2025-01-01,496489.6823,Arab World
2026-01-01,509134.827,Arab World
2027-01-01,519727.426,Arab World
2028-01-01,528271.2643,Arab World
2029-01-01,550965.2397,Arab World
2030-01-01,563610.3843,Arab World
2021-01-01,284620,Argentina
2022-01-01,283540,Argentina
2023-01-01,282440,Argentina
2024-01-01,281360,Argentina
2025-01-01,280250,Argentina
2026-01-01,279170,Argentina
2027-01-01,278070,Argentina
2028-01-01,276990,Argentina
2029-01-01,275880,Argentina
2030-01-01,274800,Argentina
2021-01-01,3282.6,Armenia
2022-01-01,3280.5,Armenia
2023-01-01,3278.4,Armenia
2024-01-01,3276.3,Armenia
2025-01-01,3274.2,Armenia
2026-01-01,3272.1,Armenia
2027-01-01,3270,Armenia
2028-01-01,3267.9,Armenia
2029-01-01,3265.8,Armenia
2030-01-01,3263.7,Armenia
2021-01-01,4.2,Aruba
2022-01-01,4.2,Aruba
2023-01-01,4.2,Aruba
2024-01-01,4.2,Aruba
2025-01-01,4.2,Aruba
2026-01-01,4.2,Aruba
2027-01-01,4.2,Aruba
2028-01-01,4.2,Aruba
2029-01-01,4.2,Aruba
2030-01-01,4.2,Aruba
2021-01-01,1339853,Australia
2022-01-01,1339730,Australia
2023-01-01,1339730,Australia
2024-01-01,1339730,Australia
2025-01-01,1339532,Australia
2026-01-01,1339409,Australia
2027-01-01,1339409,Australia
2028-01-01,1339409,Australia
2029-01-01,1339211,Australia
2030-01-01,1339088,Australia
2021-01-01,39027.4,Austria
2022-01-01,39063.3,Austria
2023-01-01,39099.2,Austria
2024-01-01,39135.1,Austria
2025-01-01,39171,Austria
2026-01-01,39206.9,Austria
2027-01-01,39242.8,Austria
2028-01-01,39278.7,Austria
2029-01-01,39314.6,Austria
2030-01-01,39350.5,Austria
2021-01-01,11414.796,Azerbaijan
2022-01-01,11530.0975,Azerbaijan
2023-01-01,11645.348,Azerbaijan
2024-01-01,11760.648,Azerbaijan
2025-01-01,11857.744,Azerbaijan
2026-01-01,11973.0455,Azerbaijan
2027-01-01,12088.296,Azerbaijan
2028-01-01,12203.596,Azerbaijan
2029-01-01,12300.692,Azerbaijan
2030-01-01,12415.9935,Azerbaijan
2021-01-01,5098.6,"Bahamas, The"
2022-01-01,5098.6,"Bahamas, The"
2023-01-01,5098.6,"Bahamas, The"
2024-01-01,5098.6,"Bahamas, The"
2025-01-01,5098.6,"Bahamas, The"
2026-01-01,5098.6,"Bahamas, The"
2027-01-01,5098.6,"Bahamas, The"
2028-01-01,5098.6,"Bahamas, The"
2029-01-01,5098.6,"Bahamas, The"
2030-01-01,5098.6,"Bahamas, The"
2021-01-01,7.2,Bahrain
2022-01-01,7.4,Bahrain
2023-01-01,7.6,Bahrain
2024-01-01,7.8,Bahrain
2025-01-01,8,Bahrain
2026-01-01,8.2,Bahrain
2027-01-01,8.4,Bahrain
2028-01-01,8.6,Bahrain
2029-01-01,8.8,Bahrain
2030-01-01,9,Bahrain
2021-01-01,18834,Bangladesh
2022-01-01,18834,Bangladesh
2023-01-01,18834,Bangladesh
2024-01-01,18834,Bangladesh
2025-01-01,18834,Bangladesh
2026-01-01,18834,Bangladesh
2027-01-01,18834,Bangladesh
2028-01-01,18834,Bangladesh
2029-01-01,18834,Bangladesh
2030-01-01,18834,Bangladesh
2021-01-01,63,Barbados
2022-01-01,63,Barbados
2023-01-01,63,Barbados
2024-01-01,63,Barbados
2025-01-01,63,Barbados
2026-01-01,63,Barbados
2027-01-01,63,Barbados
2028-01-01,63,Barbados
2029-01-01,63,Barbados
2030-01-01,63,Barbados
2021-01-01,87821,Belarus
2022-01-01,87966,Belarus
2023-01-01,88111,Belarus
2024-01-01,88256,Belarus
2025-01-01,88401,Belarus
2026-01-01,88546,Belarus
2027-01-01,88691,Belarus
2028-01-01,88836,Belarus
2029-01-01,88981,Belarus
2030-01-01,89126,Belarus
2021-01-01,6893,Belgium
2022-01-01,6893,Belgium
2023-01-01,6893,Belgium
2024-01-01,6893,Belgium
2025-01-01,6893,Belgium
2026-01-01,6893,Belgium
2027-01-01,6893,Belgium
2028-01-01,6893,Belgium
2029-01-01,6893,Belgium
2030-01-01,6893,Belgium
2021-01-01,12658.9,Belize
2022-01-01,12547.4,Belize
2023-01-01,12435.8,Belize
2024-01-01,12324.2,Belize
2025-01-01,12212.6,Belize
2026-01-01,12101.1,Belize
2027-01-01,11989.5,Belize
2028-01-01,11877.9,Belize
2029-01-01,11766.3,Belize
2030-01-01,11654.8,Belize
2021-01-01,30851.5,Benin
2022-01-01,30351.5,Benin
2023-01-01,29851.5,Benin
2024-01-01,29351.5,Benin
2025-01-01,28851.5,Benin
2026-01-01,28351.5,Benin
2027-01-01,27851.5,Benin
2028-01-01,27351.5,Benin
2029-01-01,26851.5,Benin
2030-01-01,26351.5,Benin
2021-01-01,10,Bermuda
2022-01-01,10,Bermuda
2023-01-01,10,Bermuda
2024-01-01,10,Bermuda
2025-01-01,10,Bermuda
2026-01-01,10,Bermuda
2027-01-01,10,Bermuda
2028-01-01,10,Bermuda
2029-01-01,10,Bermuda
2030-01-01,10,Bermuda
2021-01-01,27270.6,Bhutan
2022-01-01,27290.4,Bhutan
2023-01-01,27310.2,Bhutan
2024-01-01,27330,Bhutan
2025-01-01,27349.8,Bhutan
2026-01-01,27369.6,Bhutan
2027-01-01,27389.4,Bhutan
2028-01-01,27409.2,Bhutan
2029-01-01,27429,Bhutan
2030-01-01,27448.8,Bhutan
2021-01-01,505753,Bolivia
2022-01-01,503363.2,Bolivia
2023-01-01,501168.4,Bolivia
2024-01-01,499168.4,Bolivia
2025-01-01,496583.8,Bolivia
2026-01-01,494194,Bolivia
2027-01-01,491999.2,Bolivia
2028-01-01,489999.2,Bolivia
2029-01-01,487414.6,Bolivia
2030-01-01,485024.8,Bolivia
2021-01-01,21993.1,Bosnia and Herzegovina
2022-01-01,21993.1,Bosnia and Herzegovina
2023-01-01,21993.1,Bosnia and Herzegovina
2024-01-01,21993.1,Bosnia and Herzegovina
2025-01-01,22107.1,Bosnia and Herzegovina
2026-01-01,22107.1,Bosnia and Herzegovina
2027-01-01,22107.1,Bosnia and Herzegovina
2028-01-01,22107.1,Bosnia and Herzegovina
2029-01-01,22221.1,Bosnia and Herzegovina
2030-01-01,22221.1,Bosnia and Herzegovina
2021-01-01,151364,Botswana
2022-01-01,150181,Botswana
2023-01-01,148998,Botswana
2024-01-01,147815,Botswana
2025-01-01,146632,Botswana
2026-01-01,145449,Botswana
2027-01-01,144266,Botswana
2028-01-01,143083,Botswana
2029-01-01,141900,Botswana
2030-01-01,140717,Botswana
2021-01-01,4946291,Brazil
2022-01-01,4935889,Brazil
2023-01-01,4923360,Brazil
2024-01-01,4911571,Brazil
2025-01-01,4891666,Brazil
2026-01-01,4881264,Brazil
2027-01-01,4868735,Brazil
2028-01-01,4856946,Brazil
2029-01-01,4837041,Brazil
2030-01-01,4826639,Brazil
2021-01-01,36.2,British Virgin Islands
2022-01-01,36.2,British Virgin Islands
2023-01-01,36.2,British Virgin Islands
2024-01-01,36.2,British Virgin Islands
2025-01-01,36.2,British Virgin Islands
2026-01-01,36.2,British Virgin Islands
2027-01-01,36.2,British Virgin Islands
2028-01-01,36.2,British Virgin Islands
2029-01-01,36.2,British Virgin Islands
2030-01-01,36.2,British Virgin Islands
2021-01-01,3800,Brunei Darussalam
2022-01-01,3800,Brunei Darussalam
2023-01-01,3800,Brunei Darussalam
2024-01-01,3800,Brunei Darussalam
2025-01-01,3800,Brunei Darussalam
2026-01-01,3800,Brunei Darussalam
2027-01-01,3800,Brunei Darussalam
2028-01-01,3800,Brunei Darussalam
2029-01-01,3800,Brunei Darussalam
2030-01-01,3800,Brunei Darussalam
2021-01-01,39060,Bulgaria
2022-01-01,39190,Bulgaria
2023-01-01,39320,Bulgaria
2024-01-01,39450,Bulgaria
2025-01-01,39580,Bulgaria
2026-01-01,39710,Bulgaria
2027-01-01,39840,Bulgaria
2028-01-01,39970,Bulgaria
2029-01-01,40100,Bulgaria
2030-01-01,40230,Bulgaria
2021-01-01,61664,Burkina Faso
2022-01-01,61164,Burkina Faso
2023-01-01,60664,Burkina Faso
2024-01-01,60164,Burkina Faso
2025-01-01,59664,Burkina Faso
2026-01-01,59164,Burkina Faso
2027-01-01,58664,Burkina Faso
2028-01-01,58164,Burkina Faso
2029-01-01,57664,Burkina Faso
2030-01-01,57164,Burkina Faso
2021-01-01,2943.978314,Burundi
2022-01-01,2992.975922,Burundi
2023-01-01,3041.213174,Burundi
2024-01-01,3088.704807,Burundi
2025-01-01,3189.06924,Burundi
2026-01-01,3238.066848,Burundi
2027-01-01,3286.3041,Burundi
2028-01-01,3333.795732,Burundi
2029-01-01,3434.160166,Burundi
2030-01-01,3483.157773,Burundi
2021-01-01,460.2,Cabo Verde
2022-01-01,463.2,Cabo Verde
2023-01-01,466.2,Cabo Verde
2024-01-01,469.2,Cabo Verde
2025-01-01,472.2,Cabo Verde
2026-01-01,475.2,Cabo Verde
2027-01-01,478.2,Cabo Verde
2028-01-01,481.2,Cabo Verde
2029-01-01,484.2,Cabo Verde
2030-01-01,487.2,Cabo Verde
2021-01-01,79126.8,Cambodia
2022-01-01,77569.9,Cambodia
2023-01-01,76013,Cambodia
2024-01-01,74456.1,Cambodia
2025-01-01,72899.2,Cambodia
2026-01-01,71342.3,Cambodia
2027-01-01,69785.4,Cambodia
2028-01-01,68228.5,Cambodia
2029-01-01,66671.6,Cambodia
2030-01-01,65114.7,Cambodia
2021-01-01,202844.8,Cameroon
2022-01-01,202284.8,Cameroon
2023-01-01,201724.8,Cameroon
2024-01-01,201164.8,Cameroon
2025-01-01,200604.8,Cameroon
2026-01-01,200044.8,Cameroon
2027-01-01,199484.8,Cameroon
2028-01-01,198924.8,Cameroon
2029-01-01,198364.8,Cameroon
2030-01-01,197804.8,Cameroon
2021-01-01,3468911.1,Canada
2022-01-01,3468541.3,Canada
2023-01-01,3468171.4,Canada
2024-01-01,3467801.6,Canada
2025-01-01,3467431.7,Canada
2026-01-01,3467061.9,Canada
2027-01-01,3466692,Canada
2028-01-01,3466322.2,Canada
2029-01-01,3465952.3,Canada
2030-01-01,3465582.5,Canada
2021-01-01,363396.6,Caribbean small states
2022-01-01,363104.7,Caribbean small states
2023-01-01,362812.4,Caribbean small states
2024-01-01,362520.5,Caribbean small states
2025-01-01,362277.9,Caribbean small states
2026-01-01,361986,Caribbean small states
2027-01-01,361693.7,Caribbean small states
2028-01-01,361401.8,Caribbean small states
2029-01-01,361159.2,Caribbean small states
2030-01-01,360867.3,Caribbean small states
2021-01-01,127.4687457,Cayman Islands
2022-01-01,127.5661882,Cayman Islands
2023-01-01,127.5603875,Cayman Islands
2024-01-01,127.4665017,Cayman Islands
2025-01-01,127.5950199,Cayman Islands
2026-01-01,127.6924624,Cayman Islands
2027-01-01,127.6866618,Cayman Islands
2028-01-01,127.592776,Cayman Islands
2029-01-01,127.7212942,Cayman Islands
2030-01-01,127.8187367,Cayman Islands
2021-01-01,222730,Central African Republic
2022-01-01,222430,Central African Republic
2023-01-01,222130,Central African Republic
2024-01-01,221830,Central African Republic
2025-01-01,221530,Central African Republic
2026-01-01,221230,Central African Republic
2027-01-01,220930,Central African Republic
2028-01-01,220630,Central African Republic
2029-01-01,220330,Central African Republic
2030-01-01,220030,Central African Republic
2021-01-01,382485.282,Central Europe and the Baltics
2022-01-01,382803.298,Central Europe and the Baltics
2023-01-01,383120.198,Central Europe and the Baltics
2024-01-01,383427.098,Central Europe and the Baltics
2025-01-01,384030.58,Central Europe and the Baltics
2026-01-01,384348.596,Central Europe and the Baltics
2027-01-01,384665.496,Central Europe and the Baltics
2028-01-01,384972.396,Central Europe and the Baltics
2029-01-01,385575.878,Central Europe and the Baltics
2030-01-01,385893.894,Central Europe and the Baltics
2021-01-01,41950,Chad
2022-01-01,40790,Chad
2023-01-01,39660,Chad
2024-01-01,38570,Chad
2025-01-01,37390,Chad
2026-01-01,36230,Chad
2027-01-01,35100,Chad
2028-01-01,34010,Chad
2029-01-01,32830,Chad
2030-01-01,31670,Chad
2021-01-01,10.2,Channel Islands
2022-01-01,10.2,Channel Islands
2023-01-01,10.2,Channel Islands
2024-01-01,10.2,Channel Islands
2025-01-01,10.2,Channel Islands
2026-01-01,10.2,Channel Islands
2027-01-01,10.2,Channel Islands
2028-01-01,10.2,Channel Islands
2029-01-01,10.2,Channel Islands
2030-01-01,10.2,Channel Islands
2021-01-01,183336.3,Chile
2022-01-01,184565.6,Chile
2023-01-01,185794.9,Chile
2024-01-01,187023.9,Chile
2025-01-01,188253.2,Chile
2026-01-01,189482.5,Chile
2027-01-01,190711.8,Chile
2028-01-01,191940.8,Chile
2029-01-01,193170.1,Chile
2030-01-01,194399.4,Chile
2021-01-01,2218577.83,China
2022-01-01,2237373.53,China
2023-01-01,2256169.23,China
2024-01-01,2274964.93,China
2025-01-01,2293760.96,China
2026-01-01,2312556.66,China
2027-01-01,2331352.36,China
2028-01-01,2350148.06,China
2029-01-01,2368944.09,China
2030-01-01,2387739.79,China
2021-01-01,589221.9,Colombia
2022-01-01,587229,Colombia
2023-01-01,585236.2,Colombia
2024-01-01,583243.3,Colombia
2025-01-01,581046.1,Colombia
2026-01-01,579053.2,Colombia
2027-01-01,577060.4,Colombia
2028-01-01,575067.5,Colombia
2029-01-01,572870.3,Colombia
2030-01-01,570877.4,Colombia
2021-01-01,324.8,Comoros
2022-01-01,320.5,Comoros
2023-01-01,316.1,Comoros
2024-01-01,311.7,Comoros
2025-01-01,307.3,Comoros
2026-01-01,303,Comoros
2027-01-01,298.6,Comoros
2028-01-01,294.2,Comoros
2029-01-01,289.8,Comoros
2030-01-01,285.5,Comoros
2021-01-01,1250538.7,"Congo, Dem. Rep."
2022-01-01,1239524.9,"Congo, Dem. Rep."
2023-01-01,1228511.1,"Congo, Dem. Rep."
2024-01-01,1217497.4,"Congo, Dem. Rep."
2025-01-01,1206483.7,"Congo, Dem. Rep."
2026-01-01,1195469.9,"Congo, Dem. Rep."
2027-01-01,1184456.1,"Congo, Dem. Rep."
2028-01-01,1173442.4,"Congo, Dem. Rep."
2029-01-01,1162428.7,"Congo, Dem. Rep."
2030-01-01,1151414.9,"Congo, Dem. Rep."
2021-01-01,219340,"Congo, Rep."
2022-01-01,219190,"Congo, Rep."
2023-01-01,219040,"Congo, Rep."
2024-01-01,218890,"Congo, Rep."
2025-01-01,218770,"Congo, Rep."
2026-01-01,218620,"Congo, Rep."
2027-01-01,218470,"Congo, Rep."
2028-01-01,218320,"Congo, Rep."
2029-01-01,218200,"Congo, Rep."
2030-01-01,218050,"Congo, Rep."
2021-01-01,30512.4,Costa Rica
2022-01-01,30676,Costa Rica
2023-01-01,30839.7,Costa Rica
2024-01-01,31003.4,Costa Rica
2025-01-01,31167.1,Costa Rica
2026-01-01,31330.7,Costa Rica
2027-01-01,31494.4,Costa Rica
2028-01-01,31658.1,Costa Rica
2029-01-01,31821.8,Costa Rica
2030-01-01,31985.4,Costa Rica
2021-01-01,27238.2,Cote d'Ivoire
2022-01-01,26109.3,Cote d'Ivoire
2023-01-01,24980.5,Cote d'Ivoire
2024-01-01,23851.6,Cote d'Ivoire
2025-01-01,22722.7,Cote d'Ivoire
2026-01-01,21593.8,Cote d'Ivoire
2027-01-01,20465,Cote d'Ivoire
2028-01-01,19336.1,Cote d'Ivoire
2029-01-01,18207.2,Cote d'Ivoire
2030-01-01,17078.3,Cote d'Ivoire
2021-01-01,19465.982,Croatia
2022-01-01,19490.998,Croatia
2023-01-01,19515.998,Croatia
2024-01-01,19540.998,Croatia
2025-01-01,19615.88,Croatia
2026-01-01,19640.896,Croatia
2027-01-01,19665.896,Croatia
2028-01-01,19690.896,Croatia
2029-01-01,19765.778,Croatia
2030-01-01,19790.794,Croatia
2021-01-01,32430,Cuba
2022-01-01,32430,Cuba
2023-01-01,32430,Cuba
2024-01-01,32430,Cuba
2025-01-01,32440,Cuba
2026-01-01,32440,Cuba
2027-01-01,32440,Cuba
2028-01-01,32440,Cuba
2029-01-01,32450,Cuba
2030-01-01,32450,Cuba
2021-01-01,0.7,Curacao
2022-01-01,0.7,Curacao
2023-01-01,0.7,Curacao
2024-01-01,0.7,Curacao
2025-01-01,0.7,Curacao
2026-01-01,0.7,Curacao
2027-01-01,0.7,Curacao
2028-01-01,0.7,Curacao
2029-01-01,0.7,Curacao
2030-01-01,0.7,Curacao
2021-01-01,1725.1,Cyprus
2022-01-01,1724.9,Cyprus
2023-01-01,1724.7,Cyprus
2024-01-01,1724.5,Cyprus
2025-01-01,1724.3,Cyprus
2026-01-01,1724.1,Cyprus
2027-01-01,1723.9,Cyprus
2028-01-01,1723.7,Cyprus
2029-01-01,1723.5,Cyprus
2030-01-01,1723.3,Cyprus
2021-01-01,26789,Czech Republic
2022-01-01,26807.1,Czech Republic
2023-01-01,26825.2,Czech Republic
2024-01-01,26843.3,Czech Republic
2025-01-01,26861.4,Czech Republic
2026-01-01,26879.5,Czech Republic
2027-01-01,26897.6,Czech Republic
2028-01-01,26915.7,Czech Republic
2029-01-01,26933.8,Czech Republic
2030-01-01,26951.9,Czech Republic
2021-01-01,6293.8,Denmark
2022-01-01,6303.4,Denmark
2023-01-01,6312.8,Denmark
2024-01-01,6322.2,Denmark
2025-01-01,6331.6,Denmark
2026-01-01,6341.2,Denmark
2027-01-01,6350.6,Denmark
2028-01-01,6360,Denmark
2029-01-01,6369.4,Denmark
2030-01-01,6379,Denmark
2021-01-01,58.02188182,Djibouti
2022-01-01,58.44612635,Djibouti
2023-01-01,58.95049342,Djibouti
2024-01-01,59.53491319,Djibouti
2025-01-01,59.83050749,Djibouti
2026-01-01,60.25475202,Djibouti
2027-01-01,60.75911909,Djibouti
2028-01-01,61.34353885,Djibouti
2029-01-01,61.63913316,Djibouti
2030-01-01,62.06337769,Djibouti
2021-01-01,478.7,Dominica
2022-01-01,478.7,Dominica
2023-01-01,478.7,Dominica
2024-01-01,478.7,Dominica
2025-01-01,478.7,Dominica
2026-01-01,478.7,Dominica
2027-01-01,478.7,Dominica
2028-01-01,478.7,Dominica
2029-01-01,478.7,Dominica
2030-01-01,478.7,Dominica
2021-01-01,21521.9,Dominican Republic
2022-01-01,21602.8,Dominican Republic
2023-01-01,21683.7,Dominican Republic
2024-01-01,21764.6,Dominican Republic
2025-01-01,21845.5,Dominican Republic
2026-01-01,21926.4,Dominican Republic
2027-01-01,22007.3,Dominican Republic
2028-01-01,22088.2,Dominican Republic
2029-01-01,22169.1,Dominican Republic
2030-01-01,22250,Dominican Republic
2021-01-01,7558043.96,Early-demographic dividend
2022-01-01,7535500.9,Early-demographic dividend
2023-01-01,7513469.6,Early-demographic dividend
2024-01-01,7491830,Early-demographic dividend
2025-01-01,7460556.46,Early-demographic dividend
2026-01-01,7438013.4,Early-demographic dividend
2027-01-01,7415982.1,Early-demographic dividend
2028-01-01,7394342.5,Early-demographic dividend
2029-01-01,7363068.96,Early-demographic dividend
2030-01-01,7340525.9,Early-demographic dividend
2021-01-01,6640668.975,East Asia & Pacific
2022-01-01,6648153.775,East Asia & Pacific
2023-01-01,6655825.175,East Asia & Pacific
2024-01-01,6663663.675,East Asia & Pacific
2025-01-01,6663501.25,East Asia & Pacific
2026-01-01,6670986.05,East Asia & Pacific
2027-01-01,6678657.45,East Asia & Pacific
2028-01-01,6686495.95,East Asia & Pacific
2029-01-01,6686333.525,East Asia & Pacific
2030-01-01,6693818.325,East Asia & Pacific
2021-01-01,4815148.13,East Asia & Pacific (IDA & IBRD countries)
2022-01-01,4823028.33,East Asia & Pacific (IDA & IBRD countries)
2023-01-01,4830911.43,East Asia & Pacific (IDA & IBRD countries)
2024-01-01,4838794.63,East Asia & Pacific (IDA & IBRD countries)
2025-01-01,4839134.56,East Asia & Pacific (IDA & IBRD countries)
2026-01-01,4847014.76,East Asia & Pacific (IDA & IBRD countries)
2027-01-01,4854897.86,East Asia & Pacific (IDA & IBRD countries)
2028-01-01,4862781.06,East Asia & Pacific (IDA & IBRD countries)
2029-01-01,4863120.99,East Asia & Pacific (IDA & IBRD countries)
2030-01-01,4871001.19,East Asia & Pacific (IDA & IBRD countries)
2021-01-01,4874992.83,East Asia & Pacific (excluding high income)
2022-01-01,4882659.53,East Asia & Pacific (excluding high income)
2023-01-01,4890329.23,East Asia & Pacific (excluding high income)
2024-01-01,4897999.03,East Asia & Pacific (excluding high income)
2025-01-01,4898125.56,East Asia & Pacific (excluding high income)
2026-01-01,4905792.26,East Asia & Pacific (excluding high income)
2027-01-01,4913461.96,East Asia & Pacific (excluding high income)
2028-01-01,4921131.76,East Asia & Pacific (excluding high income)
2029-01-01,4921258.29,East Asia & Pacific (excluding high income)
2030-01-01,4928924.99,East Asia & Pacific (excluding high income)
2021-01-01,124335.6,Ecuador
2022-01-01,123692.9,Ecuador
2023-01-01,123050.2,Ecuador
2024-01-01,122407.5,Ecuador
2025-01-01,121764.8,Ecuador
2026-01-01,121122.1,Ecuador
2027-01-01,120479.4,Ecuador
2028-01-01,119836.7,Ecuador
2029-01-01,119194,Ecuador
2030-01-01,118551.3,Ecuador
2021-01-01,441.8984527,"Egypt, Arab Rep."
2022-01-01,434.6392234,"Egypt, Arab Rep."
2023-01-01,425.8524864,"Egypt, Arab Rep."
2024-01-01,415.5353259,"Egypt, Arab Rep."
2025-01-01,396.8372082,"Egypt, Arab Rep."
2026-01-01,389.5779789,"Egypt, Arab Rep."
2027-01-01,380.791242,"Egypt, Arab Rep."
2028-01-01,370.4740814,"Egypt, Arab Rep."
2029-01-01,351.7759637,"Egypt, Arab Rep."
2030-01-01,344.5167344,"Egypt, Arab Rep."
2021-01-01,5793.8,El Salvador
2022-01-01,5748.8,El Salvador
2023-01-01,5703.8,El Salvador
2024-01-01,5658.8,El Salvador
2025-01-01,5613.8,El Salvador
2026-01-01,5568.8,El Salvador
2027-01-01,5523.8,El Salvador
2028-01-01,5478.8,El Salvador
2029-01-01,5433.8,El Salvador
2030-01-01,5388.8,El Salvador
2021-01-01,24400.6,Equatorial Guinea
2022-01-01,24317,Equatorial Guinea
2023-01-01,24233.4,Equatorial Guinea
2024-01-01,24149.8,Equatorial Guinea
2025-01-01,24066.2,Equatorial Guinea
2026-01-01,23982.6,Equatorial Guinea
2027-01-01,23899,Equatorial Guinea
2028-01-01,23815.4,Equatorial Guinea
2029-01-01,23731.8,Equatorial Guinea
2030-01-01,23648.2,Equatorial Guinea
2021-01-01,10521,Eritrea
2022-01-01,10489.4,Eritrea
2023-01-01,10457.8,Eritrea
2024-01-01,10426.2,Eritrea
2025-01-01,10394.6,Eritrea
2026-01-01,10363,Eritrea
2027-01-01,10331.4,Eritrea
2028-01-01,10299.8,Eritrea
2029-01-01,10268.2,Eritrea
2030-01-01,10236.6,Eritrea
2021-01-01,24555.5,Estonia
2022-01-01,24555.5,Estonia
2023-01-01,24555.5,Estonia
2024-01-01,24555.5,Estonia
2025-01-01,24727,Estonia
2026-01-01,24727,Estonia
2027-01-01,24727,Estonia
2028-01-01,24727,Estonia
2029-01-01,24898.5,Estonia
2030-01-01,24898.5,Estonia
2021-01-01,4987.7,Eswatini
2022-01-01,4999.8,Eswatini
2023-01-01,5011.9,Eswatini
2024-01-01,5024,Eswatini
2025-01-01,5036.1,Eswatini
2026-01-01,5048.2,Eswatini
2027-01-01,5060.3,Eswatini
2028-01-01,5072.4,Eswatini
2029-01-01,5084.5,Eswatini
2030-01-01,5096.6,Eswatini
2021-01-01,169955,Ethiopia
2022-01-01,169225,Ethiopia
2023-01-01,168495,Ethiopia
2024-01-01,167765,Ethiopia
2025-01-01,167035,Ethiopia
2026-01-01,166305,Ethiopia
2027-01-01,165575,Ethiopia
2028-01-01,164845,Ethiopia
2029-01-01,164115,Ethiopia
2030-01-01,163385,Ethiopia
2021-01-01,1038296.8,Euro area
2022-01-01,1039835.6,Euro area
2023-01-01,1041374,Euro area
2024-01-01,1042902.4,Euro area
2025-01-01,1044712.4,Euro area
2026-01-01,1046251.2,Euro area
2027-01-01,1047789.6,Euro area
2028-01-01,1049318,Euro area
2029-01-01,1051128,Euro area
2030-01-01,1052666.8,Euro area
2021-01-01,10577935.71,Europe & Central Asia
2022-01-01,10582594.11,Europe & Central Asia
2023-01-01,10587242.75,Europe & Central Asia
2024-01-01,10591883.75,Europe & Central Asia
2025-01-01,10598359.35,Europe & Central Asia
2026-01-01,10603017.75,Europe & Central Asia
2027-01-01,10607666.39,Europe & Central Asia
2028-01-01,10612307.39,Europe & Central Asia
2029-01-01,10618783,Europe & Central Asia
2030-01-01,10623441.4,Europe & Central Asia
2021-01-01,9038896.805,Europe & Central Asia (IDA & IBRD countries)
2022-01-01,9041793.607,Europe & Central Asia (IDA & IBRD countries)
2023-01-01,9044692.146,Europe & Central Asia (IDA & IBRD countries)
2024-01-01,9047592.846,Europe & Central Asia (IDA & IBRD countries)
2025-01-01,9052076.351,Europe & Central Asia (IDA & IBRD countries)
2026-01-01,9054973.153,Europe & Central Asia (IDA & IBRD countries)
2027-01-01,9057871.692,Europe & Central Asia (IDA & IBRD countries)
2028-01-01,9060772.392,Europe & Central Asia (IDA & IBRD countries)
2029-01-01,9065255.897,Europe & Central Asia (IDA & IBRD countries)
2030-01-01,9068152.699,Europe & Central Asia (IDA & IBRD countries)
2021-01-01,8924480.823,Europe & Central Asia (excluding high income)
2022-01-01,8927232.609,Europe & Central Asia (excluding high income)
2023-01-01,8929986.148,Europe & Central Asia (excluding high income)
2024-01-01,8932741.848,Europe & Central Asia (excluding high income)
2025-01-01,8937030.471,Europe & Central Asia (excluding high income)
2026-01-01,8939782.257,Europe & Central Asia (excluding high income)
2027-01-01,8942535.796,Europe & Central Asia (excluding high income)
2028-01-01,8945291.496,Europe & Central Asia (excluding high income)
2029-01-01,8949580.119,Europe & Central Asia (excluding high income)
2030-01-01,8952331.905,Europe & Central Asia (excluding high income)
2021-01-01,1594461.582,European Union
2022-01-01,1596289.598,European Union
2023-01-01,1598115.998,European Union
2024-01-01,1599932.298,European Union
2025-01-01,1602080.08,European Union
2026-01-01,1603908.096,European Union
2027-01-01,1605734.496,European Union
2028-01-01,1607550.796,European Union
2029-01-01,1609698.578,European Union
2030-01-01,1611526.594,European Union
2021-01-01,0.8,Faroe Islands
2022-01-01,0.8,Faroe Islands
2023-01-01,0.8,Faroe Islands
2024-01-01,0.8,Faroe Islands
2025-01-01,0.8,Faroe Islands
2026-01-01,0.8,Faroe Islands
2027-01-01,0.8,Faroe Islands
2028-01-01,0.8,Faroe Islands
2029-01-01,0.8,Faroe Islands
2030-01-01,0.8,Faroe Islands
2021-01-01,11467,Fiji
2022-01-01,11533.8,Fiji
2023-01-01,11600.6,Fiji
2024-01-01,11667.4,Fiji
2025-01-01,11734.2,Fiji
2026-01-01,11801,Fiji
2027-01-01,11867.8,Fiji
2028-01-01,11934.6,Fiji
2029-01-01,12001.4,Fiji
2030-01-01,12068.2,Fiji
2021-01-01,224090,Finland
2022-01-01,224090,Finland
2023-01-01,224090,Finland
2024-01-01,224090,Finland
2025-01-01,224090,Finland
2026-01-01,224090,Finland
2027-01-01,224090,Finland
2028-01-01,224090,Finland
2029-01-01,224090,Finland
2030-01-01,224090,Finland
2021-01-01,4586161.443,Fragile and conflict affected situations
2022-01-01,4593744.709,Fragile and conflict affected situations
2023-01-01,4570127.231,Fragile and conflict affected situations
2024-01-01,4515354.536,Fragile and conflict affected situations
2025-01-01,4484225.352,Fragile and conflict affected situations
2026-01-01,4491808.618,Fragile and conflict affected situations
2027-01-01,4468191.141,Fragile and conflict affected situations
2028-01-01,4413418.445,Fragile and conflict affected situations
2029-01-01,4382289.261,Fragile and conflict affected situations
2030-01-01,4389872.527,Fragile and conflict affected situations
2021-01-01,173364,France
2022-01-01,174198,France
2023-01-01,175032,France
2024-01-01,175866,France
2025-01-01,176700,France
2026-01-01,177534,France
2027-01-01,178368,France
2028-01-01,179202,France
2029-01-01,180036,France
2030-01-01,180870,France
2021-01-01,1494.6,French Polynesia
2022-01-01,1494.6,French Polynesia
2023-01-01,1494.6,French Polynesia
2024-01-01,1494.6,French Polynesia
2025-01-01,1494.6,French Polynesia
2026-01-01,1494.6,French Polynesia
2027-01-01,1494.6,French Polynesia
2028-01-01,1494.6,French Polynesia
2029-01-01,1494.6,French Polynesia
2030-01-01,1494.6,French Polynesia
2021-01-01,235187.2,Gabon
2022-01-01,235068.4,Gabon
2023-01-01,234949.6,Gabon
2024-01-01,234830.8,Gabon
2025-01-01,234712,Gabon
2026-01-01,234593.2,Gabon
2027-01-01,234474.4,Gabon
2028-01-01,234355.6,Gabon
2029-01-01,234236.8,Gabon
2030-01-01,234118,Gabon
2021-01-01,2369.4,"Gambia, The"
2022-01-01,2312.1,"Gambia, The"
2023-01-01,2254.7,"Gambia, The"
2024-01-01,2197.4,"Gambia, The"
2025-01-01,2140.1,"Gambia, The"
2026-01-01,2082.8,"Gambia, The"
2027-01-01,2025.4,"Gambia, The"
2028-01-01,1968.1,"Gambia, The"
2029-01-01,1910.8,"Gambia, The"
2030-01-01,1853.5,"Gambia, The"
2021-01-01,28224,Georgia
2022-01-01,28224,Georgia
2023-01-01,28224,Georgia
2024-01-01,28224,Georgia
2025-01-01,28224,Georgia
2026-01-01,28224,Georgia
2027-01-01,28224,Georgia
2028-01-01,28224,Georgia
2029-01-01,28224,Georgia
2030-01-01,28224,Georgia
2021-01-01,114190,Germany
2022-01-01,114190,Germany
2023-01-01,114190,Germany
2024-01-01,114190,Germany
2025-01-01,114190,Germany
2026-01-01,114190,Germany
2027-01-01,114190,Germany
2028-01-01,114190,Germany
2029-01-01,114190,Germany
2030-01-01,114190,Germany
2021-01-01,80275.1,Ghana
2022-01-01,80347.3,Ghana
2023-01-01,80419.5,Ghana
2024-01-01,80491.8,Ghana
2025-01-01,80909.8,Ghana
2026-01-01,80982,Ghana
2027-01-01,81054.2,Ghana
2028-01-01,81126.5,Ghana
2029-01-01,81544.5,Ghana
2030-01-01,81616.7,Ghana
2021-01-01,0,Gibraltar
2022-01-01,0,Gibraltar
2023-01-01,0,Gibraltar
2024-01-01,0,Gibraltar
2025-01-01,0,Gibraltar
2026-01-01,0,Gibraltar
2027-01-01,0,Gibraltar
2028-01-01,0,Gibraltar
2029-01-01,0,Gibraltar
2030-01-01,0,Gibraltar
2021-01-01,39018,Greece
2022-01-01,39018,Greece
2023-01-01,39018,Greece
2024-01-01,39018,Greece
2025-01-01,39018,Greece
2026-01-01,39018,Greece
2027-01-01,39018,Greece
2028-01-01,39018,Greece
2029-01-01,39018,Greece
2030-01-01,39018,Greece
2021-01-01,2.2,Greenland
2022-01-01,2.2,Greenland
2023-01-01,2.2,Greenland
2024-01-01,2.2,Greenland
2025-01-01,2.2,Greenland
2026-01-01,2.2,Greenland
2027-01-01,2.2,Greenland
2028-01-01,2.2,Greenland
2029-01-01,2.2,Greenland
2030-01-01,2.2,Greenland
2021-01-01,177,Grenada
2022-01-01,177,Grenada
2023-01-01,177,Grenada
2024-01-01,177,Grenada
2025-01-01,177,Grenada
2026-01-01,177,Grenada
2027-01-01,177,Grenada
2028-01-01,177,Grenada
2029-01-01,177,Grenada
2030-01-01,177,Grenada
2021-01-01,292.6225118,Guam
2022-01-01,295.2168187,Guam
2023-01-01,300.3424436,Guam
2024-01-01,308.0002942,Guam
2025-01-01,313.4849794,Guam
2026-01-01,316.0792863,Guam
2027-01-01,321.2049112,Guam
2028-01-01,328.8627618,Guam
2029-01-01,334.3474469,Guam
2030-01-01,336.9417538,Guam
2021-01-01,35162,Guatemala
2022-01-01,35046,Guatemala
2023-01-01,34930,Guatemala
2024-01-01,34814,Guatemala
2025-01-01,34698,Guatemala
2026-01-01,34582,Guatemala
2027-01-01,34466,Guatemala
2028-01-01,34350,Guatemala
2029-01-01,34234,Guatemala
2030-01-01,34118,Guatemala
2021-01-01,61490,Guinea
2022-01-01,61090,Guinea
2023-01-01,60690,Guinea
2024-01-01,60290,Guinea
2025-01-01,59890,Guinea
2026-01-01,59490,Guinea
2027-01-01,59090,Guinea
2028-01-01,58690,Guinea
2029-01-01,58290,Guinea
2030-01-01,57890,Guinea
2021-01-01,19715.7,Guinea-Bissau
2022-01-01,19631.3,Guinea-Bissau
2023-01-01,19546.9,Guinea-Bissau
2024-01-01,19462.5,Guinea-Bissau
2025-01-01,19378.1,Guinea-Bissau
2026-01-01,19293.7,Guinea-Bissau
2027-01-01,19209.3,Guinea-Bissau
2028-01-01,19124.9,Guinea-Bissau
2029-01-01,19040.5,Guinea-Bissau
2030-01-01,18956.1,Guinea-Bissau
2021-01-01,184061.3,Guyana
2022-01-01,183969.3,Guyana
2023-01-01,183877.2,Guyana
2024-01-01,183785.2,Guyana
2025-01-01,183693.1,Guyana
2026-01-01,183601.1,Guyana
2027-01-01,183509,Guyana
2028-01-01,183417,Guyana
2029-01-01,183324.9,Guyana
2030-01-01,183232.9,Guyana
2021-01-01,3441.9,Haiti
2022-01-01,3410.8,Haiti
2023-01-01,3379.7,Haiti
2024-01-01,3348.6,Haiti
2025-01-01,3317.5,Haiti
2026-01-01,3286.4,Haiti
2027-01-01,3255.3,Haiti
2028-01-01,3224.2,Haiti
2029-01-01,3193.1,Haiti
2030-01-01,3162,Haiti
2021-01-01,5224036.8,Heavily indebted poor countries (HIPC)
2022-01-01,5190811.18,Heavily indebted poor countries (HIPC)
2023-01-01,5157055,Heavily indebted poor countries (HIPC)
2024-01-01,5123890.1,Heavily indebted poor countries (HIPC)
2025-01-01,5090434.7,Heavily indebted poor countries (HIPC)
2026-01-01,5057209.08,Heavily indebted poor countries (HIPC)
2027-01-01,5023452.9,Heavily indebted poor countries (HIPC)
2028-01-01,4990288,Heavily indebted poor countries (HIPC)
2029-01-01,4956832.6,Heavily indebted poor countries (HIPC)
2030-01-01,4923606.98,Heavily indebted poor countries (HIPC)
2021-01-01,10214725.43,High income
2022-01-01,10217521.64,High income
2023-01-01,10220487.64,High income
2024-01-01,10223612.64,High income
2025-01-01,10223581.27,High income
2026-01-01,10226377.49,High income
2027-01-01,10229343.49,High income
2028-01-01,10232468.49,High income
2029-01-01,10232437.11,High income
2030-01-01,10235233.33,High income
2021-01-01,63383.2,Honduras
2022-01-01,63173.7,Honduras
2023-01-01,62964.2,Honduras
2024-01-01,62754.7,Honduras
2025-01-01,62545.3,Honduras
2026-01-01,62335.8,Honduras
2027-01-01,62126.3,Honduras
2028-01-01,61916.8,Honduras
2029-01-01,61707.4,Honduras
2030-01-01,61497.9,Honduras
2021-01-01,20515.5,Hungary
2022-01-01,20502,Hungary
2023-01-01,20487.5,Hungary
2024-01-01,20472.9,Hungary
2025-01-01,20458.3,Hungary
2026-01-01,20444.8,Hungary
2027-01-01,20430.3,Hungary
2028-01-01,20415.7,Hungary
2029-01-01,20401.1,Hungary
2030-01-01,20387.6,Hungary
2021-01-01,24081942.83,IBRD only
2022-01-01,24070304.54,IBRD only
2023-01-01,24057036.38,IBRD only
2024-01-01,24044900.48,IBRD only
2025-01-01,24015950.71,IBRD only
2026-01-01,24004312.41,IBRD only
2027-01-01,23991044.25,IBRD only
2028-01-01,23978908.35,IBRD only
2029-01-01,23949958.58,IBRD only
2030-01-01,23938320.29,IBRD only
2021-01-01,30445222.76,IDA & IBRD total
2022-01-01,30395904.74,IDA & IBRD total
2023-01-01,30343949,IDA & IBRD total
2024-01-01,30293522.4,IDA & IBRD total
2025-01-01,30226955.75,IDA & IBRD total
2026-01-01,30177637.74,IDA & IBRD total
2027-01-01,30125681.99,IDA & IBRD total
2028-01-01,30075255.39,IDA & IBRD total
2029-01-01,30008688.75,IDA & IBRD total
2030-01-01,29959370.73,IDA & IBRD total
2021-01-01,1301941.981,IDA blend
2022-01-01,1298996.421,IDA blend
2023-01-01,1295758.221,IDA blend
2024-01-01,1292520.021,IDA blend
2025-01-01,1289840.602,IDA blend
2026-01-01,1286895.042,IDA blend
2027-01-01,1283656.842,IDA blend
2028-01-01,1280418.642,IDA blend
2029-01-01,1277739.223,IDA blend
2030-01-01,1274793.663,IDA blend
2021-01-01,5045247.8,IDA only
2022-01-01,5037106.777,IDA only
2023-01-01,5004299.137,IDA only
2024-01-01,4946923.635,IDA only
2025-01-01,4903836.53,IDA only
2026-01-01,4895695.507,IDA only
2027-01-01,4862887.867,IDA only
2028-01-01,4805512.364,IDA only
2029-01-01,4762425.26,IDA only
2030-01-01,4754284.237,IDA only
2021-01-01,6346598.684,IDA total
2022-01-01,6332780.042,IDA total
2023-01-01,6297168.337,IDA total
2024-01-01,6239953.906,IDA total
2025-01-01,6192281.454,IDA total
2026-01-01,6178462.813,IDA total
2027-01-01,6142851.107,IDA total
2028-01-01,6085636.676,IDA total
2029-01-01,6037964.224,IDA total
2030-01-01,6024145.583,IDA total
2021-01-01,520.7,Iceland
2022-01-01,527.3,Iceland
2023-01-01,533.8,Iceland
2024-01-01,540.4,Iceland
2025-01-01,547.6,Iceland
2026-01-01,554.2,Iceland
2027-01-01,560.7,Iceland
2028-01-01,567.3,Iceland
2029-01-01,574.5,Iceland
2030-01-01,581.1,Iceland
2021-01-01,724264,India
2022-01-01,726928,India
2023-01-01,729592,India
2024-01-01,732256,India
2025-01-01,734920,India
2026-01-01,737584,India
2027-01-01,740248,India
2028-01-01,742912,India
2029-01-01,745576,India
2030-01-01,748240,India
2021-01-01,908112,Indonesia
2022-01-01,902056.7,Indonesia
2023-01-01,896001.3,Indonesia
2024-01-01,889946,Indonesia
2025-01-01,876726,Indonesia
2026-01-01,870670.7,Indonesia
2027-01-01,864615.3,Indonesia
2028-01-01,858560,Indonesia
2029-01-01,845340,Indonesia
2030-01-01,839284.7,Indonesia
2021-01-01,107603.8,"Iran, Islamic Rep."
2022-01-01,107768.2,"Iran, Islamic Rep."
2023-01-01,107932.6,"Iran, Islamic Rep."
2024-01-01,108016.6,"Iran, Islamic Rep."
2025-01-01,108101.7,"Iran, Islamic Rep."
2026-01-01,108266.1,"Iran, Islamic Rep."
2027-01-01,108430.5,"Iran, Islamic Rep."
2028-01-01,108514.5,"Iran, Islamic Rep."
2029-01-01,108599.6,"Iran, Islamic Rep."
2030-01-01,108764,"Iran, Islamic Rep."
2021-01-01,8250,Iraq
2022-01-01,8250,Iraq
2023-01-01,8250,Iraq
2024-01-01,8250,Iraq
2025-01-01,8250,Iraq
2026-01-01,8250,Iraq
2027-01-01,8250,Iraq
2028-01-01,8250,Iraq
2029-01-01,8250,Iraq
2030-01-01,8250,Iraq
2021-01-01,7896.9,Ireland
2022-01-01,7936.9,Ireland
2023-01-01,7976.9,Ireland
2024-01-01,8016.9,Ireland
2025-01-01,8093.6,Ireland
2026-01-01,8133.6,Ireland
2027-01-01,8173.6,Ireland
2028-01-01,8213.6,Ireland
2029-01-01,8290.3,Ireland
2030-01-01,8330.3,Ireland
2021-01-01,34.6,Isle of Man
2022-01-01,34.6,Isle of Man
2023-01-01,34.6,Isle of Man
2024-01-01,34.6,Isle of Man
2025-01-01,34.6,Isle of Man
2026-01-01,34.6,Isle of Man
2027-01-01,34.6,Isle of Man
2028-01-01,34.6,Isle of Man
2029-01-01,34.6,Isle of Man
2030-01-01,34.6,Isle of Man
2021-01-01,1363.690366,Israel
2022-01-01,1357.797298,Israel
2023-01-01,1333.817005,Israel
2024-01-01,1291.746238,Israel
2025-01-01,1269.092061,Israel
2026-01-01,1263.198994,Israel
2027-01-01,1239.218701,Israel
2028-01-01,1197.147934,Israel
2029-01-01,1174.493757,Israel
2030-01-01,1168.600689,Israel
2021-01-01,96199.4,Italy
2022-01-01,96737.5,Italy
2023-01-01,97275.6,Italy
2024-01-01,97813.7,Italy
2025-01-01,98351.8,Italy
2026-01-01,98889.9,Italy
2027-01-01,99428,Italy
2028-01-01,99966.1,Italy
2029-01-01,100504.2,Italy
2030-01-01,101042.3,Italy
2021-01-01,6007.8,Jamaica
2022-01-01,6046.7,Jamaica
2023-01-01,6085.5,Jamaica
2024-01-01,6124.4,Jamaica
2025-01-01,6163.3,Jamaica
2026-01-01,6202.2,Jamaica
2027-01-01,6241,Jamaica
2028-01-01,6279.9,Jamaica
2029-01-01,6318.8,Jamaica
2030-01-01,6357.7,Jamaica
2021-01-01,249300,Japan
2022-01-01,249300,Japan
2023-01-01,249300,Japan
2024-01-01,249300,Japan
2025-01-01,249250,Japan
2026-01-01,249250,Japan
2027-01-01,249250,Japan
2028-01-01,249250,Japan
2029-01-01,249200,Japan
2030-01-01,249200,Japan
2021-01-01,975,Jordan
2022-01-01,975,Jordan
2023-01-01,975,Jordan
2024-01-01,975,Jordan
2025-01-01,975,Jordan
2026-01-01,975,Jordan
2027-01-01,975,Jordan
2028-01-01,975,Jordan
2029-01-01,975,Jordan
2030-01-01,975,Jordan
2021-01-01,34839.3,Kazakhstan
2022-01-01,35131.712,Kazakhstan
2023-01-01,35424.1,Kazakhstan
2024-01-01,35716.5,Kazakhstan
2025-01-01,36009,Kazakhstan
2026-01-01,36301.412,Kazakhstan
2027-01-01,36593.8,Kazakhstan
2028-01-01,36886.2,Kazakhstan
2029-01-01,37178.7,Kazakhstan
2030-01-01,37471.112,Kazakhstan
2021-01-01,36431.1807,Kenya
2022-01-01,36604.50949,Kenya
2023-01-01,36739.95488,Kenya
2024-01-01,36839.84777,Kenya
2025-01-01,37069.61762,Kenya
2026-01-01,37242.94641,Kenya
2027-01-01,37378.3918,Kenya
2028-01-01,37478.28469,Kenya
2029-01-01,37708.05453,Kenya
2030-01-01,37881.38333,Kenya
2021-01-01,11.8,Kiribati
2022-01-01,11.8,Kiribati
2023-01-01,11.8,Kiribati
2024-01-01,11.8,Kiribati
2025-01-01,11.8,Kiribati
2026-01-01,11.8,Kiribati
2027-01-01,11.8,Kiribati
2028-01-01,11.8,Kiribati
2029-01-01,11.8,Kiribati
2030-01-01,11.8,Kiribati
2021-01-01,60088.6,"Korea, Dem. People's Rep."
2022-01-01,59876.3,"Korea, Dem. People's Rep."
2023-01-01,59664,"Korea, Dem. People's Rep."
2024-01-01,59451.7,"Korea, Dem. People's Rep."
2025-01-01,59239.4,"Korea, Dem. People's Rep."
2026-01-01,59027.1,"Korea, Dem. People's Rep."
2027-01-01,58814.8,"Korea, Dem. People's Rep."
2028-01-01,58602.5,"Korea, Dem. People's Rep."
2029-01-01,58390.2,"Korea, Dem. People's Rep."
2030-01-01,58177.9,"Korea, Dem. People's Rep."
2021-01-01,62790,"Korea, Rep."
2022-01-01,62690,"Korea, Rep."
2023-01-01,62590,"Korea, Rep."
2024-01-01,62490,"Korea, Rep."
2025-01-01,62410,"Korea, Rep."
2026-01-01,62310,"Korea, Rep."
2027-01-01,62210,"Korea, Rep."
2028-01-01,62110,"Korea, Rep."
2029-01-01,62030,"Korea, Rep."
2030-01-01,61930,"Korea, Rep."
2021-01-01,62.5,Kuwait
2022-01-01,62.5,Kuwait
2023-01-01,62.5,Kuwait
2024-01-01,62.5,Kuwait
2025-01-01,62.5,Kuwait
2026-01-01,62.5,Kuwait
2027-01-01,62.5,Kuwait
2028-01-01,62.5,Kuwait
2029-01-01,62.5,Kuwait
2030-01-01,62.5,Kuwait
2021-01-01,13248.10877,Kyrgyz Republic
2022-01-01,13405.2646,Kyrgyz Republic
2023-01-01,13564.77431,Kyrgyz Republic
2024-01-01,13726.48721,Kyrgyz Republic
2025-01-01,13843.43225,Kyrgyz Republic
2026-01-01,14000.58808,Kyrgyz Republic
2027-01-01,14160.09779,Kyrgyz Republic
2028-01-01,14321.81069,Kyrgyz Republic
2029-01-01,14438.75573,Kyrgyz Republic
2030-01-01,14595.91156,Kyrgyz Republic
2021-01-01,165610,Lao PDR
2022-01-01,165265,Lao PDR
2023-01-01,164920,Lao PDR
2024-01-01,164575,Lao PDR
2025-01-01,164230,Lao PDR
2026-01-01,163885,Lao PDR
2027-01-01,163540,Lao PDR
2028-01-01,163195,Lao PDR
2029-01-01,162850,Lao PDR
2030-01-01,162505,Lao PDR
2021-01-01,17601352.79,Late-demographic dividend
2022-01-01,17609929.04,Late-demographic dividend
2023-01-01,17616383.98,Late-demographic dividend
2024-01-01,17623580.98,Late-demographic dividend
2025-01-01,17624083.97,Late-demographic dividend
2026-01-01,17632660.22,Late-demographic dividend
2027-01-01,17639115.16,Late-demographic dividend
2028-01-01,17646312.16,Late-demographic dividend
2029-01-01,17646815.15,Late-demographic dividend
2030-01-01,17655391.4,Late-demographic dividend
2021-01-01,9285721.5,Latin America & Caribbean
2022-01-01,9262534.9,Latin America & Caribbean
2023-01-01,9237500,Latin America & Caribbean
2024-01-01,9213667.4,Latin America & Caribbean
2025-01-01,9179057.8,Latin America & Caribbean
2026-01-01,9155871.2,Latin America & Caribbean
2027-01-01,9130836.3,Latin America & Caribbean
2028-01-01,9107003.7,Latin America & Caribbean
2029-01-01,9072394.1,Latin America & Caribbean
2030-01-01,9049207.5,Latin America & Caribbean
2021-01-01,8607618.7,Latin America & Caribbean (excluding high income)
2022-01-01,8583894.6,Latin America & Caribbean (excluding high income)
2023-01-01,8558077.4,Latin America & Caribbean (excluding high income)
2024-01-01,8533215.2,Latin America & Caribbean (excluding high income)
2025-01-01,8498315.5,Latin America & Caribbean (excluding high income)
2026-01-01,8474591.4,Latin America & Caribbean (excluding high income)
2027-01-01,8448774.2,Latin America & Caribbean (excluding high income)
2028-01-01,8423912,Latin America & Caribbean (excluding high income)
2029-01-01,8389012.3,Latin America & Caribbean (excluding high income)
2030-01-01,8365288.2,Latin America & Caribbean (excluding high income)
2021-01-01,9242671.5,Latin America & the Caribbean (IDA & IBRD countries)
2022-01-01,9219477.6,Latin America & the Caribbean (IDA & IBRD countries)
2023-01-01,9194437.2,Latin America & the Caribbean (IDA & IBRD countries)
2024-01-01,9170598.2,Latin America & the Caribbean (IDA & IBRD countries)
2025-01-01,9135972.2,Latin America & the Caribbean (IDA & IBRD countries)
2026-01-01,9112778.3,Latin America & the Caribbean (IDA & IBRD countries)
2027-01-01,9087737.9,Latin America & the Caribbean (IDA & IBRD countries)
2028-01-01,9063898.9,Latin America & the Caribbean (IDA & IBRD countries)
2029-01-01,9029272.9,Latin America & the Caribbean (IDA & IBRD countries)
2030-01-01,9006079,Latin America & the Caribbean (IDA & IBRD countries)
2021-01-01,34146.6,Latvia
2022-01-01,34185.3,Latvia
2023-01-01,34224,Latvia
2024-01-01,34262.7,Latvia
2025-01-01,34301.4,Latvia
2026-01-01,34340.1,Latvia
2027-01-01,34378.8,Latvia
2028-01-01,34417.5,Latvia
2029-01-01,34456.2,Latvia
2030-01-01,34494.9,Latvia
2021-01-01,5301821.003,Least developed countries: UN classification
2022-01-01,5289504.013,Least developed countries: UN classification
2023-01-01,5253252.391,Least developed countries: UN classification
2024-01-01,5193183.427,Least developed countries: UN classification
2025-01-01,5146279.525,Least developed countries: UN classification
2026-01-01,5133962.535,Least developed countries: UN classification
2027-01-01,5097710.914,Least developed countries: UN classification
2028-01-01,5037641.95,Least developed countries: UN classification
2029-01-01,4990738.048,Least developed countries: UN classification
2030-01-01,4978421.058,Least developed countries: UN classification
2021-01-01,1439.3,Lebanon
2022-01-01,1445.3,Lebanon
2023-01-01,1451.3,Lebanon
2024-01-01,1457.3,Lebanon
2025-01-01,1463.3,Lebanon
2026-01-01,1469.3,Lebanon
2027-01-01,1475.3,Lebanon
2028-01-01,1481.3,Lebanon
2029-01-01,1487.3,Lebanon
2030-01-01,1493.3,Lebanon
2021-01-01,345.2,Lesotho
2022-01-01,345.2,Lesotho
2023-01-01,345.2,Lesotho
2024-01-01,345.2,Lesotho
2025-01-01,345.2,Lesotho
2026-01-01,345.2,Lesotho
2027-01-01,345.2,Lesotho
2028-01-01,345.2,Lesotho
2029-01-01,345.2,Lesotho
2030-01-01,345.2,Lesotho
2021-01-01,75871.8,Liberia
2022-01-01,75569.2,Liberia
2023-01-01,75266.6,Liberia
2024-01-01,74964,Liberia
2025-01-01,74661.4,Liberia
2026-01-01,74358.8,Liberia
2027-01-01,74056.2,Liberia
2028-01-01,73753.6,Liberia
2029-01-01,73451,Liberia
2030-01-01,73148.4,Liberia
2021-01-01,2170,Libya
2022-01-01,2170,Libya
2023-01-01,2170,Libya
2024-01-01,2170,Libya
2025-01-01,2170,Libya
2026-01-01,2170,Libya
2027-01-01,2170,Libya
2028-01-01,2170,Libya
2029-01-01,2170,Libya
2030-01-01,2170,Libya
2021-01-01,67,Liechtenstein
2022-01-01,67,Liechtenstein
2023-01-01,67,Liechtenstein
2024-01-01,67,Liechtenstein
2025-01-01,67,Liechtenstein
2026-01-01,67,Liechtenstein
2027-01-01,67,Liechtenstein
2028-01-01,67,Liechtenstein
2029-01-01,67,Liechtenstein
2030-01-01,67,Liechtenstein
2021-01-01,22070,Lithuania
2022-01-01,22090,Lithuania
2023-01-01,22110,Lithuania
2024-01-01,22120,Lithuania
2025-01-01,22180,Lithuania
2026-01-01,22200,Lithuania
2027-01-01,22220,Lithuania
2028-01-01,22230,Lithuania
2029-01-01,22290,Lithuania
2030-01-01,22310,Lithuania
2021-01-01,29755363.07,Low & middle income
2022-01-01,29705156.34,Low & middle income
2023-01-01,29652065.4,Low & middle income
2024-01-01,29600257.2,Low & middle income
2025-01-01,29533008.57,Low & middle income
2026-01-01,29482801.84,Low & middle income
2027-01-01,29429710.9,Low & middle income
2028-01-01,29377902.7,Low & middle income
2029-01-01,29310654.07,Low & middle income
2030-01-01,29260447.34,Low & middle income
2021-01-01,3073823.367,Low income
2022-01-01,3085531.853,Low income
2023-01-01,3073235.181,Low income
2024-01-01,3036944.577,Low income
2025-01-01,3034807.301,Low income
2026-01-01,3046515.788,Low income
2027-01-01,3034219.116,Low income
2028-01-01,2997928.511,Low income
2029-01-01,2995791.236,Low income
2030-01-01,3007499.722,Low income
2021-01-01,6686581.323,Lower middle income
2022-01-01,6658934.421,Lower middle income
2023-01-01,6631415.921,Lower middle income
2024-01-01,6604020.521,Lower middle income
2025-01-01,6569046.444,Lower middle income
2026-01-01,6541399.542,Lower middle income
2027-01-01,6513881.042,Lower middle income
2028-01-01,6486485.642,Lower middle income
2029-01-01,6451511.565,Lower middle income
2030-01-01,6423864.663,Lower middle income
2021-01-01,887,Luxembourg
2022-01-01,887,Luxembourg
2023-01-01,887,Luxembourg
2024-01-01,887,Luxembourg
2025-01-01,887,Luxembourg
2026-01-01,887,Luxembourg
2027-01-01,887,Luxembourg
2028-01-01,887,Luxembourg
2029-01-01,887,Luxembourg
2030-01-01,887,Luxembourg
2021-01-01,124165.9,Madagascar
2022-01-01,124033.7,Madagascar
2023-01-01,123901.6,Madagascar
2024-01-01,123769.4,Madagascar
2025-01-01,123637.2,Madagascar
2026-01-01,123505,Madagascar
2027-01-01,123372.9,Madagascar
2028-01-01,123240.7,Madagascar
2029-01-01,123108.5,Madagascar
2030-01-01,122976.3,Madagascar
2021-01-01,21997,Malawi
2022-01-01,21577,Malawi
2023-01-01,21157,Malawi
2024-01-01,20737,Malawi
2025-01-01,20317,Malawi
2026-01-01,19897,Malawi
2027-01-01,19477,Malawi
2028-01-01,19057,Malawi
2029-01-01,18637,Malawi
2030-01-01,18217,Malawi
2021-01-01,190638.9,Malaysia
2022-01-01,190137.4,Malaysia
2023-01-01,189635.9,Malaysia
2024-01-01,189134.4,Malaysia
2025-01-01,188632.9,Malaysia
2026-01-01,188131.4,Malaysia
2027-01-01,187629.9,Malaysia
2028-01-01,187128.4,Malaysia
2029-01-01,186626.9,Malaysia
2030-01-01,186125.4,Malaysia
2021-01-01,8.2,Maldives
2022-01-01,8.2,Maldives
2023-01-01,8.2,Maldives
2024-01-01,8.2,Maldives
2025-01-01,8.2,Maldives
2026-01-01,8.2,Maldives
2027-01-01,8.2,Maldives
2028-01-01,8.2,Maldives
2029-01-01,8.2,Maldives
2030-01-01,8.2,Maldives
2021-01-01,132960,Mali
2022-01-01,132960,Mali
2023-01-01,132960,Mali
2024-01-01,132960,Mali
2025-01-01,132960,Mali
2026-01-01,132960,Mali
2027-01-01,132960,Mali
2028-01-01,132960,Mali
2029-01-01,132960,Mali
2030-01-01,132960,Mali
2021-01-01,4.275053735,Malta
2022-01-01,4.322573133,Malta
2023-01-01,4.365172197,Malta
2024-01-01,4.402864814,Malta
2025-01-01,4.484881948,Malta
2026-01-01,4.532401346,Malta
2027-01-01,4.57500041,Malta
2028-01-01,4.612693027,Malta
2029-01-01,4.694710161,Malta
2030-01-01,4.742229559,Malta
2021-01-01,94,Marshall Islands
2022-01-01,94,Marshall Islands
2023-01-01,94,Marshall Islands
2024-01-01,94,Marshall Islands
2025-01-01,94,Marshall Islands
2026-01-01,94,Marshall Islands
2027-01-01,94,Marshall Islands
2028-01-01,94,Marshall Islands
2029-01-01,94,Marshall Islands
2030-01-01,94,Marshall Islands
2021-01-01,3074,Mauritania
2022-01-01,3019,Mauritania
2023-01-01,2965,Mauritania
2024-01-01,2910,Mauritania
2025-01-01,2856,Mauritania
2026-01-01,2801,Mauritania
2027-01-01,2747,Mauritania
2028-01-01,2692,Mauritania
2029-01-01,2638,Mauritania
2030-01-01,2583,Mauritania
2021-01-01,391.3,Mauritius
2022-01-01,391.7,Mauritius
2023-01-01,392.1,Mauritius
2024-01-01,392.5,Mauritius
2025-01-01,396.1,Mauritius
2026-01-01,396.5,Mauritius
2027-01-01,396.9,Mauritius
2028-01-01,397.3,Mauritius
2029-01-01,400.9,Mauritius
2030-01-01,401.3,Mauritius
2021-01-01,655643.1,Mexico
2022-01-01,654365.4,Mexico
2023-01-01,653087.8,Mexico
2024-01-01,651810.1,Mexico
2025-01-01,650532.4,Mexico
2026-01-01,649254.7,Mexico
2027-01-01,647977.1,Mexico
2028-01-01,646699.4,Mexico
2029-01-01,645421.7,Mexico
2030-01-01,644144,Mexico
2021-01-01,644.5,"Micronesia, Fed. Sts."
2022-01-01,644.8,"Micronesia, Fed. Sts."
2023-01-01,645.1,"Micronesia, Fed. Sts."
2024-01-01,645.4,"Micronesia, Fed. Sts."
2025-01-01,645.7,"Micronesia, Fed. Sts."
2026-01-01,646,"Micronesia, Fed. Sts."
2027-01-01,646.3,"Micronesia, Fed. Sts."
2028-01-01,646.6,"Micronesia, Fed. Sts."
2029-01-01,646.9,"Micronesia, Fed. Sts."
2030-01-01,647.2,"Micronesia, Fed. Sts."
2021-01-01,230145.4,Middle East & North Africa
2022-01-01,230301,Middle East & North Africa
2023-01-01,230681.5,Middle East & North Africa
2024-01-01,230992,Middle East & North Africa
2025-01-01,231086.1,Middle East & North Africa
2026-01-01,231241.7,Middle East & North Africa
2027-01-01,231622.2,Middle East & North Africa
2028-01-01,231932.7,Middle East & North Africa
2029-01-01,232026.8,Middle East & North Africa
2030-01-01,232182.4,Middle East & North Africa
2021-01-01,215602.3,Middle East & North Africa (IDA & IBRD countries)
2022-01-01,215758.3,Middle East & North Africa (IDA & IBRD countries)
2023-01-01,216139.6,Middle East & North Africa (IDA & IBRD countries)
2024-01-01,216449.9,Middle East & North Africa (IDA & IBRD countries)
2025-01-01,216544.4,Middle East & North Africa (IDA & IBRD countries)
2026-01-01,216700.4,Middle East & North Africa (IDA & IBRD countries)
2027-01-01,217081.7,Middle East & North Africa (IDA & IBRD countries)
2028-01-01,217392,Middle East & North Africa (IDA & IBRD countries)
2029-01-01,217486.5,Middle East & North Africa (IDA & IBRD countries)
2030-01-01,217642.5,Middle East & North Africa (IDA & IBRD countries)
2021-01-01,215703.7,Middle East & North Africa (excluding high income)
2022-01-01,215859.7,Middle East & North Africa (excluding high income)
2023-01-01,216241,Middle East & North Africa (excluding high income)
2024-01-01,216551.3,Middle East & North Africa (excluding high income)
2025-01-01,216645.8,Middle East & North Africa (excluding high income)
2026-01-01,216801.8,Middle East & North Africa (excluding high income)
2027-01-01,217183.1,Middle East & North Africa (excluding high income)
2028-01-01,217493.4,Middle East & North Africa (excluding high income)
2029-01-01,217587.9,Middle East & North Africa (excluding high income)
2030-01-01,217743.9,Middle East & North Africa (excluding high income)
2021-01-01,26722433.37,Middle income
2022-01-01,26692637.86,Middle income
2023-01-01,26660684.5,Middle income
2024-01-01,26629616.6,Middle income
2025-01-01,26583191.67,Middle income
2026-01-01,26553396.16,Middle income
2027-01-01,26521442.8,Middle income
2028-01-01,26490374.9,Middle income
2029-01-01,26443949.97,Middle income
2030-01-01,26414154.46,Middle income
2021-01-01,3865,Moldova
2022-01-01,3865,Moldova
2023-01-01,3865,Moldova
2024-01-01,3865,Moldova
2025-01-01,3865,Moldova
2026-01-01,3865,Moldova
2027-01-01,3865,Moldova
2028-01-01,3865,Moldova
2029-01-01,3865,Moldova
2030-01-01,3865,Moldova
2021-01-01,0,Monaco
2022-01-01,0,Monaco
2023-01-01,0,Monaco
2024-01-01,0,Monaco
2025-01-01,0,Monaco
2026-01-01,0,Monaco
2027-01-01,0,Monaco
2028-01-01,0,Monaco
2029-01-01,0,Monaco
2030-01-01,0,Monaco
2021-01-01,141716.7,Mongolia
2022-01-01,141705.6,Mongolia
2023-01-01,141694.5,Mongolia
2024-01-01,141683.4,Mongolia
2025-01-01,141672.3,Mongolia
2026-01-01,141661.2,Mongolia
2027-01-01,141650.1,Mongolia
2028-01-01,141639,Mongolia
2029-01-01,141627.9,Mongolia
2030-01-01,141616.8,Mongolia
2021-01-01,8405.775563,Montenegro
2022-01-01,8492.541613,Montenegro
2023-01-01,8508.348958,Montenegro
2024-01-01,8453.2238,Montenegro
2025-01-01,8513.833748,Montenegro
2026-01-01,8600.599798,Montenegro
2027-01-01,8616.407143,Montenegro
2028-01-01,8561.281986,Montenegro
2029-01-01,8621.891933,Montenegro
2030-01-01,8708.657983,Montenegro
2021-01-01,57542.9,Morocco
2022-01-01,57642.9,Morocco
2023-01-01,57747.9,Morocco
2024-01-01,57851.9,Morocco
2025-01-01,57969.9,Morocco
2026-01-01,58069.9,Morocco
2027-01-01,58174.9,Morocco
2028-01-01,58278.9,Morocco
2029-01-01,58396.9,Morocco
2030-01-01,58496.9,Morocco
2021-01-01,365220.7,Mozambique
2022-01-01,363396.38,Mozambique
2023-01-01,360815.8,Mozambique
2024-01-01,358592.3,Mozambique
2025-01-01,356375.4,Mozambique
2026-01-01,354551.08,Mozambique
2027-01-01,351970.5,Mozambique
2028-01-01,349747,Mozambique
2029-01-01,347530.1,Mozambique
2030-01-01,345705.78,Mozambique
2021-01-01,282541.8,Myanmar
2022-01-01,279644.7,Myanmar
2023-01-01,276747.6,Myanmar
2024-01-01,273850.5,Myanmar
2025-01-01,270953.4,Myanmar
2026-01-01,268056.3,Myanmar
2027-01-01,265159.2,Myanmar
2028-01-01,262262.1,Myanmar
2029-01-01,259365,Myanmar
2030-01-01,256467.9,Myanmar
2021-01-01,65678.9,Namibia
2022-01-01,64968.8,Namibia
2023-01-01,64258.7,Namibia
2024-01-01,63548.6,Namibia
2025-01-01,62838.5,Namibia
2026-01-01,62128.4,Namibia
2027-01-01,61418.3,Namibia
2028-01-01,60708.2,Namibia
2029-01-01,59998.1,Namibia
2030-01-01,59288,Namibia
2021-01-01,0,Nauru
2022-01-01,0,Nauru
2023-01-01,0,Nauru
2024-01-01,0,Nauru
2025-01-01,0,Nauru
2026-01-01,0,Nauru
2027-01-01,0,Nauru
2028-01-01,0,Nauru
2029-01-01,0,Nauru
2030-01-01,0,Nauru
2021-01-01,59620.3,Nepal
2022-01-01,59620.3,Nepal
2023-01-01,59620.3,Nepal
2024-01-01,59620.3,Nepal
2025-01-01,59620.3,Nepal
2026-01-01,59620.3,Nepal
2027-01-01,59620.3,Nepal
2028-01-01,59620.3,Nepal
2029-01-01,59620.3,Nepal
2030-01-01,59620.3,Nepal
2021-01-01,3704.4,Netherlands
2022-01-01,3713.7,Netherlands
2023-01-01,3723.1,Netherlands
2024-01-01,3732.4,Netherlands
2025-01-01,3741.8,Netherlands
2026-01-01,3751.1,Netherlands
2027-01-01,3760.5,Netherlands
2028-01-01,3769.8,Netherlands
2029-01-01,3779.2,Netherlands
2030-01-01,3788.5,Netherlands
2021-01-01,8379.2,New Caledonia
2022-01-01,8378.2,New Caledonia
2023-01-01,8377.2,New Caledonia
2024-01-01,8376.2,New Caledonia
2025-01-01,8375.2,New Caledonia
2026-01-01,8374.2,New Caledonia
2027-01-01,8373.2,New Caledonia
2028-01-01,8372.2,New Caledonia
2029-01-01,8371.2,New Caledonia
2030-01-01,8370.2,New Caledonia
2021-01-01,98966.9,New Zealand
2022-01-01,99009.9,New Zealand
2023-01-01,99113.6,New Zealand
2024-01-01,99384.3,New Zealand
2025-01-01,99425.3,New Zealand
2026-01-01,99468.3,New Zealand
2027-01-01,99572,New Zealand
2028-01-01,99842.7,New Zealand
2029-01-01,99883.7,New Zealand
2030-01-01,99926.7,New Zealand
2021-01-01,33075.3,Nicaragua
2022-01-01,32075.3,Nicaragua
2023-01-01,31075.3,Nicaragua
2024-01-01,30075.3,Nicaragua
2025-01-01,29075.3,Nicaragua
2026-01-01,28075.3,Nicaragua
2027-01-01,27075.3,Nicaragua
2028-01-01,26075.3,Nicaragua
2029-01-01,25075.3,Nicaragua
2030-01-01,24075.3,Nicaragua
2021-01-01,10672.8,Niger
2022-01-01,10548.6,Niger
2023-01-01,10424.4,Niger
2024-01-01,10300.2,Niger
2025-01-01,10176,Niger
2026-01-01,10051.8,Niger
2027-01-01,9927.6,Niger
2028-01-01,9803.4,Niger
2029-01-01,9679.2,Niger
2030-01-01,9555,Niger
2021-01-01,214636.5211,Nigeria
2022-01-01,213003.5211,Nigeria
2023-01-01,211370.5211,Nigeria
2024-01-01,209737.5211,Nigeria
2025-01-01,208104.5422,Nigeria
2026-01-01,206471.5422,Nigeria
2027-01-01,204838.5422,Nigeria
2028-01-01,203205.5422,Nigeria
2029-01-01,201572.5633,Nigeria
2030-01-01,199939.5633,Nigeria
2021-01-01,6563871.1,North America
2022-01-01,6563501.3,North America
2023-01-01,6563131.4,North America
2024-01-01,6562761.6,North America
2025-01-01,6559391.7,North America
2026-01-01,6559021.9,North America
2027-01-01,6558652,North America
2028-01-01,6558282.2,North America
2029-01-01,6554912.3,North America
2030-01-01,6554542.5,North America
2021-01-01,10013.1,North Macedonia
2022-01-01,10013.1,North Macedonia
2023-01-01,10013.1,North Macedonia
2024-01-01,10013.1,North Macedonia
2025-01-01,10011.3,North Macedonia
2026-01-01,10011.3,North Macedonia
2027-01-01,10011.3,North Macedonia
2028-01-01,10011.3,North Macedonia
2029-01-01,10009.5,North Macedonia
2030-01-01,10009.5,North Macedonia
2021-01-01,229.0784055,Northern Mariana Islands
2022-01-01,225.3654967,Northern Mariana Islands
2023-01-01,218.1134928,Northern Mariana Islands
2024-01-01,207.3217867,Northern Mariana Islands
2025-01-01,200.0642102,Northern Mariana Islands
2026-01-01,196.3513015,Northern Mariana Islands
2027-01-01,189.0992976,Northern Mariana Islands
2028-01-01,178.3075915,Northern Mariana Islands
2029-01-01,171.050015,Northern Mariana Islands
2030-01-01,167.3371062,Northern Mariana Islands
2021-01-01,121878,Norway
2022-01-01,121956,Norway
2023-01-01,122034,Norway
2024-01-01,122112,Norway
2025-01-01,122190,Norway
2026-01-01,122268,Norway
2027-01-01,122346,Norway
2028-01-01,122424,Norway
2029-01-01,122502,Norway
2030-01-01,122580,Norway
2021-01-01,11630299.1,OECD members
2022-01-01,11631312.4,OECD members
2023-01-01,11632509.3,OECD members
2024-01-01,11633852.8,OECD members
2025-01-01,11631447.9,OECD members
2026-01-01,11632461.2,OECD members
2027-01-01,11633658.1,OECD members
2028-01-01,11635001.6,OECD members
2029-01-01,11632596.7,OECD members
2030-01-01,11633610,OECD members
2021-01-01,23.47682374,Oman
2022-01-01,22.6178464,Oman
2023-01-01,21.74997596,Oman
2024-01-01,20.87290844,Oman
2025-01-01,19.78867769,Oman
2026-01-01,18.92970035,Oman
2027-01-01,18.06182991,Oman
2028-01-01,17.18476239,Oman
2029-01-01,16.10053164,Oman
2030-01-01,15.2415543,Oman
2021-01-01,581505.2,Other small states
2022-01-01,579283.1,Other small states
2023-01-01,577063.6,Other small states
2024-01-01,574844.7,Other small states
2025-01-01,572803.6,Other small states
2026-01-01,570581.5,Other small states
2027-01-01,568362,Other small states
2028-01-01,566143.1,Other small states
2029-01-01,564102,Other small states
2030-01-01,561879.9,Other small states
2021-01-01,43989,Pacific island small states
2022-01-01,44044.9,Pacific island small states
2023-01-01,44100.7,Pacific island small states
2024-01-01,44156.5,Pacific island small states
2025-01-01,44212.3,Pacific island small states
2026-01-01,44268.2,Pacific island small states
2027-01-01,44324,Pacific island small states
2028-01-01,44379.8,Pacific island small states
2029-01-01,44435.6,Pacific island small states
2030-01-01,44491.5,Pacific island small states
2021-01-01,37075.8,Pakistan
2022-01-01,36662.4,Pakistan
2023-01-01,36249,Pakistan
2024-01-01,35835.6,Pakistan
2025-01-01,35652.4,Pakistan
2026-01-01,35239,Pakistan
2027-01-01,34825.6,Pakistan
2028-01-01,34412.2,Pakistan
2029-01-01,34229,Pakistan
2030-01-01,33815.6,Pakistan
2021-01-01,414.9,Palau
2022-01-01,415.8,Palau
2023-01-01,416.6,Palau
2024-01-01,417.4,Palau
2025-01-01,418.2,Palau
2026-01-01,419.1,Palau
2027-01-01,419.9,Palau
2028-01-01,420.7,Palau
2029-01-01,421.5,Palau
2030-01-01,422.4,Palau
2021-01-01,42024.2,Panama
2022-01-01,41910.1,Panama
2023-01-01,41795.9,Panama
2024-01-01,41681.8,Panama
2025-01-01,41567.6,Panama
2026-01-01,41453.5,Panama
2027-01-01,41339.3,Panama
2028-01-01,41225.2,Panama
2029-01-01,41111,Panama
2030-01-01,40996.9,Panama
2021-01-01,358222.3,Papua New Guinea
2022-01-01,357887,Papua New Guinea
2023-01-01,357551.7,Papua New Guinea
2024-01-01,357216.4,Papua New Guinea
2025-01-01,356881.1,Papua New Guinea
2026-01-01,356545.8,Papua New Guinea
2027-01-01,356210.5,Papua New Guinea
2028-01-01,355875.2,Papua New Guinea
2029-01-01,355539.9,Papua New Guinea
2030-01-01,355204.6,Papua New Guinea
2021-01-01,157094,Paraguay
2022-01-01,154300.6,Paraguay
2023-01-01,151507.3,Paraguay
2024-01-01,148713.9,Paraguay
2025-01-01,144785.3,Paraguay
2026-01-01,141991.9,Paraguay
2027-01-01,139198.6,Paraguay
2028-01-01,136405.2,Paraguay
2029-01-01,132476.6,Paraguay
2030-01-01,129683.2,Paraguay
2021-01-01,721548.7,Peru
2022-01-01,719961.3,Peru
2023-01-01,718232.9,Peru
2024-01-01,716504.6,Peru
2025-01-01,714749.6,Peru
2026-01-01,713162.2,Peru
2027-01-01,711433.8,Peru
2028-01-01,709705.5,Peru
2029-01-01,707950.5,Peru
2030-01-01,706363.1,Peru
2021-01-01,72234.8,Philippines
2022-01-01,72583.6,Philippines
2023-01-01,72932.5,Philippines
2024-01-01,73281.4,Philippines
2025-01-01,73630.3,Philippines
2026-01-01,73979.1,Philippines
2027-01-01,74328,Philippines
2028-01-01,74676.9,Philippines
2029-01-01,75025.8,Philippines
2030-01-01,75374.6,Philippines
2021-01-01,94950,Poland
2022-01-01,95070,Poland
2023-01-01,95190,Poland
2024-01-01,95310,Poland
2025-01-01,95430,Poland
2026-01-01,95550,Poland
2027-01-01,95670,Poland
2028-01-01,95790,Poland
2029-01-01,95910,Poland
2030-01-01,96030,Poland
2021-01-01,33120,Portugal
2022-01-01,33120,Portugal
2023-01-01,33120,Portugal
2024-01-01,33120,Portugal
2025-01-01,33120,Portugal
2026-01-01,33120,Portugal
2027-01-01,33120,Portugal
2028-01-01,33120,Portugal
2029-01-01,33120,Portugal
2030-01-01,33120,Portugal
2021-01-01,10063448.83,Post-demographic dividend
2022-01-01,10064943.44,Post-demographic dividend
2023-01-01,10066610.04,Post-demographic dividend
2024-01-01,10068423.74,Post-demographic dividend
2025-01-01,10066981.67,Post-demographic dividend
2026-01-01,10068476.29,Post-demographic dividend
2027-01-01,10070142.89,Post-demographic dividend
2028-01-01,10071956.59,Post-demographic dividend
2029-01-01,10070514.51,Post-demographic dividend
2030-01-01,10072009.13,Post-demographic dividend
2021-01-01,5186639.343,Pre-demographic dividend
2022-01-01,5184385.342,Pre-demographic dividend
2023-01-01,5149205.15,Pre-demographic dividend
2024-01-01,5081155.067,Pre-demographic dividend
2025-01-01,5039027.522,Pre-demographic dividend
2026-01-01,5036773.521,Pre-demographic dividend
2027-01-01,5001593.329,Pre-demographic dividend
2028-01-01,4933543.246,Pre-demographic dividend
2029-01-01,4891415.701,Pre-demographic dividend
2030-01-01,4889161.7,Pre-demographic dividend
2021-01-01,4968.2,Puerto Rico
2022-01-01,4973.1,Puerto Rico
2023-01-01,4978,Puerto Rico
2024-01-01,4982.9,Puerto Rico
2025-01-01,4987.8,Puerto Rico
2026-01-01,4992.7,Puerto Rico
2027-01-01,4997.6,Puerto Rico
2028-01-01,5002.5,Puerto Rico
2029-01-01,5007.4,Puerto Rico
2030-01-01,5012.3,Puerto Rico
2021-01-01,0,Qatar
2022-01-01,0,Qatar
2023-01-01,0,Qatar
2024-01-01,0,Qatar
2025-01-01,0,Qatar
2026-01-01,0,Qatar
2027-01-01,0,Qatar
2028-01-01,0,Qatar
2029-01-01,0,Qatar
2030-01-01,0,Qatar
2021-01-01,69290.5,Romania
2022-01-01,69290.5,Romania
2023-01-01,69290.5,Romania
2024-01-01,69290.5,Romania
2025-01-01,69290.5,Romania
2026-01-01,69290.5,Romania
2027-01-01,69290.5,Romania
2028-01-01,69290.5,Romania
2029-01-01,69290.5,Romania
2030-01-01,69290.5,Romania
2021-01-01,8155021.7,Russian Federation
2022-01-01,8155021.7,Russian Federation
2023-01-01,8155021.7,Russian Federation
2024-01-01,8155021.7,Russian Federation
2025-01-01,8156927.4,Russian Federation
2026-01-01,8156927.4,Russian Federation
2027-01-01,8156927.4,Russian Federation
2028-01-01,8156927.4,Russian Federation
2029-01-01,8158833.1,Russian Federation
2030-01-01,8158833.1,Russian Federation
2021-01-01,2770,Rwanda
2022-01-01,2780,Rwanda
2023-01-01,2790,Rwanda
2024-01-01,2800,Rwanda
2025-01-01,2810,Rwanda
2026-01-01,2820,Rwanda
2027-01-01,2830,Rwanda
2028-01-01,2840,Rwanda
2029-01-01,2850,Rwanda
2030-01-01,2860,Rwanda
2021-01-01,1611.9,Samoa
2022-01-01,1607.1,Samoa
2023-01-01,1602.3,Samoa
2024-01-01,1597.5,Samoa
2025-01-01,1592.7,Samoa
2026-01-01,1587.9,Samoa
2027-01-01,1583.1,Samoa
2028-01-01,1578.3,Samoa
2029-01-01,1573.5,Samoa
2030-01-01,1568.7,Samoa
2021-01-01,10,San Marino
2022-01-01,10,San Marino
2023-01-01,10,San Marino
2024-01-01,10,San Marino
2025-01-01,10,San Marino
2026-01-01,10,San Marino
2027-01-01,10,San Marino
2028-01-01,10,San Marino
2029-01-01,10,San Marino
2030-01-01,10,San Marino
2021-01-01,512.8,Sao Tome and Principe
2022-01-01,506.6,Sao Tome and Principe
2023-01-01,500.4,Sao Tome and Principe
2024-01-01,494.2,Sao Tome and Principe
2025-01-01,488,Sao Tome and Principe
2026-01-01,481.8,Sao Tome and Principe
2027-01-01,475.6,Sao Tome and Principe
2028-01-01,469.4,Sao Tome and Principe
2029-01-01,463.2,Sao Tome and Principe
2030-01-01,457,Sao Tome and Principe
2021-01-01,9770,Saudi Arabia
2022-01-01,9770,Saudi Arabia
2023-01-01,9770,Saudi Arabia
2024-01-01,9770,Saudi Arabia
2025-01-01,9770,Saudi Arabia
2026-01-01,9770,Saudi Arabia
2027-01-01,9770,Saudi Arabia
2028-01-01,9770,Saudi Arabia
2029-01-01,9770,Saudi Arabia
2030-01-01,9770,Saudi Arabia
2021-01-01,80281.6,Senegal
2022-01-01,79881.6,Senegal
2023-01-01,79481.6,Senegal
2024-01-01,79081.6,Senegal
2025-01-01,78681.6,Senegal
2026-01-01,78281.6,Senegal
2027-01-01,77881.6,Senegal
2028-01-01,77481.6,Senegal
2029-01-01,77081.6,Senegal
2030-01-01,76681.6,Senegal
2021-01-01,27140.96731,Serbia
2022-01-01,27303.51874,Serbia
2023-01-01,27335.26031,Serbia
2024-01-01,27236.73202,Serbia
2025-01-01,27173.9191,Serbia
2026-01-01,27336.47053,Serbia
2027-01-01,27368.2121,Serbia
2028-01-01,27269.68381,Serbia
2029-01-01,27206.87089,Serbia
2030-01-01,27369.42232,Serbia
2021-01-01,337,Seychelles
2022-01-01,337,Seychelles
2023-01-01,337,Seychelles
2024-01-01,337,Seychelles
2025-01-01,337,Seychelles
2026-01-01,337,Seychelles
2027-01-01,337,Seychelles
2028-01-01,337,Seychelles
2029-01-01,337,Seychelles
2030-01-01,337,Seychelles
2021-01-01,25151.5,Sierra Leone
2022-01-01,24954.2,Sierra Leone
2023-01-01,24756.9,Sierra Leone
2024-01-01,24559.6,Sierra Leone
2025-01-01,24362.3,Sierra Leone
2026-01-01,24165,Sierra Leone
2027-01-01,23967.7,Sierra Leone
2028-01-01,23770.4,Sierra Leone
2029-01-01,23573.1,Sierra Leone
2030-01-01,23375.8,Sierra Leone
2021-01-01,153.945,Singapore
2022-01-01,152.145,Singapore
2023-01-01,150.345,Singapore
2024-01-01,148.545,Singapore
2025-01-01,146.79,Singapore
2026-01-01,144.99,Singapore
2027-01-01,143.19,Singapore
2028-01-01,141.39,Singapore
2029-01-01,139.635,Singapore
2030-01-01,137.835,Singapore
2021-01-01,3.7,Sint Maarten (Dutch part)
2022-01-01,3.7,Sint Maarten (Dutch part)
2023-01-01,3.7,Sint Maarten (Dutch part)
2024-01-01,3.7,Sint Maarten (Dutch part)
2025-01-01,3.7,Sint Maarten (Dutch part)
2026-01-01,3.7,Sint Maarten (Dutch part)
2027-01-01,3.7,Sint Maarten (Dutch part)
2028-01-01,3.7,Sint Maarten (Dutch part)
2029-01-01,3.7,Sint Maarten (Dutch part)
2030-01-01,3.7,Sint Maarten (Dutch part)
2021-01-01,19284.3,Slovak Republic
2022-01-01,19284.3,Slovak Republic
2023-01-01,19284.3,Slovak Republic
2024-01-01,19284.3,Slovak Republic
2025-01-01,19309.6,Slovak Republic
2026-01-01,19309.6,Slovak Republic
2027-01-01,19309.6,Slovak Republic
2028-01-01,19309.6,Slovak Republic
2029-01-01,19334.9,Slovak Republic
2030-01-01,19334.9,Slovak Republic
2021-01-01,12357.9,Slovenia
2022-01-01,12337.6,Slovenia
2023-01-01,12317.2,Slovenia
2024-01-01,12296.9,Slovenia
2025-01-01,12276.5,Slovenia
2026-01-01,12256.2,Slovenia
2027-01-01,12235.8,Slovenia
2028-01-01,12215.5,Slovenia
2029-01-01,12195.1,Slovenia
2030-01-01,12174.8,Slovenia
2021-01-01,988890.8,Small states
2022-01-01,986432.7,Small states
2023-01-01,983976.7,Small states
2024-01-01,981521.7,Small states
2025-01-01,979293.8,Small states
2026-01-01,976835.7,Small states
2027-01-01,974379.7,Small states
2028-01-01,971924.7,Small states
2029-01-01,969696.8,Small states
2030-01-01,967238.7,Small states
2021-01-01,25222.4,Solomon Islands
2022-01-01,25215.1,Solomon Islands
2023-01-01,25207.8,Solomon Islands
2024-01-01,25200.5,Solomon Islands
2025-01-01,25193.2,Solomon Islands
2026-01-01,25185.9,Solomon Islands
2027-01-01,25178.6,Solomon Islands
2028-01-01,25171.3,Solomon Islands
2029-01-01,25164,Solomon Islands
2030-01-01,25156.7,Solomon Islands
2021-01-01,59032.5,Somalia
2022-01-01,58265,Somalia
2023-01-01,57497.5,Somalia
2024-01-01,56730,Somalia
2025-01-01,55962.5,Somalia
2026-01-01,55195,Somalia
2027-01-01,54427.5,Somalia
2028-01-01,53660,Somalia
2029-01-01,52892.5,Somalia
2030-01-01,52125,Somalia
2021-01-01,170136.9,South Africa
2022-01-01,169772.9,South Africa
2023-01-01,169408.9,South Africa
2024-01-01,169044.9,South Africa
2025-01-01,168680.9,South Africa
2026-01-01,168316.9,South Africa
2027-01-01,167952.9,South Africa
2028-01-01,167588.9,South Africa
2029-01-01,167224.9,South Africa
2030-01-01,166860.9,South Africa
2021-01-01,900255.9,South Asia
2022-01-01,902494.7,South Asia
2023-01-01,904733.5,South Asia
2024-01-01,906972.3,South Asia
2025-01-01,909441.3,South Asia
2026-01-01,911680.1,South Asia
2027-01-01,913918.9,South Asia
2028-01-01,916157.7,South Asia
2029-01-01,918626.7,South Asia
2030-01-01,920865.5,South Asia
2021-01-01,900255.9,South Asia (IDA & IBRD)
2022-01-01,902494.7,South Asia (IDA & IBRD)
2023-01-01,904733.5,South Asia (IDA & IBRD)
2024-01-01,906972.3,South Asia (IDA & IBRD)
2025-01-01,909441.3,South Asia (IDA & IBRD)
2026-01-01,911680.1,South Asia (IDA & IBRD)
2027-01-01,913918.9,South Asia (IDA & IBRD)
2028-01-01,916157.7,South Asia (IDA & IBRD)
2029-01-01,918626.7,South Asia (IDA & IBRD)
2030-01-01,920865.5,South Asia (IDA & IBRD)
2021-01-01,71570,South Sudan
2022-01-01,71570,South Sudan
2023-01-01,71570,South Sudan
2024-01-01,71570,South Sudan
2025-01-01,71570,South Sudan
2026-01-01,71570,South Sudan
2027-01-01,71570,South Sudan
2028-01-01,71570,South Sudan
2029-01-01,71570,South Sudan
2030-01-01,71570,South Sudan
2021-01-01,185762.3,Spain
2022-01-01,185805.2,Spain
2023-01-01,185848.1,Spain
2024-01-01,185891,Spain
2025-01-01,185931.6,Spain
2026-01-01,185974.5,Spain
2027-01-01,186017.4,Spain
2028-01-01,186060.3,Spain
2029-01-01,186100.9,Spain
2030-01-01,186143.8,Spain
2021-01-01,21098.6,Sri Lanka
2022-01-01,21067,Sri Lanka
2023-01-01,21035.4,Sri Lanka
2024-01-01,21003.8,Sri Lanka
2025-01-01,20972.2,Sri Lanka
2026-01-01,20940.6,Sri Lanka
2027-01-01,20909,Sri Lanka
2028-01-01,20877.4,Sri Lanka
2029-01-01,20845.8,Sri Lanka
2030-01-01,20814.2,Sri Lanka
2021-01-01,110,St. Kitts and Nevis
2022-01-01,110,St. Kitts and Nevis
2023-01-01,110,St. Kitts and Nevis
2024-01-01,110,St. Kitts and Nevis
2025-01-01,110,St. Kitts and Nevis
2026-01-01,110,St. Kitts and Nevis
2027-01-01,110,St. Kitts and Nevis
2028-01-01,110,St. Kitts and Nevis
2029-01-01,110,St. Kitts and Nevis
2030-01-01,110,St. Kitts and Nevis
2021-01-01,207.7,St. Lucia
2022-01-01,207.7,St. Lucia
2023-01-01,207.7,St. Lucia
2024-01-01,207.7,St. Lucia
2025-01-01,207.7,St. Lucia
2026-01-01,207.7,St. Lucia
2027-01-01,207.7,St. Lucia
2028-01-01,207.7,St. Lucia
2029-01-01,207.7,St. Lucia
2030-01-01,207.7,St. Lucia
2021-01-01,13.20925628,St. Martin (French part)
2022-01-01,13.46409884,St. Martin (French part)
2023-01-01,13.60826399,St. Martin (French part)
2024-01-01,13.64180541,St. Martin (French part)
2025-01-01,13.92929215,St. Martin (French part)
2026-01-01,14.18413471,St. Martin (French part)
2027-01-01,14.32829986,St. Martin (French part)
2028-01-01,14.36184127,St. Martin (French part)
2029-01-01,14.64932801,St. Martin (French part)
2030-01-01,14.90417058,St. Martin (French part)
2021-01-01,285.4,St. Vincent and the Grenadines
2022-01-01,285.4,St. Vincent and the Grenadines
2023-01-01,285.4,St. Vincent and the Grenadines
2024-01-01,285.4,St. Vincent and the Grenadines
2025-01-01,285.4,St. Vincent and the Grenadines
2026-01-01,285.4,St. Vincent and the Grenadines
2027-01-01,285.4,St. Vincent and the Grenadines
2028-01-01,285.4,St. Vincent and the Grenadines
2029-01-01,285.4,St. Vincent and the Grenadines
2030-01-01,285.4,St. Vincent and the Grenadines
2021-01-01,6217253.191,Sub-Saharan Africa
2022-01-01,6202591.886,Sub-Saharan Africa
2023-01-01,6165827.907,Sub-Saharan Africa
2024-01-01,6107142.76,Sub-Saharan Africa
2025-01-01,6058284.123,Sub-Saharan Africa
2026-01-01,6043622.817,Sub-Saharan Africa
2027-01-01,6006858.838,Sub-Saharan Africa
2028-01-01,5948173.691,Sub-Saharan Africa
2029-01-01,5899315.054,Sub-Saharan Africa
2030-01-01,5884653.748,Sub-Saharan Africa
2021-01-01,6217253.191,Sub-Saharan Africa (IDA & IBRD countries)
2022-01-01,6202591.886,Sub-Saharan Africa (IDA & IBRD countries)
2023-01-01,6165827.907,Sub-Saharan Africa (IDA & IBRD countries)
2024-01-01,6107142.76,Sub-Saharan Africa (IDA & IBRD countries)
2025-01-01,6058284.123,Sub-Saharan Africa (IDA & IBRD countries)
2026-01-01,6043622.817,Sub-Saharan Africa (IDA & IBRD countries)
2027-01-01,6006858.838,Sub-Saharan Africa (IDA & IBRD countries)
2028-01-01,5948173.691,Sub-Saharan Africa (IDA & IBRD countries)
2029-01-01,5899315.054,Sub-Saharan Africa (IDA & IBRD countries)
2030-01-01,5884653.748,Sub-Saharan Africa (IDA & IBRD countries)
2021-01-01,6216910.904,Sub-Saharan Africa (excluding high income)
2022-01-01,6202274.851,Sub-Saharan Africa (excluding high income)
2023-01-01,6165510.22,Sub-Saharan Africa (excluding high income)
2024-01-01,6106797.849,Sub-Saharan Africa (excluding high income)
2025-01-01,6057947.011,Sub-Saharan Africa (excluding high income)
2026-01-01,6043310.958,Sub-Saharan Africa (excluding high income)
2027-01-01,6006546.327,Sub-Saharan Africa (excluding high income)
2028-01-01,5947833.956,Sub-Saharan Africa (excluding high income)
2029-01-01,5898983.118,Sub-Saharan Africa (excluding high income)
2030-01-01,5884347.065,Sub-Saharan Africa (excluding high income)
2021-01-01,181873.9704,Sudan
2022-01-01,180152.3704,Sudan
2023-01-01,178430.7704,Sudan
2024-01-01,176709.1704,Sudan
2025-01-01,174987.6409,Sudan
2026-01-01,173266.0409,Sudan
2027-01-01,171544.4409,Sudan
2028-01-01,169822.8409,Sudan
2029-01-01,168101.3113,Sudan
2030-01-01,166379.7113,Sudan
2021-01-01,151889.9,Suriname
2022-01-01,151767.5,Suriname
2023-01-01,151645,Suriname
2024-01-01,151522.6,Suriname
2025-01-01,151449.6,Suriname
2026-01-01,151327.2,Suriname
2027-01-01,151204.7,Suriname
2028-01-01,151082.3,Suriname
2029-01-01,151009.3,Suriname
2030-01-01,150886.9,Suriname
2021-01-01,279800,Sweden
2022-01-01,279800,Sweden
2023-01-01,279800,Sweden
2024-01-01,279800,Sweden
2025-01-01,279800,Sweden
2026-01-01,279800,Sweden
2027-01-01,279800,Sweden
2028-01-01,279800,Sweden
2029-01-01,279800,Sweden
2030-01-01,279800,Sweden
2021-01-01,12725.5,Switzerland
2022-01-01,12759.9,Switzerland
2023-01-01,12794.3,Switzerland
2024-01-01,12828.7,Switzerland
2025-01-01,12863.1,Switzerland
2026-01-01,12897.5,Switzerland
2027-01-01,12931.9,Switzerland
2028-01-01,12966.3,Switzerland
2029-01-01,13000.7,Switzerland
2030-01-01,13035.1,Switzerland
2021-01-01,5220.8,Syrian Arab Republic
2022-01-01,5220.8,Syrian Arab Republic
2023-01-01,5220.8,Syrian Arab Republic
2024-01-01,5220.8,Syrian Arab Republic
2025-01-01,5220.8,Syrian Arab Republic
2026-01-01,5220.8,Syrian Arab Republic
2027-01-01,5220.8,Syrian Arab Republic
2028-01-01,5220.8,Syrian Arab Republic
2029-01-01,5220.8,Syrian Arab Republic
2030-01-01,5220.8,Syrian Arab Republic
2021-01-01,4238,Tajikistan
2022-01-01,4238,Tajikistan
2023-01-01,4248,Tajikistan
2024-01-01,4258,Tajikistan
2025-01-01,4258,Tajikistan
2026-01-01,4258,Tajikistan
2027-01-01,4268,Tajikistan
2028-01-01,4278,Tajikistan
2029-01-01,4278,Tajikistan
2030-01-01,4278,Tajikistan
2021-01-01,452760,Tanzania
2022-01-01,448070,Tanzania
2023-01-01,443380,Tanzania
2024-01-01,438690,Tanzania
2025-01-01,434000,Tanzania
2026-01-01,429310,Tanzania
2027-01-01,424620,Tanzania
2028-01-01,419930,Tanzania
2029-01-01,415240,Tanzania
2030-01-01,410550,Tanzania
2021-01-01,198370,Thailand
2022-01-01,198010,Thailand
2023-01-01,197650,Thailand
2024-01-01,197290,Thailand
2025-01-01,196930,Thailand
2026-01-01,196570,Thailand
2027-01-01,196210,Thailand
2028-01-01,195850,Thailand
2029-01-01,195490,Thailand
2030-01-01,195130,Thailand
2021-01-01,9200,Timor-Leste
2022-01-01,9183,Timor-Leste
2023-01-01,9169,Timor-Leste
2024-01-01,9155,Timor-Leste
2025-01-01,9144,Timor-Leste
2026-01-01,9127,Timor-Leste
2027-01-01,9113,Timor-Leste
2028-01-01,9099,Timor-Leste
2029-01-01,9088,Timor-Leste
2030-01-01,9071,Timor-Leste
2021-01-01,12063.1,Togo
2022-01-01,12033.5,Togo
2023-01-01,12003.9,Togo
2024-01-01,11974.3,Togo
2025-01-01,11944.7,Togo
2026-01-01,11915.1,Togo
2027-01-01,11885.5,Togo
2028-01-01,11855.9,Togo
2029-01-01,11826.3,Togo
2030-01-01,11796.7,Togo
2021-01-01,89.5,Tonga
2022-01-01,89.5,Tonga
2023-01-01,89.5,Tonga
2024-01-01,89.5,Tonga
2025-01-01,89.5,Tonga
2026-01-01,89.5,Tonga
2027-01-01,89.5,Tonga
2028-01-01,89.5,Tonga
2029-01-01,89.5,Tonga
2030-01-01,89.5,Tonga
2021-01-01,2277.7,Trinidad and Tobago
2022-01-01,2273.5,Trinidad and Tobago
2023-01-01,2269.3,Trinidad and Tobago
2024-01-01,2265.1,Trinidad and Tobago
2025-01-01,2260.9,Trinidad and Tobago
2026-01-01,2256.7,Trinidad and Tobago
2027-01-01,2252.5,Trinidad and Tobago
2028-01-01,2248.3,Trinidad and Tobago
2029-01-01,2244.1,Trinidad and Tobago
2030-01-01,2239.9,Trinidad and Tobago
2021-01-01,7042.6,Tunisia
2022-01-01,7057.9,Tunisia
2023-01-01,7073.2,Tunisia
2024-01-01,7088.5,Tunisia
2025-01-01,7103.8,Tunisia
2026-01-01,7119.1,Tunisia
2027-01-01,7134.4,Tunisia
2028-01-01,7149.7,Tunisia
2029-01-01,7165,Tunisia
2030-01-01,7180.3,Tunisia
2021-01-01,223425.2,Turkey
2022-01-01,224984.2,Turkey
2023-01-01,226544.2,Turkey
2024-01-01,228104.2,Turkey
2025-01-01,229325.8,Turkey
2026-01-01,230884.8,Turkey
2027-01-01,232444.8,Turkey
2028-01-01,234004.8,Turkey
2029-01-01,235226.4,Turkey
2030-01-01,236785.4,Turkey
2021-01-01,41270,Turkmenistan
2022-01-01,41270,Turkmenistan
2023-01-01,41270,Turkmenistan
2024-01-01,41270,Turkmenistan
2025-01-01,41270,Turkmenistan
2026-01-01,41270,Turkmenistan
2027-01-01,41270,Turkmenistan
2028-01-01,41270,Turkmenistan
2029-01-01,41270,Turkmenistan
2030-01-01,41270,Turkmenistan
2021-01-01,105.2,Turks and Caicos Islands
2022-01-01,105.2,Turks and Caicos Islands
2023-01-01,105.2,Turks and Caicos Islands
2024-01-01,105.2,Turks and Caicos Islands
2025-01-01,105.2,Turks and Caicos Islands
2026-01-01,105.2,Turks and Caicos Islands
2027-01-01,105.2,Turks and Caicos Islands
2028-01-01,105.2,Turks and Caicos Islands
2029-01-01,105.2,Turks and Caicos Islands
2030-01-01,105.2,Turks and Caicos Islands
2021-01-01,10,Tuvalu
2022-01-01,10,Tuvalu
2023-01-01,10,Tuvalu
2024-01-01,10,Tuvalu
2025-01-01,10,Tuvalu
2026-01-01,10,Tuvalu
2027-01-01,10,Tuvalu
2028-01-01,10,Tuvalu
2029-01-01,10,Tuvalu
2030-01-01,10,Tuvalu
2021-01-01,22966.5,Uganda
2022-01-01,22554,Uganda
2023-01-01,22141.4,Uganda
2024-01-01,21728.9,Uganda
2025-01-01,21316.4,Uganda
2026-01-01,20903.9,Uganda
2027-01-01,20491.3,Uganda
2028-01-01,20078.8,Uganda
2029-01-01,19666.3,Uganda
2030-01-01,19253.8,Uganda
2021-01-01,96970,Ukraine
2022-01-01,97040,Ukraine
2023-01-01,97100,Ukraine
2024-01-01,97160,Ukraine
2025-01-01,97230,Ukraine
2026-01-01,97300,Ukraine
2027-01-01,97360,Ukraine
2028-01-01,97420,Ukraine
2029-01-01,97490,Ukraine
2030-01-01,97560,Ukraine
2021-01-01,3173,United Arab Emirates
2022-01-01,3173,United Arab Emirates
2023-01-01,3173,United Arab Emirates
2024-01-01,3173,United Arab Emirates
2025-01-01,3173,United Arab Emirates
2026-01-01,3173,United Arab Emirates
2027-01-01,3173,United Arab Emirates
2028-01-01,3173,United Arab Emirates
2029-01-01,3173,United Arab Emirates
2030-01-01,3173,United Arab Emirates
2021-01-01,31950,United Kingdom
2022-01-01,32040,United Kingdom
2023-01-01,32130,United Kingdom
2024-01-01,32210,United Kingdom
2025-01-01,32260,United Kingdom
2026-01-01,32350,United Kingdom
2027-01-01,32440,United Kingdom
2028-01-01,32520,United Kingdom
2029-01-01,32570,United Kingdom
2030-01-01,32660,United Kingdom
2021-01-01,3094950,United States
2022-01-01,3094950,United States
2023-01-01,3094950,United States
2024-01-01,3094950,United States
2025-01-01,3091950,United States
2026-01-01,3091950,United States
2027-01-01,3091950,United States
2028-01-01,3091950,United States
2029-01-01,3088950,United States
2030-01-01,3088950,United States
2021-01-01,20035852.05,Upper middle income
2022-01-01,20033703.44,Upper middle income
2023-01-01,20029268.58,Upper middle income
2024-01-01,20025596.08,Upper middle income
2025-01-01,20014145.23,Upper middle income
2026-01-01,20011996.62,Upper middle income
2027-01-01,20007561.76,Upper middle income
2028-01-01,20003889.26,Upper middle income
2029-01-01,19992438.41,Upper middle income
2030-01-01,19990289.8,Upper middle income
2021-01-01,20520,Uruguay
2022-01-01,20730,Uruguay
2023-01-01,20940,Uruguay
2024-01-01,21150,Uruguay
2025-01-01,21360,Uruguay
2026-01-01,21570,Uruguay
2027-01-01,21780,Uruguay
2028-01-01,21990,Uruguay
2029-01-01,22200,Uruguay
2030-01-01,22410,Uruguay
2021-01-01,37154.96,Uzbekistan
2022-01-01,37413.4,Uzbekistan
2023-01-01,37671.8,Uzbekistan
2024-01-01,37930.2,Uzbekistan
2025-01-01,38188.56,Uzbekistan
2026-01-01,38447,Uzbekistan
2027-01-01,38705.4,Uzbekistan
2028-01-01,38963.8,Uzbekistan
2029-01-01,39222.16,Uzbekistan
2030-01-01,39480.6,Uzbekistan
2021-01-01,4423,Vanuatu
2022-01-01,4423,Vanuatu
2023-01-01,4423,Vanuatu
2024-01-01,4423,Vanuatu
2025-01-01,4423,Vanuatu
2026-01-01,4423,Vanuatu
2027-01-01,4423,Vanuatu
2028-01-01,4423,Vanuatu
2029-01-01,4423,Vanuatu
2030-01-01,4423,Vanuatu
2021-01-01,461158.2,"Venezuela, RB"
2022-01-01,460254,"Venezuela, RB"
2023-01-01,459596.4,"Venezuela, RB"
2024-01-01,459185.4,"Venezuela, RB"
2025-01-01,458034.6,"Venezuela, RB"
2026-01-01,457130.4,"Venezuela, RB"
2027-01-01,456472.8,"Venezuela, RB"
2028-01-01,456061.8,"Venezuela, RB"
2029-01-01,454911,"Venezuela, RB"
2030-01-01,454006.8,"Venezuela, RB"
2021-01-01,146808,Vietnam
2022-01-01,147567,Vietnam
2023-01-01,148326,Vietnam
2024-01-01,149085,Vietnam
2025-01-01,149462.1,Vietnam
2026-01-01,150221.1,Vietnam
2027-01-01,150980.1,Vietnam
2028-01-01,151739.1,Vietnam
2029-01-01,152116.2,Vietnam
2030-01-01,152875.2,Vietnam
2021-01-01,200.6,Virgin Islands (U.S.)
2022-01-01,202.1,Virgin Islands (U.S.)
2023-01-01,203.6,Virgin Islands (U.S.)
2024-01-01,205.1,Virgin Islands (U.S.)
2025-01-01,206.6,Virgin Islands (U.S.)
2026-01-01,208.1,Virgin Islands (U.S.)
2027-01-01,209.6,Virgin Islands (U.S.)
2028-01-01,211.1,Virgin Islands (U.S.)
2029-01-01,212.6,Virgin Islands (U.S.)
2030-01-01,214.1,Virgin Islands (U.S.)
2021-01-01,102.718488,West Bank and Gaza
2022-01-01,104.2723788,West Bank and Gaza
2023-01-01,105.2189458,West Bank and Gaza
2024-01-01,105.5582373,West Bank and Gaza
2025-01-01,106.4366597,West Bank and Gaza
2026-01-01,107.9905505,West Bank and Gaza
2027-01-01,108.9371175,West Bank and Gaza
2028-01-01,109.276409,West Bank and Gaza
2029-01-01,110.1548314,West Bank and Gaza
2030-01-01,111.7087223,West Bank and Gaza
2021-01-01,39792852.8,World
2022-01-01,39759774.1,World
2023-01-01,39726695.4,World
2024-01-01,39693616.7,World
2025-01-01,39660538.2,World
2026-01-01,39627459.5,World
2027-01-01,39594380.8,World
2028-01-01,39561302.1,World
2029-01-01,39528223.6,World
2030-01-01,39495144.9,World
2021-01-01,5490,"Yemen, Rep."
2022-01-01,5490,"Yemen, Rep."
2023-01-01,5490,"Yemen, Rep."
2024-01-01,5490,"Yemen, Rep."
2025-01-01,5490,"Yemen, Rep."
2026-01-01,5490,"Yemen, Rep."
2027-01-01,5490,"Yemen, Rep."
2028-01-01,5490,"Yemen, Rep."
2029-01-01,5490,"Yemen, Rep."
2030-01-01,5490,"Yemen, Rep."
2021-01-01,446259,Zambia
2022-01-01,444376.9,Zambia
2023-01-01,442494.7,Zambia
2024-01-01,440612.6,Zambia
2025-01-01,438731.3,Zambia
2026-01-01,436849.2,Zambia
2027-01-01,434967,Zambia
2028-01-01,433084.9,Zambia
2029-01-01,431203.6,Zambia
2030-01-01,429321.5,Zambia
2021-01-01,173985.1,Zimbabwe
2022-01-01,173524.4,Zimbabwe
2023-01-01,173063.7,Zimbabwe
2024-01-01,172603,Zimbabwe
2025-01-01,172142.3,Zimbabwe
2026-01-01,171681.6,Zimbabwe
2027-01-01,171220.9,Zimbabwe
2028-01-01,170760.2,Zimbabwe
2029-01-01,170299.5,Zimbabwe
2030-01-01,169838.8,Zimbabwe