time,Land Area (m2),Country
2021-01-01,8965590,Canada
2022-01-01,8965590,Canada
2023-01-01,8965590,Canada
2024-01-01,8965590,Canada
2025-01-01,8965590,Canada
2026-01-01,8965590,Canada
2027-01-01,8965590,Canada
2028-01-01,8965590,Canada
2029-01-01,8965590,Canada
2030-01-01,8965590,Canada
2021-01-01,652860,Afghanistan
2022-01-01,652860,Afghanistan
2023-01-01,652860,Afghanistan
2024-01-01,652860,Afghanistan
2025-01-01,652860,Afghanistan
2026-01-01,652860,Afghanistan
2027-01-01,652860,Afghanistan
2028-01-01,652860,Afghanistan
2029-01-01,652860,Afghanistan
2030-01-01,652860,Afghanistan
2021-01-01,14807016.92,Africa Eastern and Southern
2022-01-01,14807016.11,Africa Eastern and Southern
2023-01-01,14807016.11,Africa Eastern and Southern
2024-01-01,14807016.11,Africa Eastern and Southern
2025-01-01,14806989.8,Africa Eastern and Southern
2026-01-01,14806989,Africa Eastern and Southern
2027-01-01,14806989,Africa Eastern and Southern
2028-01-01,14806989,Africa Eastern and Southern
2029-01-01,14806962.69,Africa Eastern and Southern
2030-01-01,14806961.89,Africa Eastern and Southern
2021-01-01,9045780,Africa Western and Central
2022-01-01,9045780,Africa Western and Central
2023-01-01,9045780,Africa Western and Central
2024-01-01,9045780,Africa Western and Central
2025-01-01,9045780,Africa Western and Central
2026-01-01,9045780,Africa Western and Central
2027-01-01,9045780,Africa Western and Central
2028-01-01,9045780,Africa Western and Central
2029-01-01,9045780,Africa Western and Central
2030-01-01,9045780,Africa Western and Central
2021-01-01,27400,Albania
2022-01-01,27400,Albania
2023-01-01,27400,Albania
2024-01-01,27400,Albania
2025-01-01,27400,Albania
2026-01-01,27400,Albania
2027-01-01,27400,Albania
2028-01-01,27400,Albania
2029-01-01,27400,Albania
2030-01-01,27400,Albania
2021-01-01,2381741,Algeria
2022-01-01,2381741,Algeria
2023-01-01,2381741,Algeria
2024-01-01,2381741,Algeria
2025-01-01,2381741,Algeria
2026-01-01,2381741,Algeria
2027-01-01,2381741,Algeria
2028-01-01,2381741,Algeria
2029-01-01,2381741,Algeria
2030-01-01,2381741,Algeria
2021-01-01,200,American Samoa
2022-01-01,200,American Samoa
2023-01-01,200,American Samoa
2024-01-01,200,American Samoa
2025-01-01,200,American Samoa
2026-01-01,200,American Samoa
2027-01-01,200,American Samoa
2028-01-01,200,American Samoa
2029-01-01,200,American Samoa
2030-01-01,200,American Samoa
2021-01-01,470,Andorra
2022-01-01,470,Andorra
2023-01-01,470,Andorra
2024-01-01,470,Andorra
2025-01-01,470,Andorra
2026-01-01,470,Andorra
2027-01-01,470,Andorra
2028-01-01,470,Andorra
2029-01-01,470,Andorra
2030-01-01,470,Andorra
2021-01-01,1246700,Angola
2022-01-01,1246700,Angola
2023-01-01,1246700,Angola
2024-01-01,1246700,Angola
2025-01-01,1246700,Angola
2026-01-01,1246700,Angola
2027-01-01,1246700,Angola
2028-01-01,1246700,Angola
2029-01-01,1246700,Angola
2030-01-01,1246700,Angola
2021-01-01,440,Antigua and Barbuda
2022-01-01,440,Antigua and Barbuda
2023-01-01,440,Antigua and Barbuda
2024-01-01,440,Antigua and Barbuda
2025-01-01,440,Antigua and Barbuda
2026-01-01,440,Antigua and Barbuda
2027-01-01,440,Antigua and Barbuda
2028-01-01,440,Antigua and Barbuda
2029-01-01,440,Antigua and Barbuda
2030-01-01,440,Antigua and Barbuda
2021-01-01,13135867.69,Arab World
2022-01-01,13114765.42,Arab World
2023-01-01,13093305.27,Arab World
2024-01-01,13071874.58,Arab World
2025-01-01,13153257.37,Arab World
2026-01-01,13132155.1,Arab World
2027-01-01,13110694.94,Arab World
2028-01-01,13089264.25,Arab World
2029-01-01,13170647.05,Arab World
2030-01-01,13149544.77,Arab World
2021-01-01,2736690,Argentina
2022-01-01,2736690,Argentina
2023-01-01,2736690,Argentina
2024-01-01,2736690,Argentina
2025-01-01,2736690,Argentina
2026-01-01,2736690,Argentina
2027-01-01,2736690,Argentina
2028-01-01,2736690,Argentina
2029-01-01,2736690,Argentina
2030-01-01,2736690,Argentina
2021-01-01,28470,Armenia
2022-01-01,28470,Armenia
2023-01-01,28470,Armenia
2024-01-01,28470,Armenia
2025-01-01,28470,Armenia
2026-01-01,28470,Armenia
2027-01-01,28470,Armenia
2028-01-01,28470,Armenia
2029-01-01,28470,Armenia
2030-01-01,28470,Armenia
2021-01-01,180,Aruba
2022-01-01,180,Aruba
2023-01-01,180,Aruba
2024-01-01,180,Aruba
2025-01-01,180,Aruba
2026-01-01,180,Aruba
2027-01-01,180,Aruba
2028-01-01,180,Aruba
2029-01-01,180,Aruba
2030-01-01,180,Aruba
2021-01-01,7692020,Australia
2022-01-01,7692020,Australia
2023-01-01,7692020,Australia
2024-01-01,7692020,Australia
2025-01-01,7692020,Australia
2026-01-01,7692020,Australia
2027-01-01,7692020,Australia
2028-01-01,7692020,Australia
2029-01-01,7692020,Australia
2030-01-01,7692020,Australia
2021-01-01,82520,Austria
2022-01-01,82520,Austria
2023-01-01,82520,Austria
2024-01-01,82520,Austria
2025-01-01,82520,Austria
2026-01-01,82520,Austria
2027-01-01,82520,Austria
2028-01-01,82520,Austria
2029-01-01,82520,Austria
2030-01-01,82520,Austria
2021-01-01,82646,Azerbaijan
2022-01-01,82638,Azerbaijan
2023-01-01,82638,Azerbaijan
2024-01-01,82638,Azerbaijan
2025-01-01,82630,Azerbaijan
2026-01-01,82622,Azerbaijan
2027-01-01,82622,Azerbaijan
2028-01-01,82622,Azerbaijan
2029-01-01,82614,Azerbaijan
2030-01-01,82606,Azerbaijan
2021-01-01,10010,"Bahamas, The"
2022-01-01,10010,"Bahamas, The"
2023-01-01,10010,"Bahamas, The"
2024-01-01,10010,"Bahamas, The"
2025-01-01,10010,"Bahamas, The"
2026-01-01,10010,"Bahamas, The"
2027-01-01,10010,"Bahamas, The"
2028-01-01,10010,"Bahamas, The"
2029-01-01,10010,"Bahamas, The"
2030-01-01,10010,"Bahamas, The"
2021-01-01,781.456456,Bahrain
2022-01-01,780.1090521,Bahrain
2023-01-01,780.8189176,Bahrain
2024-01-01,783.4816927,Bahrain
2025-01-01,783.18098,Bahrain
2026-01-01,781.8335761,Bahrain
2027-01-01,782.5434416,Bahrain
2028-01-01,785.2062167,Bahrain
2029-01-01,784.905504,Bahrain
2030-01-01,783.5581001,Bahrain
2021-01-01,130170,Bangladesh
2022-01-01,130170,Bangladesh
2023-01-01,130170,Bangladesh
2024-01-01,130170,Bangladesh
2025-01-01,130170,Bangladesh
2026-01-01,130170,Bangladesh
2027-01-01,130170,Bangladesh
2028-01-01,130170,Bangladesh
2029-01-01,130170,Bangladesh
2030-01-01,130170,Bangladesh
2021-01-01,430,Barbados
2022-01-01,430,Barbados
2023-01-01,430,Barbados
2024-01-01,430,Barbados
2025-01-01,430,Barbados
2026-01-01,430,Barbados
2027-01-01,430,Barbados
2028-01-01,430,Barbados
2029-01-01,430,Barbados
2030-01-01,430,Barbados
2021-01-01,202982,Belarus
2022-01-01,202972,Belarus
2023-01-01,202972,Belarus
2024-01-01,202972,Belarus
2025-01-01,202974,Belarus
2026-01-01,202964,Belarus
2027-01-01,202964,Belarus
2028-01-01,202964,Belarus
2029-01-01,202966,Belarus
2030-01-01,202956,Belarus
2021-01-01,30280,Belgium
2022-01-01,30280,Belgium
2023-01-01,30280,Belgium
2024-01-01,30280,Belgium
2025-01-01,30280,Belgium
2026-01-01,30280,Belgium
2027-01-01,30280,Belgium
2028-01-01,30280,Belgium
2029-01-01,30280,Belgium
2030-01-01,30280,Belgium
2021-01-01,22810,Belize
2022-01-01,22810,Belize
2023-01-01,22810,Belize
2024-01-01,22810,Belize
2025-01-01,22810,Belize
2026-01-01,22810,Belize
2027-01-01,22810,Belize
2028-01-01,22810,Belize
2029-01-01,22810,Belize
2030-01-01,22810,Belize
2021-01-01,112760,Benin
2022-01-01,112760,Benin
2023-01-01,112760,Benin
2024-01-01,112760,Benin
2025-01-01,112760,Benin
2026-01-01,112760,Benin
2027-01-01,112760,Benin
2028-01-01,112760,Benin
2029-01-01,112760,Benin
2030-01-01,112760,Benin
2021-01-01,54,Bermuda
2022-01-01,54,Bermuda
2023-01-01,54,Bermuda
2024-01-01,54,Bermuda
2025-01-01,54,Bermuda
2026-01-01,54,Bermuda
2027-01-01,54,Bermuda
2028-01-01,54,Bermuda
2029-01-01,54,Bermuda
2030-01-01,54,Bermuda
2021-01-01,38064.54535,Bhutan
2022-01-01,38240.73827,Bhutan
2023-01-01,38241.26237,Bhutan
2024-01-01,38065.46963,Bhutan
2025-01-01,38078.57903,Bhutan
2026-01-01,38254.77194,Bhutan
2027-01-01,38255.29604,Bhutan
2028-01-01,38079.50331,Bhutan
2029-01-01,38092.61271,Bhutan
2030-01-01,38268.80562,Bhutan
2021-01-01,1083300,Bolivia
2022-01-01,1083300,Bolivia
2023-01-01,1083300,Bolivia
2024-01-01,1083300,Bolivia
2025-01-01,1083300,Bolivia
2026-01-01,1083300,Bolivia
2027-01-01,1083300,Bolivia
2028-01-01,1083300,Bolivia
2029-01-01,1083300,Bolivia
2030-01-01,1083300,Bolivia
2021-01-01,51200,Bosnia and Herzegovina
2022-01-01,51200,Bosnia and Herzegovina
2023-01-01,51200,Bosnia and Herzegovina
2024-01-01,51200,Bosnia and Herzegovina
2025-01-01,51200,Bosnia and Herzegovina
2026-01-01,51200,Bosnia and Herzegovina
2027-01-01,51200,Bosnia and Herzegovina
2028-01-01,51200,Bosnia and Herzegovina
2029-01-01,51200,Bosnia and Herzegovina
2030-01-01,51200,Bosnia and Herzegovina
2021-01-01,566730,Botswana
2022-01-01,566730,Botswana
2023-01-01,566730,Botswana
2024-01-01,566730,Botswana
2025-01-01,566730,Botswana
2026-01-01,566730,Botswana
2027-01-01,566730,Botswana
2028-01-01,566730,Botswana
2029-01-01,566730,Botswana
2030-01-01,566730,Botswana
2021-01-01,8358140,Brazil
2022-01-01,8358140,Brazil
2023-01-01,8358140,Brazil
2024-01-01,8358140,Brazil
2025-01-01,8358140,Brazil
2026-01-01,8358140,Brazil
2027-01-01,8358140,Brazil
2028-01-01,8358140,Brazil
2029-01-01,8358140,Brazil
2030-01-01,8358140,Brazil
2021-01-01,150,British Virgin Islands
2022-01-01,150,British Virgin Islands
2023-01-01,150,British Virgin Islands
2024-01-01,150,British Virgin Islands
2025-01-01,150,British Virgin Islands
2026-01-01,150,British Virgin Islands
2027-01-01,150,British Virgin Islands
2028-01-01,150,British Virgin Islands
2029-01-01,150,British Virgin Islands
2030-01-01,150,British Virgin Islands
2021-01-01,5270,Brunei Darussalam
2022-01-01,5270,Brunei Darussalam
2023-01-01,5270,Brunei Darussalam
2024-01-01,5270,Brunei Darussalam
2025-01-01,5270,Brunei Darussalam
2026-01-01,5270,Brunei Darussalam
2027-01-01,5270,Brunei Darussalam
2028-01-01,5270,Brunei Darussalam
2029-01-01,5270,Brunei Darussalam
2030-01-01,5270,Brunei Darussalam
2021-01-01,108560,Bulgaria
2022-01-01,108560,Bulgaria
2023-01-01,108560,Bulgaria
2024-01-01,108560,Bulgaria
2025-01-01,108560,Bulgaria
2026-01-01,108560,Bulgaria
2027-01-01,108560,Bulgaria
2028-01-01,108560,Bulgaria
2029-01-01,108560,Bulgaria
2030-01-01,108560,Bulgaria
2021-01-01,273600,Burkina Faso
2022-01-01,273600,Burkina Faso
2023-01-01,273600,Burkina Faso
2024-01-01,273600,Burkina Faso
2025-01-01,273600,Burkina Faso
2026-01-01,273600,Burkina Faso
2027-01-01,273600,Burkina Faso
2028-01-01,273600,Burkina Faso
2029-01-01,273600,Burkina Faso
2030-01-01,273600,Burkina Faso
2021-01-01,25680,Burundi
2022-01-01,25680,Burundi
2023-01-01,25680,Burundi
2024-01-01,25680,Burundi
2025-01-01,25680,Burundi
2026-01-01,25680,Burundi
2027-01-01,25680,Burundi
2028-01-01,25680,Burundi
2029-01-01,25680,Burundi
2030-01-01,25680,Burundi
2021-01-01,4030,Cabo Verde
2022-01-01,4030,Cabo Verde
2023-01-01,4030,Cabo Verde
2024-01-01,4030,Cabo Verde
2025-01-01,4030,Cabo Verde
2026-01-01,4030,Cabo Verde
2027-01-01,4030,Cabo Verde
2028-01-01,4030,Cabo Verde
2029-01-01,4030,Cabo Verde
2030-01-01,4030,Cabo Verde
2021-01-01,176520,Cambodia
2022-01-01,176520,Cambodia
2023-01-01,176520,Cambodia
2024-01-01,176520,Cambodia
2025-01-01,176520,Cambodia
2026-01-01,176520,Cambodia
2027-01-01,176520,Cambodia
2028-01-01,176520,Cambodia
2029-01-01,176520,Cambodia
2030-01-01,176520,Cambodia
2021-01-01,472710,Cameroon
2022-01-01,472710,Cameroon
2023-01-01,472710,Cameroon
2024-01-01,472710,Cameroon
2025-01-01,472710,Cameroon
2026-01-01,472710,Cameroon
2027-01-01,472710,Cameroon
2028-01-01,472710,Cameroon
2029-01-01,472710,Cameroon
2030-01-01,472710,Cameroon
2021-01-01,8965590,Canada
2022-01-01,8965590,Canada
2023-01-01,8965590,Canada
2024-01-01,8965590,Canada
2025-01-01,8965590,Canada
2026-01-01,8965590,Canada
2027-01-01,8965590,Canada
2028-01-01,8965590,Canada
2029-01-01,8965590,Canada
2030-01-01,8965590,Canada
2021-01-01,404850,Caribbean small states
2022-01-01,404850,Caribbean small states
2023-01-01,404850,Caribbean small states
2024-01-01,404850,Caribbean small states
2025-01-01,404850,Caribbean small states
2026-01-01,404850,Caribbean small states
2027-01-01,404850,Caribbean small states
2028-01-01,404850,Caribbean small states
2029-01-01,404850,Caribbean small states
2030-01-01,404850,Caribbean small states
2021-01-01,240,Cayman Islands
2022-01-01,240,Cayman Islands
2023-01-01,240,Cayman Islands
2024-01-01,240,Cayman Islands
2025-01-01,240,Cayman Islands
2026-01-01,240,Cayman Islands
2027-01-01,240,Cayman Islands
2028-01-01,240,Cayman Islands
2029-01-01,240,Cayman Islands
2030-01-01,240,Cayman Islands
2021-01-01,622980,Central African Republic
2022-01-01,622980,Central African Republic
2023-01-01,622980,Central African Republic
2024-01-01,622980,Central African Republic
2025-01-01,622980,Central African Republic
2026-01-01,622980,Central African Republic
2027-01-01,622980,Central African Republic
2028-01-01,622980,Central African Republic
2029-01-01,622980,Central African Republic
2030-01-01,622980,Central African Republic
2021-01-01,1106241.5,Central Europe and the Baltics
2022-01-01,1106178.8,Central Europe and the Baltics
2023-01-01,1106178.8,Central Europe and the Baltics
2024-01-01,1106178.8,Central Europe and the Baltics
2025-01-01,1106153.9,Central Europe and the Baltics
2026-01-01,1106091.2,Central Europe and the Baltics
2027-01-01,1106091.2,Central Europe and the Baltics
2028-01-01,1106091.2,Central Europe and the Baltics
2029-01-01,1106066.3,Central Europe and the Baltics
2030-01-01,1106003.6,Central Europe and the Baltics
2021-01-01,1259200,Chad
2022-01-01,1259200,Chad
2023-01-01,1259200,Chad
2024-01-01,1259200,Chad
2025-01-01,1259200,Chad
2026-01-01,1259200,Chad
2027-01-01,1259200,Chad
2028-01-01,1259200,Chad
2029-01-01,1259200,Chad
2030-01-01,1259200,Chad
2021-01-01,198,Channel Islands
2022-01-01,198,Channel Islands
2023-01-01,198,Channel Islands
2024-01-01,198,Channel Islands
2025-01-01,198,Channel Islands
2026-01-01,198,Channel Islands
2027-01-01,198,Channel Islands
2028-01-01,198,Channel Islands
2029-01-01,198,Channel Islands
2030-01-01,198,Channel Islands
2021-01-01,743532,Chile
2022-01-01,743532,Chile
2023-01-01,743532,Chile
2024-01-01,743532,Chile
2025-01-01,743532,Chile
2026-01-01,743532,Chile
2027-01-01,743532,Chile
2028-01-01,743532,Chile
2029-01-01,743532,Chile
2030-01-01,743532,Chile
2021-01-01,9424703.2,China
2022-01-01,9424705.3,China
2023-01-01,9424705.3,China
2024-01-01,9424705.3,China
2025-01-01,9424705.6,China
2026-01-01,9424707.7,China
2027-01-01,9424707.7,China
2028-01-01,9424707.7,China
2029-01-01,9424708,China
2030-01-01,9424710.1,China
2021-01-01,1109500,Colombia
2022-01-01,1109500,Colombia
2023-01-01,1109500,Colombia
2024-01-01,1109500,Colombia
2025-01-01,1109500,Colombia
2026-01-01,1109500,Colombia
2027-01-01,1109500,Colombia
2028-01-01,1109500,Colombia
2029-01-01,1109500,Colombia
2030-01-01,1109500,Colombia
2021-01-01,1861,Comoros
2022-01-01,1861,Comoros
2023-01-01,1861,Comoros
2024-01-01,1861,Comoros
2025-01-01,1861,Comoros
2026-01-01,1861,Comoros
2027-01-01,1861,Comoros
2028-01-01,1861,Comoros
2029-01-01,1861,Comoros
2030-01-01,1861,Comoros
2021-01-01,2267050,"Congo, Dem. Rep."
2022-01-01,2267050,"Congo, Dem. Rep."
2023-01-01,2267050,"Congo, Dem. Rep."
2024-01-01,2267050,"Congo, Dem. Rep."
2025-01-01,2267050,"Congo, Dem. Rep."
2026-01-01,2267050,"Congo, Dem. Rep."
2027-01-01,2267050,"Congo, Dem. Rep."
2028-01-01,2267050,"Congo, Dem. Rep."
2029-01-01,2267050,"Congo, Dem. Rep."
2030-01-01,2267050,"Congo, Dem. Rep."
2021-01-01,341500,"Congo, Rep."
2022-01-01,341500,"Congo, Rep."
2023-01-01,341500,"Congo, Rep."
2024-01-01,341500,"Congo, Rep."
2025-01-01,341500,"Congo, Rep."
2026-01-01,341500,"Congo, Rep."
2027-01-01,341500,"Congo, Rep."
2028-01-01,341500,"Congo, Rep."
2029-01-01,341500,"Congo, Rep."
2030-01-01,341500,"Congo, Rep."
2021-01-01,51060,Costa Rica
2022-01-01,51060,Costa Rica
2023-01-01,51060,Costa Rica
2024-01-01,51060,Costa Rica
2025-01-01,51060,Costa Rica
2026-01-01,51060,Costa Rica
2027-01-01,51060,Costa Rica
2028-01-01,51060,Costa Rica
2029-01-01,51060,Costa Rica
2030-01-01,51060,Costa Rica
2021-01-01,318000,Cote d'Ivoire
2022-01-01,318000,Cote d'Ivoire
2023-01-01,318000,Cote d'Ivoire
2024-01-01,318000,Cote d'Ivoire
2025-01-01,318000,Cote d'Ivoire
2026-01-01,318000,Cote d'Ivoire
2027-01-01,318000,Cote d'Ivoire
2028-01-01,318000,Cote d'Ivoire
2029-01-01,318000,Cote d'Ivoire
2030-01-01,318000,Cote d'Ivoire
2021-01-01,56590,Croatia
2022-01-01,56590,Croatia
2023-01-01,56590,Croatia
2024-01-01,56590,Croatia
2025-01-01,56590,Croatia
2026-01-01,56590,Croatia
2027-01-01,56590,Croatia
2028-01-01,56590,Croatia
2029-01-01,56590,Croatia
2030-01-01,56590,Croatia
2021-01-01,103560,Cuba
2022-01-01,103560,Cuba
2023-01-01,103560,Cuba
2024-01-01,103560,Cuba
2025-01-01,103320,Cuba
2026-01-01,103320,Cuba
2027-01-01,103320,Cuba
2028-01-01,103320,Cuba
2029-01-01,103080,Cuba
2030-01-01,103080,Cuba
2021-01-01,444,Curacao
2022-01-01,444,Curacao
2023-01-01,444,Curacao
2024-01-01,444,Curacao
2025-01-01,444,Curacao
2026-01-01,444,Curacao
2027-01-01,444,Curacao
2028-01-01,444,Curacao
2029-01-01,444,Curacao
2030-01-01,444,Curacao
2021-01-01,9240,Cyprus
2022-01-01,9240,Cyprus
2023-01-01,9240,Cyprus
2024-01-01,9240,Cyprus
2025-01-01,9240,Cyprus
2026-01-01,9240,Cyprus
2027-01-01,9240,Cyprus
2028-01-01,9240,Cyprus
2029-01-01,9240,Cyprus
2030-01-01,9240,Cyprus
2021-01-01,77190,Czech Republic
2022-01-01,77180,Czech Republic
2023-01-01,77180,Czech Republic
2024-01-01,77180,Czech Republic
2025-01-01,77170,Czech Republic
2026-01-01,77160,Czech Republic
2027-01-01,77160,Czech Republic
2028-01-01,77160,Czech Republic
2029-01-01,77150,Czech Republic
2030-01-01,77140,Czech Republic
2021-01-01,39854.21811,Denmark
2022-01-01,40115.45767,Denmark
2023-01-01,40096.72808,Denmark
2024-01-01,39797.67539,Denmark
2025-01-01,39847.11338,Denmark
2026-01-01,40108.35295,Denmark
2027-01-01,40089.62336,Denmark
2028-01-01,39790.57067,Denmark
2029-01-01,39840.00866,Denmark
2030-01-01,40101.24822,Denmark
2021-01-01,23180,Djibouti
2022-01-01,23180,Djibouti
2023-01-01,23180,Djibouti
2024-01-01,23180,Djibouti
2025-01-01,23180,Djibouti
2026-01-01,23180,Djibouti
2027-01-01,23180,Djibouti
2028-01-01,23180,Djibouti
2029-01-01,23180,Djibouti
2030-01-01,23180,Djibouti
2021-01-01,750,Dominica
2022-01-01,750,Dominica
2023-01-01,750,Dominica
2024-01-01,750,Dominica
2025-01-01,750,Dominica
2026-01-01,750,Dominica
2027-01-01,750,Dominica
2028-01-01,750,Dominica
2029-01-01,750,Dominica
2030-01-01,750,Dominica
2021-01-01,48310,Dominican Republic
2022-01-01,48310,Dominican Republic
2023-01-01,48310,Dominican Republic
2024-01-01,48310,Dominican Republic
2025-01-01,48310,Dominican Republic
2026-01-01,48310,Dominican Republic
2027-01-01,48310,Dominican Republic
2028-01-01,48310,Dominican Republic
2029-01-01,48310,Dominican Republic
2030-01-01,48310,Dominican Republic
2021-01-01,33317388.35,Early-demographic dividend
2022-01-01,33317429.74,Early-demographic dividend
2023-01-01,33317429.74,Early-demographic dividend
2024-01-01,33317429.74,Early-demographic dividend
2025-01-01,33317115.7,Early-demographic dividend
2026-01-01,33317157.09,Early-demographic dividend
2027-01-01,33317157.09,Early-demographic dividend
2028-01-01,33317157.09,Early-demographic dividend
2029-01-01,33316843.05,Early-demographic dividend
2030-01-01,33316884.44,Early-demographic dividend
2021-01-01,24502160.4,East Asia & Pacific
2022-01-01,24502034.2,East Asia & Pacific
2023-01-01,24502034.2,East Asia & Pacific
2024-01-01,24502034.2,East Asia & Pacific
2025-01-01,24501765.8,East Asia & Pacific
2026-01-01,24501639.6,East Asia & Pacific
2027-01-01,24501639.6,East Asia & Pacific
2028-01-01,24501639.6,East Asia & Pacific
2029-01-01,24501371.2,East Asia & Pacific
2030-01-01,24501245,East Asia & Pacific
2021-01-01,15898907.2,East Asia & Pacific (IDA & IBRD countries)
2022-01-01,15898908.9,East Asia & Pacific (IDA & IBRD countries)
2023-01-01,15898908.9,East Asia & Pacific (IDA & IBRD countries)
2024-01-01,15898908.9,East Asia & Pacific (IDA & IBRD countries)
2025-01-01,15898619.2,East Asia & Pacific (IDA & IBRD countries)
2026-01-01,15898620.9,East Asia & Pacific (IDA & IBRD countries)
2027-01-01,15898620.9,East Asia & Pacific (IDA & IBRD countries)
2028-01-01,15898620.9,East Asia & Pacific (IDA & IBRD countries)
2029-01-01,15898331.2,East Asia & Pacific (IDA & IBRD countries)
2030-01-01,15898332.9,East Asia & Pacific (IDA & IBRD countries)
2021-01-01,16019037.2,East Asia & Pacific (excluding high income)
2022-01-01,16019038.9,East Asia & Pacific (excluding high income)
2023-01-01,16019038.9,East Asia & Pacific (excluding high income)
2024-01-01,16019038.9,East Asia & Pacific (excluding high income)
2025-01-01,16018749.2,East Asia & Pacific (excluding high income)
2026-01-01,16018750.9,East Asia & Pacific (excluding high income)
2027-01-01,16018750.9,East Asia & Pacific (excluding high income)
2028-01-01,16018750.9,East Asia & Pacific (excluding high income)
2029-01-01,16018461.2,East Asia & Pacific (excluding high income)
2030-01-01,16018462.9,East Asia & Pacific (excluding high income)
2021-01-01,248360,Ecuador
2022-01-01,248360,Ecuador
2023-01-01,248360,Ecuador
2024-01-01,248360,Ecuador
2025-01-01,248360,Ecuador
2026-01-01,248360,Ecuador
2027-01-01,248360,Ecuador
2028-01-01,248360,Ecuador
2029-01-01,248360,Ecuador
2030-01-01,248360,Ecuador
2021-01-01,995450,"Egypt, Arab Rep."
2022-01-01,995450,"Egypt, Arab Rep."
2023-01-01,995450,"Egypt, Arab Rep."
2024-01-01,995450,"Egypt, Arab Rep."
2025-01-01,995450,"Egypt, Arab Rep."
2026-01-01,995450,"Egypt, Arab Rep."
2027-01-01,995450,"Egypt, Arab Rep."
2028-01-01,995450,"Egypt, Arab Rep."
2029-01-01,995450,"Egypt, Arab Rep."
2030-01-01,995450,"Egypt, Arab Rep."
2021-01-01,20720,El Salvador
2022-01-01,20720,El Salvador
2023-01-01,20720,El Salvador
2024-01-01,20720,El Salvador
2025-01-01,20720,El Salvador
2026-01-01,20720,El Salvador
2027-01-01,20720,El Salvador
2028-01-01,20720,El Salvador
2029-01-01,20720,El Salvador
2030-01-01,20720,El Salvador
2021-01-01,28050,Equatorial Guinea
2022-01-01,28050,Equatorial Guinea
2023-01-01,28050,Equatorial Guinea
2024-01-01,28050,Equatorial Guinea
2025-01-01,28050,Equatorial Guinea
2026-01-01,28050,Equatorial Guinea
2027-01-01,28050,Equatorial Guinea
2028-01-01,28050,Equatorial Guinea
2029-01-01,28050,Equatorial Guinea
2030-01-01,28050,Equatorial Guinea
2021-01-01,101000,Eritrea
2022-01-01,101000,Eritrea
2023-01-01,101000,Eritrea
2024-01-01,101000,Eritrea
2025-01-01,101000,Eritrea
2026-01-01,101000,Eritrea
2027-01-01,101000,Eritrea
2028-01-01,101000,Eritrea
2029-01-01,101000,Eritrea
2030-01-01,101000,Eritrea
2021-01-01,43470,Estonia
2022-01-01,43470,Estonia
2023-01-01,43470,Estonia
2024-01-01,43470,Estonia
2025-01-01,43470,Estonia
2026-01-01,43470,Estonia
2027-01-01,43470,Estonia
2028-01-01,43470,Estonia
2029-01-01,43470,Estonia
2030-01-01,43470,Estonia
2021-01-01,17200,Eswatini
2022-01-01,17200,Eswatini
2023-01-01,17200,Eswatini
2024-01-01,17200,Eswatini
2025-01-01,17200,Eswatini
2026-01-01,17200,Eswatini
2027-01-01,17200,Eswatini
2028-01-01,17200,Eswatini
2029-01-01,17200,Eswatini
2030-01-01,17200,Eswatini
2021-01-01,1136099.313,Ethiopia
2022-01-01,1123364.883,Ethiopia
2023-01-01,1124107.919,Ethiopia
2024-01-01,1138333.318,Ethiopia
2025-01-01,1136450.672,Ethiopia
2026-01-01,1123716.242,Ethiopia
2027-01-01,1124459.278,Ethiopia
2028-01-01,1138684.677,Ethiopia
2029-01-01,1136802.031,Ethiopia
2030-01-01,1124067.601,Ethiopia
2021-01-01,2682440.929,Euro area
2022-01-01,2686064.358,Euro area
2023-01-01,2686064.358,Euro area
2024-01-01,2686064.358,Euro area
2025-01-01,2686052.808,Euro area
2026-01-01,2689676.237,Euro area
2027-01-01,2689676.237,Euro area
2028-01-01,2689676.237,Euro area
2029-01-01,2689664.687,Euro area
2030-01-01,2693288.116,Euro area
2021-01-01,27447855.37,Europe & Central Asia
2022-01-01,27441171.99,Europe & Central Asia
2023-01-01,27441171.98,Europe & Central Asia
2024-01-01,27441171.99,Europe & Central Asia
2025-01-01,27441140.66,Europe & Central Asia
2026-01-01,27434457.28,Europe & Central Asia
2027-01-01,27434457.28,Europe & Central Asia
2028-01-01,27434457.28,Europe & Central Asia
2029-01-01,27434425.96,Europe & Central Asia
2030-01-01,27427742.58,Europe & Central Asia
2021-01-01,22989297.3,Europe & Central Asia (IDA & IBRD countries)
2022-01-01,22978435.6,Europe & Central Asia (IDA & IBRD countries)
2023-01-01,22978435.6,Europe & Central Asia (IDA & IBRD countries)
2024-01-01,22978435.6,Europe & Central Asia (IDA & IBRD countries)
2025-01-01,22978448.6,Europe & Central Asia (IDA & IBRD countries)
2026-01-01,22967586.9,Europe & Central Asia (IDA & IBRD countries)
2027-01-01,22967586.9,Europe & Central Asia (IDA & IBRD countries)
2028-01-01,22967586.9,Europe & Central Asia (IDA & IBRD countries)
2029-01-01,22967599.9,Europe & Central Asia (IDA & IBRD countries)
2030-01-01,22956738.2,Europe & Central Asia (IDA & IBRD countries)
2021-01-01,22626537.3,Europe & Central Asia (excluding high income)
2022-01-01,22615695.6,Europe & Central Asia (excluding high income)
2023-01-01,22615695.6,Europe & Central Asia (excluding high income)
2024-01-01,22615695.6,Europe & Central Asia (excluding high income)
2025-01-01,22615708.6,Europe & Central Asia (excluding high income)
2026-01-01,22604866.9,Europe & Central Asia (excluding high income)
2027-01-01,22604866.9,Europe & Central Asia (excluding high income)
2028-01-01,22604866.9,Europe & Central Asia (excluding high income)
2029-01-01,22604879.9,Europe & Central Asia (excluding high income)
2030-01-01,22594038.2,Europe & Central Asia (excluding high income)
2021-01-01,3999600.929,European Union
2022-01-01,4003194.358,European Union
2023-01-01,4003194.358,European Union
2024-01-01,4003194.358,European Union
2025-01-01,4003172.808,European Union
2026-01-01,4006766.237,European Union
2027-01-01,4006766.237,European Union
2028-01-01,4006766.237,European Union
2029-01-01,4006744.687,European Union
2030-01-01,4010338.116,European Union
2021-01-01,1396,Faroe Islands
2022-01-01,1396,Faroe Islands
2023-01-01,1396,Faroe Islands
2024-01-01,1396,Faroe Islands
2025-01-01,1396,Faroe Islands
2026-01-01,1396,Faroe Islands
2027-01-01,1396,Faroe Islands
2028-01-01,1396,Faroe Islands
2029-01-01,1396,Faroe Islands
2030-01-01,1396,Faroe Islands
2021-01-01,18270,Fiji
2022-01-01,18270,Fiji
2023-01-01,18270,Fiji
2024-01-01,18270,Fiji
2025-01-01,18270,Fiji
2026-01-01,18270,Fiji
2027-01-01,18270,Fiji
2028-01-01,18270,Fiji
2029-01-01,18270,Fiji
2030-01-01,18270,Fiji
2021-01-01,303930,Finland
2022-01-01,303930,Finland
2023-01-01,303930,Finland
2024-01-01,303930,Finland
2025-01-01,303940,Finland
2026-01-01,303940,Finland
2027-01-01,303940,Finland
2028-01-01,303940,Finland
2029-01-01,303950,Finland
2030-01-01,303950,Finland
2021-01-01,19947410.92,Fragile and conflict affected situations
2022-01-01,19936515.11,Fragile and conflict affected situations
2023-01-01,19936515.11,Fragile and conflict affected situations
2024-01-01,19936515.11,Fragile and conflict affected situations
2025-01-01,19936190.8,Fragile and conflict affected situations
2026-01-01,19925295,Fragile and conflict affected situations
2027-01-01,19925295,Fragile and conflict affected situations
2028-01-01,19925295,Fragile and conflict affected situations
2029-01-01,19924970.69,Fragile and conflict affected situations
2030-01-01,19914074.89,Fragile and conflict affected situations
2021-01-01,547557,France
2022-01-01,547557,France
2023-01-01,547557,France
2024-01-01,547557,France
2025-01-01,547557,France
2026-01-01,547557,France
2027-01-01,547557,France
2028-01-01,547557,France
2029-01-01,547557,France
2030-01-01,547557,France
2021-01-01,3468.56902,French Polynesia
2022-01-01,3415.58161,French Polynesia
2023-01-01,3377.44548,French Polynesia
2024-01-01,3354.092885,French Polynesia
2025-01-01,3316.881122,French Polynesia
2026-01-01,3263.893712,French Polynesia
2027-01-01,3225.757583,French Polynesia
2028-01-01,3202.404987,French Polynesia
2029-01-01,3165.193225,French Polynesia
2030-01-01,3112.205815,French Polynesia
2021-01-01,257670,Gabon
2022-01-01,257670,Gabon
2023-01-01,257670,Gabon
2024-01-01,257670,Gabon
2025-01-01,257670,Gabon
2026-01-01,257670,Gabon
2027-01-01,257670,Gabon
2028-01-01,257670,Gabon
2029-01-01,257670,Gabon
2030-01-01,257670,Gabon
2021-01-01,10120,"Gambia, The"
2022-01-01,10120,"Gambia, The"
2023-01-01,10120,"Gambia, The"
2024-01-01,10120,"Gambia, The"
2025-01-01,10120,"Gambia, The"
2026-01-01,10120,"Gambia, The"
2027-01-01,10120,"Gambia, The"
2028-01-01,10120,"Gambia, The"
2029-01-01,10120,"Gambia, The"
2030-01-01,10120,"Gambia, The"
2021-01-01,69490,Georgia
2022-01-01,69490,Georgia
2023-01-01,69490,Georgia
2024-01-01,69490,Georgia
2025-01-01,69490,Georgia
2026-01-01,69490,Georgia
2027-01-01,69490,Georgia
2028-01-01,69490,Georgia
2029-01-01,69490,Georgia
2030-01-01,69490,Georgia
2021-01-01,349390,Germany
2022-01-01,349400,Germany
2023-01-01,349400,Germany
2024-01-01,349400,Germany
2025-01-01,349410,Germany
2026-01-01,349420,Germany
2027-01-01,349420,Germany
2028-01-01,349420,Germany
2029-01-01,349430,Germany
2030-01-01,349440,Germany
2021-01-01,227540,Ghana
2022-01-01,227540,Ghana
2023-01-01,227540,Ghana
2024-01-01,227540,Ghana
2025-01-01,227540,Ghana
2026-01-01,227540,Ghana
2027-01-01,227540,Ghana
2028-01-01,227540,Ghana
2029-01-01,227540,Ghana
2030-01-01,227540,Ghana
2021-01-01,10,Gibraltar
2022-01-01,10,Gibraltar
2023-01-01,10,Gibraltar
2024-01-01,10,Gibraltar
2025-01-01,10,Gibraltar
2026-01-01,10,Gibraltar
2027-01-01,10,Gibraltar
2028-01-01,10,Gibraltar
2029-01-01,10,Gibraltar
2030-01-01,10,Gibraltar
2021-01-01,128900,Greece
2022-01-01,128900,Greece
2023-01-01,128900,Greece
2024-01-01,128900,Greece
2025-01-01,128900,Greece
2026-01-01,128900,Greece
2027-01-01,128900,Greece
2028-01-01,128900,Greece
2029-01-01,128900,Greece
2030-01-01,128900,Greece
2021-01-01,410450,Greenland
2022-01-01,410450,Greenland
2023-01-01,410450,Greenland
2024-01-01,410450,Greenland
2025-01-01,410450,Greenland
2026-01-01,410450,Greenland
2027-01-01,410450,Greenland
2028-01-01,410450,Greenland
2029-01-01,410450,Greenland
2030-01-01,410450,Greenland
2021-01-01,340,Grenada
2022-01-01,340,Grenada
2023-01-01,340,Grenada
2024-01-01,340,Grenada
2025-01-01,340,Grenada
2026-01-01,340,Grenada
2027-01-01,340,Grenada
2028-01-01,340,Grenada
2029-01-01,340,Grenada
2030-01-01,340,Grenada
2021-01-01,540,Guam
2022-01-01,540,Guam
2023-01-01,540,Guam
2024-01-01,540,Guam
2025-01-01,540,Guam
2026-01-01,540,Guam
2027-01-01,540,Guam
2028-01-01,540,Guam
2029-01-01,540,Guam
2030-01-01,540,Guam
2021-01-01,107160,Guatemala
2022-01-01,107160,Guatemala
2023-01-01,107160,Guatemala
2024-01-01,107160,Guatemala
2025-01-01,107160,Guatemala
2026-01-01,107160,Guatemala
2027-01-01,107160,Guatemala
2028-01-01,107160,Guatemala
2029-01-01,107160,Guatemala
2030-01-01,107160,Guatemala
2021-01-01,245720,Guinea
2022-01-01,245720,Guinea
2023-01-01,245720,Guinea
2024-01-01,245720,Guinea
2025-01-01,245720,Guinea
2026-01-01,245720,Guinea
2027-01-01,245720,Guinea
2028-01-01,245720,Guinea
2029-01-01,245720,Guinea
2030-01-01,245720,Guinea
2021-01-01,28120,Guinea-Bissau
2022-01-01,28120,Guinea-Bissau
2023-01-01,28120,Guinea-Bissau
2024-01-01,28120,Guinea-Bissau
2025-01-01,28120,Guinea-Bissau
2026-01-01,28120,Guinea-Bissau
2027-01-01,28120,Guinea-Bissau
2028-01-01,28120,Guinea-Bissau
2029-01-01,28120,Guinea-Bissau
2030-01-01,28120,Guinea-Bissau
2021-01-01,196850,Guyana
2022-01-01,196850,Guyana
2023-01-01,196850,Guyana
2024-01-01,196850,Guyana
2025-01-01,196850,Guyana
2026-01-01,196850,Guyana
2027-01-01,196850,Guyana
2028-01-01,196850,Guyana
2029-01-01,196850,Guyana
2030-01-01,196850,Guyana
2021-01-01,27560,Haiti
2022-01-01,27560,Haiti
2023-01-01,27560,Haiti
2024-01-01,27560,Haiti
2025-01-01,27560,Haiti
2026-01-01,27560,Haiti
2027-01-01,27560,Haiti
2028-01-01,27560,Haiti
2029-01-01,27560,Haiti
2030-01-01,27560,Haiti
2021-01-01,19357299.82,Heavily indebted poor countries (HIPC)
2022-01-01,19357314.97,Heavily indebted poor countries (HIPC)
2023-01-01,19357314.97,Heavily indebted poor countries (HIPC)
2024-01-01,19357314.97,Heavily indebted poor countries (HIPC)
2025-01-01,19357289.68,Heavily indebted poor countries (HIPC)
2026-01-01,19357304.83,Heavily indebted poor countries (HIPC)
2027-01-01,19357304.84,Heavily indebted poor countries (HIPC)
2028-01-01,19357304.84,Heavily indebted poor countries (HIPC)
2029-01-01,19357279.55,Heavily indebted poor countries (HIPC)
2030-01-01,19357294.7,Heavily indebted poor countries (HIPC)
2021-01-01,34946316.27,High income
2022-01-01,34950346.68,High income
2023-01-01,34950346.69,High income
2024-01-01,34950346.69,High income
2025-01-01,34950324.67,High income
2026-01-01,34954355.08,High income
2027-01-01,34954355.08,High income
2028-01-01,34954355.08,High income
2029-01-01,34954333.06,High income
2030-01-01,34958363.48,High income
2021-01-01,111890,Honduras
2022-01-01,111890,Honduras
2023-01-01,111890,Honduras
2024-01-01,111890,Honduras
2025-01-01,111890,Honduras
2026-01-01,111890,Honduras
2027-01-01,111890,Honduras
2028-01-01,111890,Honduras
2029-01-01,111890,Honduras
2030-01-01,111890,Honduras
2021-01-01,1050,"Hong Kong SAR, China"
2022-01-01,1050,"Hong Kong SAR, China"
2023-01-01,1050,"Hong Kong SAR, China"
2024-01-01,1050,"Hong Kong SAR, China"
2025-01-01,1050,"Hong Kong SAR, China"
2026-01-01,1050,"Hong Kong SAR, China"
2027-01-01,1050,"Hong Kong SAR, China"
2028-01-01,1050,"Hong Kong SAR, China"
2029-01-01,1050,"Hong Kong SAR, China"
2030-01-01,1050,"Hong Kong SAR, China"
2021-01-01,91260,Hungary
2022-01-01,91260,Hungary
2023-01-01,91260,Hungary
2024-01-01,91260,Hungary
2025-01-01,91260,Hungary
2026-01-01,91260,Hungary
2027-01-01,91260,Hungary
2028-01-01,91260,Hungary
2029-01-01,91260,Hungary
2030-01-01,91260,Hungary
2021-01-01,71071092.5,IBRD only
2022-01-01,71071179.5,IBRD only
2023-01-01,71071179.5,IBRD only
2024-01-01,71071179.5,IBRD only
2025-01-01,71071193.8,IBRD only
2026-01-01,71071280.8,IBRD only
2027-01-01,71071280.8,IBRD only
2028-01-01,71071280.8,IBRD only
2029-01-01,71071295.1,IBRD only
2030-01-01,71071382.1,IBRD only
2021-01-01,96060293.42,IDA & IBRD total
2022-01-01,96049456.61,IDA & IBRD total
2023-01-01,96049456.61,IDA & IBRD total
2024-01-01,96049456.61,IDA & IBRD total
2025-01-01,96049153.6,IDA & IBRD total
2026-01-01,96038316.8,IDA & IBRD total
2027-01-01,96038316.8,IDA & IBRD total
2028-01-01,96038316.8,IDA & IBRD total
2029-01-01,96038013.79,IDA & IBRD total
2030-01-01,96027176.99,IDA & IBRD total
2021-01-01,4384524,IDA blend
2022-01-01,4384492,IDA blend
2023-01-01,4384492,IDA blend
2024-01-01,4384492,IDA blend
2025-01-01,4384491,IDA blend
2026-01-01,4384459,IDA blend
2027-01-01,4384459,IDA blend
2028-01-01,4384459,IDA blend
2029-01-01,4384458,IDA blend
2030-01-01,4384426,IDA blend
2021-01-01,20604676.92,IDA only
2022-01-01,20593785.11,IDA only
2023-01-01,20593785.11,IDA only
2024-01-01,20593785.11,IDA only
2025-01-01,20593468.8,IDA only
2026-01-01,20582577,IDA only
2027-01-01,20582577,IDA only
2028-01-01,20582577,IDA only
2029-01-01,20582260.69,IDA only
2030-01-01,20571368.89,IDA only
2021-01-01,24989200.92,IDA total
2022-01-01,24978277.11,IDA total
2023-01-01,24978277.11,IDA total
2024-01-01,24978277.11,IDA total
2025-01-01,24977959.8,IDA total
2026-01-01,24967036,IDA total
2027-01-01,24967036,IDA total
2028-01-01,24967036,IDA total
2029-01-01,24966718.69,IDA total
2030-01-01,24955794.89,IDA total
2021-01-01,100880.0248,Iceland
2022-01-01,101313.9539,Iceland
2023-01-01,101468.3211,Iceland
2024-01-01,101410.5156,Iceland
2025-01-01,101463.2266,Iceland
2026-01-01,101897.1556,Iceland
2027-01-01,102051.5229,Iceland
2028-01-01,101993.7174,Iceland
2029-01-01,102046.4283,Iceland
2030-01-01,102480.3574,Iceland
2021-01-01,2973190,India
2022-01-01,2973190,India
2023-01-01,2973190,India
2024-01-01,2973190,India
2025-01-01,2973190,India
2026-01-01,2973190,India
2027-01-01,2973190,India
2028-01-01,2973190,India
2029-01-01,2973190,India
2030-01-01,2973190,India
2021-01-01,1877519,Indonesia
2022-01-01,1877519,Indonesia
2023-01-01,1877519,Indonesia
2024-01-01,1877519,Indonesia
2025-01-01,1877519,Indonesia
2026-01-01,1877519,Indonesia
2027-01-01,1877519,Indonesia
2028-01-01,1877519,Indonesia
2029-01-01,1877519,Indonesia
2030-01-01,1877519,Indonesia
2021-01-01,1628760,"Iran, Islamic Rep."
2022-01-01,1628760,"Iran, Islamic Rep."
2023-01-01,1628760,"Iran, Islamic Rep."
2024-01-01,1628760,"Iran, Islamic Rep."
2025-01-01,1628760,"Iran, Islamic Rep."
2026-01-01,1628760,"Iran, Islamic Rep."
2027-01-01,1628760,"Iran, Islamic Rep."
2028-01-01,1628760,"Iran, Islamic Rep."
2029-01-01,1628760,"Iran, Islamic Rep."
2030-01-01,1628760,"Iran, Islamic Rep."
2021-01-01,434128,Iraq
2022-01-01,434128,Iraq
2023-01-01,434128,Iraq
2024-01-01,434128,Iraq
2025-01-01,434128,Iraq
2026-01-01,434128,Iraq
2027-01-01,434128,Iraq
2028-01-01,434128,Iraq
2029-01-01,434128,Iraq
2030-01-01,434128,Iraq
2021-01-01,68890,Ireland
2022-01-01,68890,Ireland
2023-01-01,68890,Ireland
2024-01-01,68890,Ireland
2025-01-01,68890,Ireland
2026-01-01,68890,Ireland
2027-01-01,68890,Ireland
2028-01-01,68890,Ireland
2029-01-01,68890,Ireland
2030-01-01,68890,Ireland
2021-01-01,570,Isle of Man
2022-01-01,570,Isle of Man
2023-01-01,570,Isle of Man
2024-01-01,570,Isle of Man
2025-01-01,570,Isle of Man
2026-01-01,570,Isle of Man
2027-01-01,570,Isle of Man
2028-01-01,570,Isle of Man
2029-01-01,570,Isle of Man
2030-01-01,570,Isle of Man
2021-01-01,21640,Israel
2022-01-01,21640,Israel
2023-01-01,21640,Israel
2024-01-01,21640,Israel
2025-01-01,21640,Israel
2026-01-01,21640,Israel
2027-01-01,21640,Israel
2028-01-01,21640,Israel
2029-01-01,21640,Israel
2030-01-01,21640,Israel
2021-01-01,299184.5004,Italy
2022-01-01,300594.3998,Italy
2023-01-01,301610.6116,Italy
2024-01-01,302250.6745,Italy
2025-01-01,303254.5833,Italy
2026-01-01,304664.4827,Italy
2027-01-01,305680.6945,Italy
2028-01-01,306320.7574,Italy
2029-01-01,307324.6662,Italy
2030-01-01,308734.5656,Italy
2021-01-01,10830,Jamaica
2022-01-01,10830,Jamaica
2023-01-01,10830,Jamaica
2024-01-01,10830,Jamaica
2025-01-01,10830,Jamaica
2026-01-01,10830,Jamaica
2027-01-01,10830,Jamaica
2028-01-01,10830,Jamaica
2029-01-01,10830,Jamaica
2030-01-01,10830,Jamaica
2021-01-01,364500,Japan
2022-01-01,364500,Japan
2023-01-01,364500,Japan
2024-01-01,364500,Japan
2025-01-01,364500,Japan
2026-01-01,364500,Japan
2027-01-01,364500,Japan
2028-01-01,364500,Japan
2029-01-01,364500,Japan
2030-01-01,364500,Japan
2021-01-01,88780,Jordan
2022-01-01,88780,Jordan
2023-01-01,88780,Jordan
2024-01-01,88780,Jordan
2025-01-01,88780,Jordan
2026-01-01,88780,Jordan
2027-01-01,88780,Jordan
2028-01-01,88780,Jordan
2029-01-01,88780,Jordan
2030-01-01,88780,Jordan
2021-01-01,2699700,Kazakhstan
2022-01-01,2699700,Kazakhstan
2023-01-01,2699700,Kazakhstan
2024-01-01,2699700,Kazakhstan
2025-01-01,2699700,Kazakhstan
2026-01-01,2699700,Kazakhstan
2027-01-01,2699700,Kazakhstan
2028-01-01,2699700,Kazakhstan
2029-01-01,2699700,Kazakhstan
2030-01-01,2699700,Kazakhstan
2021-01-01,569140,Kenya
2022-01-01,569140,Kenya
2023-01-01,569140,Kenya
2024-01-01,569140,Kenya
2025-01-01,569140,Kenya
2026-01-01,569140,Kenya
2027-01-01,569140,Kenya
2028-01-01,569140,Kenya
2029-01-01,569140,Kenya
2030-01-01,569140,Kenya
2021-01-01,810,Kiribati
2022-01-01,810,Kiribati
2023-01-01,810,Kiribati
2024-01-01,810,Kiribati
2025-01-01,810,Kiribati
2026-01-01,810,Kiribati
2027-01-01,810,Kiribati
2028-01-01,810,Kiribati
2029-01-01,810,Kiribati
2030-01-01,810,Kiribati
2021-01-01,120410,"Korea, Dem. People's Rep."
2022-01-01,120410,"Korea, Dem. People's Rep."
2023-01-01,120410,"Korea, Dem. People's Rep."
2024-01-01,120410,"Korea, Dem. People's Rep."
2025-01-01,120410,"Korea, Dem. People's Rep."
2026-01-01,120410,"Korea, Dem. People's Rep."
2027-01-01,120410,"Korea, Dem. People's Rep."
2028-01-01,120410,"Korea, Dem. People's Rep."
2029-01-01,120410,"Korea, Dem. People's Rep."
2030-01-01,120410,"Korea, Dem. People's Rep."
2021-01-01,97541,"Korea, Rep."
2022-01-01,97551,"Korea, Rep."
2023-01-01,97551,"Korea, Rep."
2024-01-01,97551,"Korea, Rep."
2025-01-01,97572,"Korea, Rep."
2026-01-01,97582,"Korea, Rep."
2027-01-01,97582,"Korea, Rep."
2028-01-01,97582,"Korea, Rep."
2029-01-01,97603,"Korea, Rep."
2030-01-01,97613,"Korea, Rep."
2021-01-01,10887,Kosovo
2022-01-01,10887,Kosovo
2023-01-01,10887,Kosovo
2024-01-01,10887,Kosovo
2025-01-01,10887,Kosovo
2026-01-01,10887,Kosovo
2027-01-01,10887,Kosovo
2028-01-01,10887,Kosovo
2029-01-01,10887,Kosovo
2030-01-01,10887,Kosovo
2021-01-01,17820,Kuwait
2022-01-01,17820,Kuwait
2023-01-01,17820,Kuwait
2024-01-01,17820,Kuwait
2025-01-01,17820,Kuwait
2026-01-01,17820,Kuwait
2027-01-01,17820,Kuwait
2028-01-01,17820,Kuwait
2029-01-01,17820,Kuwait
2030-01-01,17820,Kuwait
2021-01-01,191800,Kyrgyz Republic
2022-01-01,191800,Kyrgyz Republic
2023-01-01,191800,Kyrgyz Republic
2024-01-01,191800,Kyrgyz Republic
2025-01-01,191800,Kyrgyz Republic
2026-01-01,191800,Kyrgyz Republic
2027-01-01,191800,Kyrgyz Republic
2028-01-01,191800,Kyrgyz Republic
2029-01-01,191800,Kyrgyz Republic
2030-01-01,191800,Kyrgyz Republic
2021-01-01,230800,Lao PDR
2022-01-01,230800,Lao PDR
2023-01-01,230800,Lao PDR
2024-01-01,230800,Lao PDR
2025-01-01,230800,Lao PDR
2026-01-01,230800,Lao PDR
2027-01-01,230800,Lao PDR
2028-01-01,230800,Lao PDR
2029-01-01,230800,Lao PDR
2030-01-01,230800,Lao PDR
2021-01-01,44558545.5,Late-demographic dividend
2022-01-01,44558905.5,Late-demographic dividend
2023-01-01,44558905.5,Late-demographic dividend
2024-01-01,44558905.5,Late-demographic dividend
2025-01-01,44558897.8,Late-demographic dividend
2026-01-01,44559257.8,Late-demographic dividend
2027-01-01,44559257.8,Late-demographic dividend
2028-01-01,44559257.8,Late-demographic dividend
2029-01-01,44559250.1,Late-demographic dividend
2030-01-01,44559610.1,Late-demographic dividend
2021-01-01,20038737,Latin America & Caribbean
2022-01-01,20038794,Latin America & Caribbean
2023-01-01,20038794,Latin America & Caribbean
2024-01-01,20038794,Latin America & Caribbean
2025-01-01,20038554,Latin America & Caribbean
2026-01-01,20038611,Latin America & Caribbean
2027-01-01,20038611,Latin America & Caribbean
2028-01-01,20038611,Latin America & Caribbean
2029-01-01,20038371,Latin America & Caribbean
2030-01-01,20038428,Latin America & Caribbean
2021-01-01,18210597,Latin America & Caribbean (excluding high income)
2022-01-01,18210654,Latin America & Caribbean (excluding high income)
2023-01-01,18210654,Latin America & Caribbean (excluding high income)
2024-01-01,18210654,Latin America & Caribbean (excluding high income)
2025-01-01,18210414,Latin America & Caribbean (excluding high income)
2026-01-01,18210471,Latin America & Caribbean (excluding high income)
2027-01-01,18210471,Latin America & Caribbean (excluding high income)
2028-01-01,18210471,Latin America & Caribbean (excluding high income)
2029-01-01,18210231,Latin America & Caribbean (excluding high income)
2030-01-01,18210288,Latin America & Caribbean (excluding high income)
2021-01-01,19913469,Latin America & the Caribbean (IDA & IBRD countries)
2022-01-01,19913526,Latin America & the Caribbean (IDA & IBRD countries)
2023-01-01,19913526,Latin America & the Caribbean (IDA & IBRD countries)
2024-01-01,19913526,Latin America & the Caribbean (IDA & IBRD countries)
2025-01-01,19913526,Latin America & the Caribbean (IDA & IBRD countries)
2026-01-01,19913583,Latin America & the Caribbean (IDA & IBRD countries)
2027-01-01,19913583,Latin America & the Caribbean (IDA & IBRD countries)
2028-01-01,19913583,Latin America & the Caribbean (IDA & IBRD countries)
2029-01-01,19913583,Latin America & the Caribbean (IDA & IBRD countries)
2030-01-01,19913640,Latin America & the Caribbean (IDA & IBRD countries)
2021-01-01,62080,Latvia
2022-01-01,62060,Latvia
2023-01-01,62060,Latvia
2024-01-01,62060,Latvia
2025-01-01,62050,Latvia
2026-01-01,62030,Latvia
2027-01-01,62030,Latvia
2028-01-01,62030,Latvia
2029-01-01,62020,Latvia
2030-01-01,62000,Latvia
2021-01-01,20372676.92,Least developed countries: UN classification
2022-01-01,20372672.11,Least developed countries: UN classification
2023-01-01,20372672.11,Least developed countries: UN classification
2024-01-01,20372672.11,Least developed countries: UN classification
2025-01-01,20372355.8,Least developed countries: UN classification
2026-01-01,20372351,Least developed countries: UN classification
2027-01-01,20372351,Least developed countries: UN classification
2028-01-01,20372351,Least developed countries: UN classification
2029-01-01,20372034.69,Least developed countries: UN classification
2030-01-01,20372029.89,Least developed countries: UN classification
2021-01-01,10230,Lebanon
2022-01-01,10230,Lebanon
2023-01-01,10230,Lebanon
2024-01-01,10230,Lebanon
2025-01-01,10230,Lebanon
2026-01-01,10230,Lebanon
2027-01-01,10230,Lebanon
2028-01-01,10230,Lebanon
2029-01-01,10230,Lebanon
2030-01-01,10230,Lebanon
2021-01-01,30360,Lesotho
2022-01-01,30360,Lesotho
2023-01-01,30360,Lesotho
2024-01-01,30360,Lesotho
2025-01-01,30360,Lesotho
2026-01-01,30360,Lesotho
2027-01-01,30360,Lesotho
2028-01-01,30360,Lesotho
2029-01-01,30360,Lesotho
2030-01-01,30360,Lesotho
2021-01-01,96320,Liberia
2022-01-01,96320,Liberia
2023-01-01,96320,Liberia
2024-01-01,96320,Liberia
2025-01-01,96320,Liberia
2026-01-01,96320,Liberia
2027-01-01,96320,Liberia
2028-01-01,96320,Liberia
2029-01-01,96320,Liberia
2030-01-01,96320,Liberia
2021-01-01,1759540,Libya
2022-01-01,1759540,Libya
2023-01-01,1759540,Libya
2024-01-01,1759540,Libya
2025-01-01,1759540,Libya
2026-01-01,1759540,Libya
2027-01-01,1759540,Libya
2028-01-01,1759540,Libya
2029-01-01,1759540,Libya
2030-01-01,1759540,Libya
2021-01-01,160,Liechtenstein
2022-01-01,160,Liechtenstein
2023-01-01,160,Liechtenstein
2024-01-01,160,Liechtenstein
2025-01-01,160,Liechtenstein
2026-01-01,160,Liechtenstein
2027-01-01,160,Liechtenstein
2028-01-01,160,Liechtenstein
2029-01-01,160,Liechtenstein
2030-01-01,160,Liechtenstein
2021-01-01,62629,Lithuania
2022-01-01,62618,Lithuania
2023-01-01,62618,Lithuania
2024-01-01,62618,Lithuania
2025-01-01,62617,Lithuania
2026-01-01,62606,Lithuania
2027-01-01,62606,Lithuania
2028-01-01,62606,Lithuania
2029-01-01,62605,Lithuania
2030-01-01,62594,Lithuania
2021-01-01,94120351.42,Low & middle income
2022-01-01,94109534.61,Low & middle income
2023-01-01,94109534.61,Low & middle income
2024-01-01,94109534.61,Low & middle income
2025-01-01,94108991.6,Low & middle income
2026-01-01,94098174.8,Low & middle income
2027-01-01,94098174.8,Low & middle income
2028-01-01,94098174.8,Low & middle income
2029-01-01,94097631.79,Low & middle income
2030-01-01,94086814.99,Low & middle income
2021-01-01,14953545.92,Low income
2022-01-01,14953545.11,Low income
2023-01-01,14953545.11,Low income
2024-01-01,14953545.11,Low income
2025-01-01,14953518.8,Low income
2026-01-01,14953518,Low income
2027-01-01,14953518,Low income
2028-01-01,14953518,Low income
2029-01-01,14953491.69,Low income
2030-01-01,14953490.89,Low income
2021-01-01,25599464,Lower middle income
2022-01-01,25599498.6,Lower middle income
2023-01-01,25599498.6,Lower middle income
2024-01-01,25599498.6,Lower middle income
2025-01-01,25599217.6,Lower middle income
2026-01-01,25599252.2,Lower middle income
2027-01-01,25599252.2,Lower middle income
2028-01-01,25599252.2,Lower middle income
2029-01-01,25598971.2,Lower middle income
2030-01-01,25599005.8,Lower middle income
2021-01-01,2430,Luxembourg
2022-01-01,2430,Luxembourg
2023-01-01,2430,Luxembourg
2024-01-01,2430,Luxembourg
2025-01-01,2430,Luxembourg
2026-01-01,2430,Luxembourg
2027-01-01,2430,Luxembourg
2028-01-01,2430,Luxembourg
2029-01-01,2430,Luxembourg
2030-01-01,2430,Luxembourg
2021-01-01,33.58657408,"Macao SAR, China"
2022-01-01,34.43084177,"Macao SAR, China"
2023-01-01,35.01036559,"Macao SAR, China"
2024-01-01,35.32555436,"Macao SAR, China"
2025-01-01,35.86633866,"Macao SAR, China"
2026-01-01,36.71060634,"Macao SAR, China"
2027-01-01,37.29013016,"Macao SAR, China"
2028-01-01,37.60531893,"Macao SAR, China"
2029-01-01,38.14610323,"Macao SAR, China"
2030-01-01,38.99037091,"Macao SAR, China"
2021-01-01,581800,Madagascar
2022-01-01,581800,Madagascar
2023-01-01,581800,Madagascar
2024-01-01,581800,Madagascar
2025-01-01,581800,Madagascar
2026-01-01,581800,Madagascar
2027-01-01,581800,Madagascar
2028-01-01,581800,Madagascar
2029-01-01,581800,Madagascar
2030-01-01,581800,Madagascar
2021-01-01,94280,Malawi
2022-01-01,94280,Malawi
2023-01-01,94280,Malawi
2024-01-01,94280,Malawi
2025-01-01,94280,Malawi
2026-01-01,94280,Malawi
2027-01-01,94280,Malawi
2028-01-01,94280,Malawi
2029-01-01,94280,Malawi
2030-01-01,94280,Malawi
2021-01-01,328550,Malaysia
2022-01-01,328550,Malaysia
2023-01-01,328550,Malaysia
2024-01-01,328550,Malaysia
2025-01-01,328550,Malaysia
2026-01-01,328550,Malaysia
2027-01-01,328550,Malaysia
2028-01-01,328550,Malaysia
2029-01-01,328550,Malaysia
2030-01-01,328550,Malaysia
2021-01-01,300,Maldives
2022-01-01,300,Maldives
2023-01-01,300,Maldives
2024-01-01,300,Maldives
2025-01-01,300,Maldives
2026-01-01,300,Maldives
2027-01-01,300,Maldives
2028-01-01,300,Maldives
2029-01-01,300,Maldives
2030-01-01,300,Maldives
2021-01-01,1220190,Mali
2022-01-01,1220190,Mali
2023-01-01,1220190,Mali
2024-01-01,1220190,Mali
2025-01-01,1220190,Mali
2026-01-01,1220190,Mali
2027-01-01,1220190,Mali
2028-01-01,1220190,Mali
2029-01-01,1220190,Mali
2030-01-01,1220190,Mali
2021-01-01,320,Malta
2022-01-01,320,Malta
2023-01-01,320,Malta
2024-01-01,320,Malta
2025-01-01,320,Malta
2026-01-01,320,Malta
2027-01-01,320,Malta
2028-01-01,320,Malta
2029-01-01,320,Malta
2030-01-01,320,Malta
2021-01-01,180,Marshall Islands
2022-01-01,180,Marshall Islands
2023-01-01,180,Marshall Islands
2024-01-01,180,Marshall Islands
2025-01-01,180,Marshall Islands
2026-01-01,180,Marshall Islands
2027-01-01,180,Marshall Islands
2028-01-01,180,Marshall Islands
2029-01-01,180,Marshall Islands
2030-01-01,180,Marshall Islands
2021-01-01,1030700,Mauritania
2022-01-01,1030700,Mauritania
2023-01-01,1030700,Mauritania
2024-01-01,1030700,Mauritania
2025-01-01,1030700,Mauritania
2026-01-01,1030700,Mauritania
2027-01-01,1030700,Mauritania
2028-01-01,1030700,Mauritania
2029-01-01,1030700,Mauritania
2030-01-01,1030700,Mauritania
2021-01-01,2030,Mauritius
2022-01-01,2030,Mauritius
2023-01-01,2030,Mauritius
2024-01-01,2030,Mauritius
2025-01-01,2030,Mauritius
2026-01-01,2030,Mauritius
2027-01-01,2030,Mauritius
2028-01-01,2030,Mauritius
2029-01-01,2030,Mauritius
2030-01-01,2030,Mauritius
2021-01-01,1943950,Mexico
2022-01-01,1943950,Mexico
2023-01-01,1943950,Mexico
2024-01-01,1943950,Mexico
2025-01-01,1943950,Mexico
2026-01-01,1943950,Mexico
2027-01-01,1943950,Mexico
2028-01-01,1943950,Mexico
2029-01-01,1943950,Mexico
2030-01-01,1943950,Mexico
2021-01-01,700,"Micronesia, Fed. Sts."
2022-01-01,700,"Micronesia, Fed. Sts."
2023-01-01,700,"Micronesia, Fed. Sts."
2024-01-01,700,"Micronesia, Fed. Sts."
2025-01-01,700,"Micronesia, Fed. Sts."
2026-01-01,700,"Micronesia, Fed. Sts."
2027-01-01,700,"Micronesia, Fed. Sts."
2028-01-01,700,"Micronesia, Fed. Sts."
2029-01-01,700,"Micronesia, Fed. Sts."
2030-01-01,700,"Micronesia, Fed. Sts."
2021-01-01,11223350,Middle East & North Africa
2022-01-01,11223350,Middle East & North Africa
2023-01-01,11223350,Middle East & North Africa
2024-01-01,11223350,Middle East & North Africa
2025-01-01,11223351,Middle East & North Africa
2026-01-01,11223351,Middle East & North Africa
2027-01-01,11223351,Middle East & North Africa
2028-01-01,11223351,Middle East & North Africa
2029-01-01,11223352,Middle East & North Africa
2030-01-01,11223352,Middle East & North Africa
2021-01-01,8635069,Middle East & North Africa (IDA & IBRD countries)
2022-01-01,8635069,Middle East & North Africa (IDA & IBRD countries)
2023-01-01,8635069,Middle East & North Africa (IDA & IBRD countries)
2024-01-01,8635069,Middle East & North Africa (IDA & IBRD countries)
2025-01-01,8635069,Middle East & North Africa (IDA & IBRD countries)
2026-01-01,8635069,Middle East & North Africa (IDA & IBRD countries)
2027-01-01,8635069,Middle East & North Africa (IDA & IBRD countries)
2028-01-01,8635069,Middle East & North Africa (IDA & IBRD countries)
2029-01-01,8635069,Middle East & North Africa (IDA & IBRD countries)
2030-01-01,8635069,Middle East & North Africa (IDA & IBRD countries)
2021-01-01,8641089,Middle East & North Africa (excluding high income)
2022-01-01,8641089,Middle East & North Africa (excluding high income)
2023-01-01,8641089,Middle East & North Africa (excluding high income)
2024-01-01,8641089,Middle East & North Africa (excluding high income)
2025-01-01,8641089,Middle East & North Africa (excluding high income)
2026-01-01,8641089,Middle East & North Africa (excluding high income)
2027-01-01,8641089,Middle East & North Africa (excluding high income)
2028-01-01,8641089,Middle East & North Africa (excluding high income)
2029-01-01,8641089,Middle East & North Africa (excluding high income)
2030-01-01,8641089,Middle East & North Africa (excluding high income)
2021-01-01,79166805.5,Middle income
2022-01-01,79155989.5,Middle income
2023-01-01,79155989.5,Middle income
2024-01-01,79155989.5,Middle income
2025-01-01,79155472.8,Middle income
2026-01-01,79144656.8,Middle income
2027-01-01,79144656.8,Middle income
2028-01-01,79144656.8,Middle income
2029-01-01,79144140.1,Middle income
2030-01-01,79133324.1,Middle income
2021-01-01,32895.3,Moldova
2022-01-01,32890.6,Moldova
2023-01-01,32890.6,Moldova
2024-01-01,32890.6,Moldova
2025-01-01,32900.6,Moldova
2026-01-01,32895.9,Moldova
2027-01-01,32895.9,Moldova
2028-01-01,32895.9,Moldova
2029-01-01,32905.9,Moldova
2030-01-01,32901.2,Moldova
2021-01-01,2.027,Monaco
2022-01-01,2.027,Monaco
2023-01-01,2.027,Monaco
2024-01-01,2.027,Monaco
2025-01-01,2.027,Monaco
2026-01-01,2.027,Monaco
2027-01-01,2.027,Monaco
2028-01-01,2.027,Monaco
2029-01-01,2.027,Monaco
2030-01-01,2.027,Monaco
2021-01-01,1557255,Mongolia
2022-01-01,1557254.6,Mongolia
2023-01-01,1557254.6,Mongolia
2024-01-01,1557254.6,Mongolia
2025-01-01,1557254.6,Mongolia
2026-01-01,1557254.2,Mongolia
2027-01-01,1557254.2,Mongolia
2028-01-01,1557254.2,Mongolia
2029-01-01,1557254.2,Mongolia
2030-01-01,1557253.8,Mongolia
2021-01-01,13450,Montenegro
2022-01-01,13450,Montenegro
2023-01-01,13450,Montenegro
2024-01-01,13450,Montenegro
2025-01-01,13450,Montenegro
2026-01-01,13450,Montenegro
2027-01-01,13450,Montenegro
2028-01-01,13450,Montenegro
2029-01-01,13450,Montenegro
2030-01-01,13450,Montenegro
2021-01-01,446300,Morocco
2022-01-01,446300,Morocco
2023-01-01,446300,Morocco
2024-01-01,446300,Morocco
2025-01-01,446300,Morocco
2026-01-01,446300,Morocco
2027-01-01,446300,Morocco
2028-01-01,446300,Morocco
2029-01-01,446300,Morocco
2030-01-01,446300,Morocco
2021-01-01,786380,Mozambique
2022-01-01,786380,Mozambique
2023-01-01,786380,Mozambique
2024-01-01,786380,Mozambique
2025-01-01,786380,Mozambique
2026-01-01,786380,Mozambique
2027-01-01,786380,Mozambique
2028-01-01,786380,Mozambique
2029-01-01,786380,Mozambique
2030-01-01,786380,Mozambique
2021-01-01,652500,Myanmar
2022-01-01,652500,Myanmar
2023-01-01,652500,Myanmar
2024-01-01,652500,Myanmar
2025-01-01,652210,Myanmar
2026-01-01,652210,Myanmar
2027-01-01,652210,Myanmar
2028-01-01,652210,Myanmar
2029-01-01,651920,Myanmar
2030-01-01,651920,Myanmar
2021-01-01,823290,Namibia
2022-01-01,823290,Namibia
2023-01-01,823290,Namibia
2024-01-01,823290,Namibia
2025-01-01,823290,Namibia
2026-01-01,823290,Namibia
2027-01-01,823290,Namibia
2028-01-01,823290,Namibia
2029-01-01,823290,Namibia
2030-01-01,823290,Namibia
2021-01-01,20,Nauru
2022-01-01,20,Nauru
2023-01-01,20,Nauru
2024-01-01,20,Nauru
2025-01-01,20,Nauru
2026-01-01,20,Nauru
2027-01-01,20,Nauru
2028-01-01,20,Nauru
2029-01-01,20,Nauru
2030-01-01,20,Nauru
2021-01-01,143350,Nepal
2022-01-01,143350,Nepal
2023-01-01,143350,Nepal
2024-01-01,143350,Nepal
2025-01-01,143350,Nepal
2026-01-01,143350,Nepal
2027-01-01,143350,Nepal
2028-01-01,143350,Nepal
2029-01-01,143350,Nepal
2030-01-01,143350,Nepal
2021-01-01,33670,Netherlands
2022-01-01,33670,Netherlands
2023-01-01,33670,Netherlands
2024-01-01,33670,Netherlands
2025-01-01,33670,Netherlands
2026-01-01,33670,Netherlands
2027-01-01,33670,Netherlands
2028-01-01,33670,Netherlands
2029-01-01,33670,Netherlands
2030-01-01,33670,Netherlands
2021-01-01,18280,New Caledonia
2022-01-01,18280,New Caledonia
2023-01-01,18280,New Caledonia
2024-01-01,18280,New Caledonia
2025-01-01,18280,New Caledonia
2026-01-01,18280,New Caledonia
2027-01-01,18280,New Caledonia
2028-01-01,18280,New Caledonia
2029-01-01,18280,New Caledonia
2030-01-01,18280,New Caledonia
2021-01-01,263310,New Zealand
2022-01-01,263310,New Zealand
2023-01-01,263310,New Zealand
2024-01-01,263310,New Zealand
2025-01-01,263310,New Zealand
2026-01-01,263310,New Zealand
2027-01-01,263310,New Zealand
2028-01-01,263310,New Zealand
2029-01-01,263310,New Zealand
2030-01-01,263310,New Zealand
2021-01-01,120340,Nicaragua
2022-01-01,120340,Nicaragua
2023-01-01,120340,Nicaragua
2024-01-01,120340,Nicaragua
2025-01-01,120340,Nicaragua
2026-01-01,120340,Nicaragua
2027-01-01,120340,Nicaragua
2028-01-01,120340,Nicaragua
2029-01-01,120340,Nicaragua
2030-01-01,120340,Nicaragua
2021-01-01,1266700,Niger
2022-01-01,1266700,Niger
2023-01-01,1266700,Niger
2024-01-01,1266700,Niger
2025-01-01,1266700,Niger
2026-01-01,1266700,Niger
2027-01-01,1266700,Niger
2028-01-01,1266700,Niger
2029-01-01,1266700,Niger
2030-01-01,1266700,Niger
2021-01-01,910770,Nigeria
2022-01-01,910770,Nigeria
2023-01-01,910770,Nigeria
2024-01-01,910770,Nigeria
2025-01-01,910770,Nigeria
2026-01-01,910770,Nigeria
2027-01-01,910770,Nigeria
2028-01-01,910770,Nigeria
2029-01-01,910770,Nigeria
2030-01-01,910770,Nigeria
2021-01-01,18113064,North America
2022-01-01,18113064,North America
2023-01-01,18113064,North America
2024-01-01,18113064,North America
2025-01-01,18113064,North America
2026-01-01,18113064,North America
2027-01-01,18113064,North America
2028-01-01,18113064,North America
2029-01-01,18113064,North America
2030-01-01,18113064,North America
2021-01-01,25220,North Macedonia
2022-01-01,25220,North Macedonia
2023-01-01,25220,North Macedonia
2024-01-01,25220,North Macedonia
2025-01-01,25220,North Macedonia
2026-01-01,25220,North Macedonia
2027-01-01,25220,North Macedonia
2028-01-01,25220,North Macedonia
2029-01-01,25220,North Macedonia
2030-01-01,25220,North Macedonia
2021-01-01,460,Northern Mariana Islands
2022-01-01,460,Northern Mariana Islands
2023-01-01,460,Northern Mariana Islands
2024-01-01,460,Northern Mariana Islands
2025-01-01,460,Northern Mariana Islands
2026-01-01,460,Northern Mariana Islands
2027-01-01,460,Northern Mariana Islands
2028-01-01,460,Northern Mariana Islands
2029-01-01,460,Northern Mariana Islands
2030-01-01,460,Northern Mariana Islands
2021-01-01,365085.08,Norway
2022-01-01,365069.97,Norway
2023-01-01,365069.97,Norway
2024-01-01,365069.97,Norway
2025-01-01,365047.2,Norway
2026-01-01,365032.09,Norway
2027-01-01,365032.09,Norway
2028-01-01,365032.09,Norway
2029-01-01,365009.32,Norway
2030-01-01,364994.21,Norway
2021-01-01,35511865.04,OECD members
2022-01-01,35516033.36,OECD members
2023-01-01,35516033.36,OECD members
2024-01-01,35516033.36,OECD members
2025-01-01,35516010.04,OECD members
2026-01-01,35520178.36,OECD members
2027-01-01,35520178.36,OECD members
2028-01-01,35520178.36,OECD members
2029-01-01,35520155.04,OECD members
2030-01-01,35524323.36,OECD members
2021-01-01,309500,Oman
2022-01-01,309500,Oman
2023-01-01,309500,Oman
2024-01-01,309500,Oman
2025-01-01,309500,Oman
2026-01-01,309500,Oman
2027-01-01,309500,Oman
2028-01-01,309500,Oman
2029-01-01,309500,Oman
2030-01-01,309500,Oman
2021-01-01,2032282,Other small states
2022-01-01,2032858,Other small states
2023-01-01,2032858,Other small states
2024-01-01,2032858,Other small states
2025-01-01,2032859,Other small states
2026-01-01,2033435,Other small states
2027-01-01,2033435,Other small states
2028-01-01,2033435,Other small states
2029-01-01,2033436,Other small states
2030-01-01,2034012,Other small states
2021-01-01,64200,Pacific island small states
2022-01-01,64200,Pacific island small states
2023-01-01,64200,Pacific island small states
2024-01-01,64200,Pacific island small states
2025-01-01,64200,Pacific island small states
2026-01-01,64200,Pacific island small states
2027-01-01,64200,Pacific island small states
2028-01-01,64200,Pacific island small states
2029-01-01,64200,Pacific island small states
2030-01-01,64200,Pacific island small states
2021-01-01,770880,Pakistan
2022-01-01,770880,Pakistan
2023-01-01,770880,Pakistan
2024-01-01,770880,Pakistan
2025-01-01,770880,Pakistan
2026-01-01,770880,Pakistan
2027-01-01,770880,Pakistan
2028-01-01,770880,Pakistan
2029-01-01,770880,Pakistan
2030-01-01,770880,Pakistan
2021-01-01,460,Palau
2022-01-01,460,Palau
2023-01-01,460,Palau
2024-01-01,460,Palau
2025-01-01,460,Palau
2026-01-01,460,Palau
2027-01-01,460,Palau
2028-01-01,460,Palau
2029-01-01,460,Palau
2030-01-01,460,Palau
2021-01-01,74177,Panama
2022-01-01,74234,Panama
2023-01-01,74234,Panama
2024-01-01,74234,Panama
2025-01-01,74234,Panama
2026-01-01,74291,Panama
2027-01-01,74291,Panama
2028-01-01,74291,Panama
2029-01-01,74291,Panama
2030-01-01,74348,Panama
2021-01-01,452860,Papua New Guinea
2022-01-01,452860,Papua New Guinea
2023-01-01,452860,Papua New Guinea
2024-01-01,452860,Papua New Guinea
2025-01-01,452860,Papua New Guinea
2026-01-01,452860,Papua New Guinea
2027-01-01,452860,Papua New Guinea
2028-01-01,452860,Papua New Guinea
2029-01-01,452860,Papua New Guinea
2030-01-01,452860,Papua New Guinea
2021-01-01,397300,Paraguay
2022-01-01,397300,Paraguay
2023-01-01,397300,Paraguay
2024-01-01,397300,Paraguay
2025-01-01,397300,Paraguay
2026-01-01,397300,Paraguay
2027-01-01,397300,Paraguay
2028-01-01,397300,Paraguay
2029-01-01,397300,Paraguay
2030-01-01,397300,Paraguay
2021-01-01,1280000,Peru
2022-01-01,1280000,Peru
2023-01-01,1280000,Peru
2024-01-01,1280000,Peru
2025-01-01,1280000,Peru
2026-01-01,1280000,Peru
2027-01-01,1280000,Peru
2028-01-01,1280000,Peru
2029-01-01,1280000,Peru
2030-01-01,1280000,Peru
2021-01-01,298170,Philippines
2022-01-01,298170,Philippines
2023-01-01,298170,Philippines
2024-01-01,298170,Philippines
2025-01-01,298170,Philippines
2026-01-01,298170,Philippines
2027-01-01,298170,Philippines
2028-01-01,298170,Philippines
2029-01-01,298170,Philippines
2030-01-01,298170,Philippines
2021-01-01,306170,Poland
2022-01-01,306150,Poland
2023-01-01,306150,Poland
2024-01-01,306150,Poland
2025-01-01,306150,Poland
2026-01-01,306130,Poland
2027-01-01,306130,Poland
2028-01-01,306130,Poland
2029-01-01,306130,Poland
2030-01-01,306110,Poland
2021-01-01,91605.6,Portugal
2022-01-01,91605.6,Portugal
2023-01-01,91605.6,Portugal
2024-01-01,91605.6,Portugal
2025-01-01,91605.6,Portugal
2026-01-01,91605.6,Portugal
2027-01-01,91605.6,Portugal
2028-01-01,91605.6,Portugal
2029-01-01,91605.6,Portugal
2030-01-01,91605.6,Portugal
2021-01-01,31348317.24,Post-demographic dividend
2022-01-01,31352037.66,Post-demographic dividend
2023-01-01,31352037.66,Post-demographic dividend
2024-01-01,31352037.66,Post-demographic dividend
2025-01-01,31351796.64,Post-demographic dividend
2026-01-01,31355517.06,Post-demographic dividend
2027-01-01,31355517.06,Post-demographic dividend
2028-01-01,31355517.06,Post-demographic dividend
2029-01-01,31355276.04,Post-demographic dividend
2030-01-01,31358996.46,Post-demographic dividend
2021-01-01,20270498.57,Pre-demographic dividend
2022-01-01,20270477.37,Pre-demographic dividend
2023-01-01,20270477.37,Pre-demographic dividend
2024-01-01,20270477.37,Pre-demographic dividend
2025-01-01,20270475.1,Pre-demographic dividend
2026-01-01,20270453.91,Pre-demographic dividend
2027-01-01,20270453.91,Pre-demographic dividend
2028-01-01,20270453.91,Pre-demographic dividend
2029-01-01,20270451.64,Pre-demographic dividend
2030-01-01,20270430.44,Pre-demographic dividend
2021-01-01,8870,Puerto Rico
2022-01-01,8870,Puerto Rico
2023-01-01,8870,Puerto Rico
2024-01-01,8870,Puerto Rico
2025-01-01,8870,Puerto Rico
2026-01-01,8870,Puerto Rico
2027-01-01,8870,Puerto Rico
2028-01-01,8870,Puerto Rico
2029-01-01,8870,Puerto Rico
2030-01-01,8870,Puerto Rico
2021-01-01,11490,Qatar
2022-01-01,11490,Qatar
2023-01-01,11490,Qatar
2024-01-01,11490,Qatar
2025-01-01,11490,Qatar
2026-01-01,11490,Qatar
2027-01-01,11490,Qatar
2028-01-01,11490,Qatar
2029-01-01,11490,Qatar
2030-01-01,11490,Qatar
2021-01-01,230080,Romania
2022-01-01,230080,Romania
2023-01-01,230080,Romania
2024-01-01,230080,Romania
2025-01-01,230080,Romania
2026-01-01,230080,Romania
2027-01-01,230080,Romania
2028-01-01,230080,Romania
2029-01-01,230080,Romania
2030-01-01,230080,Romania
2021-01-01,16376870,Russian Federation
2022-01-01,16376870,Russian Federation
2023-01-01,16376870,Russian Federation
2024-01-01,16376870,Russian Federation
2025-01-01,16376870,Russian Federation
2026-01-01,16376870,Russian Federation
2027-01-01,16376870,Russian Federation
2028-01-01,16376870,Russian Federation
2029-01-01,16376870,Russian Federation
2030-01-01,16376870,Russian Federation
2021-01-01,24670,Rwanda
2022-01-01,24670,Rwanda
2023-01-01,24670,Rwanda
2024-01-01,24670,Rwanda
2025-01-01,24670,Rwanda
2026-01-01,24670,Rwanda
2027-01-01,24670,Rwanda
2028-01-01,24670,Rwanda
2029-01-01,24670,Rwanda
2030-01-01,24670,Rwanda
2021-01-01,2830,Samoa
2022-01-01,2830,Samoa
2023-01-01,2830,Samoa
2024-01-01,2830,Samoa
2025-01-01,2830,Samoa
2026-01-01,2830,Samoa
2027-01-01,2830,Samoa
2028-01-01,2830,Samoa
2029-01-01,2830,Samoa
2030-01-01,2830,Samoa
2021-01-01,60,San Marino
2022-01-01,60,San Marino
2023-01-01,60,San Marino
2024-01-01,60,San Marino
2025-01-01,60,San Marino
2026-01-01,60,San Marino
2027-01-01,60,San Marino
2028-01-01,60,San Marino
2029-01-01,60,San Marino
2030-01-01,60,San Marino
2021-01-01,960,Sao Tome and Principe
2022-01-01,960,Sao Tome and Principe
2023-01-01,960,Sao Tome and Principe
2024-01-01,960,Sao Tome and Principe
2025-01-01,960,Sao Tome and Principe
2026-01-01,960,Sao Tome and Principe
2027-01-01,960,Sao Tome and Principe
2028-01-01,960,Sao Tome and Principe
2029-01-01,960,Sao Tome and Principe
2030-01-01,960,Sao Tome and Principe
2021-01-01,2149690,Saudi Arabia
2022-01-01,2149690,Saudi Arabia
2023-01-01,2149690,Saudi Arabia
2024-01-01,2149690,Saudi Arabia
2025-01-01,2149690,Saudi Arabia
2026-01-01,2149690,Saudi Arabia
2027-01-01,2149690,Saudi Arabia
2028-01-01,2149690,Saudi Arabia
2029-01-01,2149690,Saudi Arabia
2030-01-01,2149690,Saudi Arabia
2021-01-01,192530,Senegal
2022-01-01,192530,Senegal
2023-01-01,192530,Senegal
2024-01-01,192530,Senegal
2025-01-01,192530,Senegal
2026-01-01,192530,Senegal
2027-01-01,192530,Senegal
2028-01-01,192530,Senegal
2029-01-01,192530,Senegal
2030-01-01,192530,Senegal
2021-01-01,87460,Serbia
2022-01-01,87460,Serbia
2023-01-01,87460,Serbia
2024-01-01,87460,Serbia
2025-01-01,87460,Serbia
2026-01-01,87460,Serbia
2027-01-01,87460,Serbia
2028-01-01,87460,Serbia
2029-01-01,87460,Serbia
2030-01-01,87460,Serbia
2021-01-01,460,Seychelles
2022-01-01,460,Seychelles
2023-01-01,460,Seychelles
2024-01-01,460,Seychelles
2025-01-01,460,Seychelles
2026-01-01,460,Seychelles
2027-01-01,460,Seychelles
2028-01-01,460,Seychelles
2029-01-01,460,Seychelles
2030-01-01,460,Seychelles
2021-01-01,72180,Sierra Leone
2022-01-01,72180,Sierra Leone
2023-01-01,72180,Sierra Leone
2024-01-01,72180,Sierra Leone
2025-01-01,72180,Sierra Leone
2026-01-01,72180,Sierra Leone
2027-01-01,72180,Sierra Leone
2028-01-01,72180,Sierra Leone
2029-01-01,72180,Sierra Leone
2030-01-01,72180,Sierra Leone
2021-01-01,709,Singapore
2022-01-01,709,Singapore
2023-01-01,709,Singapore
2024-01-01,709,Singapore
2025-01-01,709,Singapore
2026-01-01,709,Singapore
2027-01-01,709,Singapore
2028-01-01,709,Singapore
2029-01-01,709,Singapore
2030-01-01,709,Singapore
2021-01-01,34,Sint Maarten (Dutch part)
2022-01-01,34,Sint Maarten (Dutch part)
2023-01-01,34,Sint Maarten (Dutch part)
2024-01-01,34,Sint Maarten (Dutch part)
2025-01-01,34,Sint Maarten (Dutch part)
2026-01-01,34,Sint Maarten (Dutch part)
2027-01-01,34,Sint Maarten (Dutch part)
2028-01-01,34,Sint Maarten (Dutch part)
2029-01-01,34,Sint Maarten (Dutch part)
2030-01-01,34,Sint Maarten (Dutch part)
2021-01-01,48080,Slovak Republic
2022-01-01,48080,Slovak Republic
2023-01-01,48080,Slovak Republic
2024-01-01,48080,Slovak Republic
2025-01-01,48080,Slovak Republic
2026-01-01,48080,Slovak Republic
2027-01-01,48080,Slovak Republic
2028-01-01,48080,Slovak Republic
2029-01-01,48080,Slovak Republic
2030-01-01,48080,Slovak Republic
2021-01-01,20132.5,Slovenia
2022-01-01,20130.8,Slovenia
2023-01-01,20130.8,Slovenia
2024-01-01,20130.8,Slovenia
2025-01-01,20126.9,Slovenia
2026-01-01,20125.2,Slovenia
2027-01-01,20125.2,Slovenia
2028-01-01,20125.2,Slovenia
2029-01-01,20121.3,Slovenia
2030-01-01,20119.6,Slovenia
2021-01-01,2501332,Small states
2022-01-01,2501908,Small states
2023-01-01,2501908,Small states
2024-01-01,2501908,Small states
2025-01-01,2501909,Small states
2026-01-01,2502485,Small states
2027-01-01,2502485,Small states
2028-01-01,2502485,Small states
2029-01-01,2502486,Small states
2030-01-01,2503062,Small states
2021-01-01,27990,Solomon Islands
2022-01-01,27990,Solomon Islands
2023-01-01,27990,Solomon Islands
2024-01-01,27990,Solomon Islands
2025-01-01,27990,Solomon Islands
2026-01-01,27990,Solomon Islands
2027-01-01,27990,Solomon Islands
2028-01-01,27990,Solomon Islands
2029-01-01,27990,Solomon Islands
2030-01-01,27990,Solomon Islands
2021-01-01,627340,Somalia
2022-01-01,627340,Somalia
2023-01-01,627340,Somalia
2024-01-01,627340,Somalia
2025-01-01,627340,Somalia
2026-01-01,627340,Somalia
2027-01-01,627340,Somalia
2028-01-01,627340,Somalia
2029-01-01,627340,Somalia
2030-01-01,627340,Somalia
2021-01-01,1213090,South Africa
2022-01-01,1213090,South Africa
2023-01-01,1213090,South Africa
2024-01-01,1213090,South Africa
2025-01-01,1213090,South Africa
2026-01-01,1213090,South Africa
2027-01-01,1213090,South Africa
2028-01-01,1213090,South Africa
2029-01-01,1213090,South Africa
2030-01-01,1213090,South Africa
2021-01-01,4770754,South Asia
2022-01-01,4770721,South Asia
2023-01-01,4770721,South Asia
2024-01-01,4770721,South Asia
2025-01-01,4770721,South Asia
2026-01-01,4770688,South Asia
2027-01-01,4770688,South Asia
2028-01-01,4770688,South Asia
2029-01-01,4770688,South Asia
2030-01-01,4770655,South Asia
2021-01-01,4770754,South Asia (IDA & IBRD)
2022-01-01,4770721,South Asia (IDA & IBRD)
2023-01-01,4770721,South Asia (IDA & IBRD)
2024-01-01,4770721,South Asia (IDA & IBRD)
2025-01-01,4770721,South Asia (IDA & IBRD)
2026-01-01,4770688,South Asia (IDA & IBRD)
2027-01-01,4770688,South Asia (IDA & IBRD)
2028-01-01,4770688,South Asia (IDA & IBRD)
2029-01-01,4770688,South Asia (IDA & IBRD)
2030-01-01,4770655,South Asia (IDA & IBRD)
2021-01-01,632040.3761,South Sudan
2022-01-01,632138.9173,South Sudan
2023-01-01,632138.9173,South Sudan
2024-01-01,632138.9173,South Sudan
2025-01-01,632251.1704,South Sudan
2026-01-01,632349.7116,South Sudan
2027-01-01,632349.7116,South Sudan
2028-01-01,632349.7116,South Sudan
2029-01-01,632461.9647,South Sudan
2030-01-01,632560.5059,South Sudan
2021-01-01,499586.829,Spain
2022-01-01,499642.958,Spain
2023-01-01,499642.958,Spain
2024-01-01,499642.958,Spain
2025-01-01,499626.308,Spain
2026-01-01,499682.437,Spain
2027-01-01,499682.437,Spain
2028-01-01,499682.437,Spain
2029-01-01,499665.787,Spain
2030-01-01,499721.916,Spain
2021-01-01,61864,Sri Lanka
2022-01-01,61835,Sri Lanka
2023-01-01,61835,Sri Lanka
2024-01-01,61835,Sri Lanka
2025-01-01,61835,Sri Lanka
2026-01-01,61806,Sri Lanka
2027-01-01,61806,Sri Lanka
2028-01-01,61806,Sri Lanka
2029-01-01,61806,Sri Lanka
2030-01-01,61777,Sri Lanka
2021-01-01,260,St. Kitts and Nevis
2022-01-01,260,St. Kitts and Nevis
2023-01-01,260,St. Kitts and Nevis
2024-01-01,260,St. Kitts and Nevis
2025-01-01,260,St. Kitts and Nevis
2026-01-01,260,St. Kitts and Nevis
2027-01-01,260,St. Kitts and Nevis
2028-01-01,260,St. Kitts and Nevis
2029-01-01,260,St. Kitts and Nevis
2030-01-01,260,St. Kitts and Nevis
2021-01-01,610,St. Lucia
2022-01-01,610,St. Lucia
2023-01-01,610,St. Lucia
2024-01-01,610,St. Lucia
2025-01-01,610,St. Lucia
2026-01-01,610,St. Lucia
2027-01-01,610,St. Lucia
2028-01-01,610,St. Lucia
2029-01-01,610,St. Lucia
2030-01-01,610,St. Lucia
2021-01-01,48.76990206,St. Martin (French part)
2022-01-01,48.42542031,St. Martin (French part)
2023-01-01,48.07404207,St. Martin (French part)
2024-01-01,47.71601035,St. Martin (French part)
2025-01-01,47.45565107,St. Martin (French part)
2026-01-01,47.11116932,St. Martin (French part)
2027-01-01,46.75979108,St. Martin (French part)
2028-01-01,46.40175936,St. Martin (French part)
2029-01-01,46.14140008,St. Martin (French part)
2030-01-01,45.79691833,St. Martin (French part)
2021-01-01,390,St. Vincent and the Grenadines
2022-01-01,390,St. Vincent and the Grenadines
2023-01-01,390,St. Vincent and the Grenadines
2024-01-01,390,St. Vincent and the Grenadines
2025-01-01,390,St. Vincent and the Grenadines
2026-01-01,390,St. Vincent and the Grenadines
2027-01-01,390,St. Vincent and the Grenadines
2028-01-01,390,St. Vincent and the Grenadines
2029-01-01,390,St. Vincent and the Grenadines
2030-01-01,390,St. Vincent and the Grenadines
2021-01-01,23852796.92,Sub-Saharan Africa
2022-01-01,23852796.11,Sub-Saharan Africa
2023-01-01,23852796.11,Sub-Saharan Africa
2024-01-01,23852796.11,Sub-Saharan Africa
2025-01-01,23852769.8,Sub-Saharan Africa
2026-01-01,23852769,Sub-Saharan Africa
2027-01-01,23852769,Sub-Saharan Africa
2028-01-01,23852769,Sub-Saharan Africa
2029-01-01,23852742.69,Sub-Saharan Africa
2030-01-01,23852741.89,Sub-Saharan Africa
2021-01-01,23852796.92,Sub-Saharan Africa (IDA & IBRD countries)
2022-01-01,23852796.11,Sub-Saharan Africa (IDA & IBRD countries)
2023-01-01,23852796.11,Sub-Saharan Africa (IDA & IBRD countries)
2024-01-01,23852796.11,Sub-Saharan Africa (IDA & IBRD countries)
2025-01-01,23852769.8,Sub-Saharan Africa (IDA & IBRD countries)
2026-01-01,23852769,Sub-Saharan Africa (IDA & IBRD countries)
2027-01-01,23852769,Sub-Saharan Africa (IDA & IBRD countries)
2028-01-01,23852769,Sub-Saharan Africa (IDA & IBRD countries)
2029-01-01,23852742.69,Sub-Saharan Africa (IDA & IBRD countries)
2030-01-01,23852741.89,Sub-Saharan Africa (IDA & IBRD countries)
2021-01-01,23852336.92,Sub-Saharan Africa (excluding high income)
2022-01-01,23852336.11,Sub-Saharan Africa (excluding high income)
2023-01-01,23852336.11,Sub-Saharan Africa (excluding high income)
2024-01-01,23852336.11,Sub-Saharan Africa (excluding high income)
2025-01-01,23852309.8,Sub-Saharan Africa (excluding high income)
2026-01-01,23852309,Sub-Saharan Africa (excluding high income)
2027-01-01,23852309,Sub-Saharan Africa (excluding high income)
2028-01-01,23852309,Sub-Saharan Africa (excluding high income)
2029-01-01,23852282.69,Sub-Saharan Africa (excluding high income)
2030-01-01,23852281.89,Sub-Saharan Africa (excluding high income)
2021-01-01,1671316.657,Sudan
2022-01-01,1621953.803,Sudan
2023-01-01,1571344.505,Sudan
2024-01-01,1519495.753,Sudan
2025-01-01,1481552.485,Sudan
2026-01-01,1432189.631,Sudan
2027-01-01,1381580.333,Sudan
2028-01-01,1329731.58,Sudan
2029-01-01,1291788.313,Sudan
2030-01-01,1242425.459,Sudan
2021-01-01,156000,Suriname
2022-01-01,156000,Suriname
2023-01-01,156000,Suriname
2024-01-01,156000,Suriname
2025-01-01,156000,Suriname
2026-01-01,156000,Suriname
2027-01-01,156000,Suriname
2028-01-01,156000,Suriname
2029-01-01,156000,Suriname
2030-01-01,156000,Suriname
2021-01-01,407310,Sweden
2022-01-01,407310,Sweden
2023-01-01,407310,Sweden
2024-01-01,407310,Sweden
2025-01-01,407310,Sweden
2026-01-01,407310,Sweden
2027-01-01,407310,Sweden
2028-01-01,407310,Sweden
2029-01-01,407310,Sweden
2030-01-01,407310,Sweden
2021-01-01,39516.03,Switzerland
2022-01-01,39516.03,Switzerland
2023-01-01,39516.03,Switzerland
2024-01-01,39516.03,Switzerland
2025-01-01,39516.03,Switzerland
2026-01-01,39516.03,Switzerland
2027-01-01,39516.03,Switzerland
2028-01-01,39516.03,Switzerland
2029-01-01,39516.03,Switzerland
2030-01-01,39516.03,Switzerland
2021-01-01,183630,Syrian Arab Republic
2022-01-01,183630,Syrian Arab Republic
2023-01-01,183630,Syrian Arab Republic
2024-01-01,183630,Syrian Arab Republic
2025-01-01,183630,Syrian Arab Republic
2026-01-01,183630,Syrian Arab Republic
2027-01-01,183630,Syrian Arab Republic
2028-01-01,183630,Syrian Arab Republic
2029-01-01,183630,Syrian Arab Republic
2030-01-01,183630,Syrian Arab Republic
2021-01-01,138790,Tajikistan
2022-01-01,138790,Tajikistan
2023-01-01,138790,Tajikistan
2024-01-01,138790,Tajikistan
2025-01-01,138790,Tajikistan
2026-01-01,138790,Tajikistan
2027-01-01,138790,Tajikistan
2028-01-01,138790,Tajikistan
2029-01-01,138790,Tajikistan
2030-01-01,138790,Tajikistan
2021-01-01,885800,Tanzania
2022-01-01,885800,Tanzania
2023-01-01,885800,Tanzania
2024-01-01,885800,Tanzania
2025-01-01,885800,Tanzania
2026-01-01,885800,Tanzania
2027-01-01,885800,Tanzania
2028-01-01,885800,Tanzania
2029-01-01,885800,Tanzania
2030-01-01,885800,Tanzania
2021-01-01,510890,Thailand
2022-01-01,510890,Thailand
2023-01-01,510890,Thailand
2024-01-01,510890,Thailand
2025-01-01,510890,Thailand
2026-01-01,510890,Thailand
2027-01-01,510890,Thailand
2028-01-01,510890,Thailand
2029-01-01,510890,Thailand
2030-01-01,510890,Thailand
2021-01-01,14870,Timor-Leste
2022-01-01,14870,Timor-Leste
2023-01-01,14870,Timor-Leste
2024-01-01,14870,Timor-Leste
2025-01-01,14870,Timor-Leste
2026-01-01,14870,Timor-Leste
2027-01-01,14870,Timor-Leste
2028-01-01,14870,Timor-Leste
2029-01-01,14870,Timor-Leste
2030-01-01,14870,Timor-Leste
2021-01-01,54390,Togo
2022-01-01,54390,Togo
2023-01-01,54390,Togo
2024-01-01,54390,Togo
2025-01-01,54390,Togo
2026-01-01,54390,Togo
2027-01-01,54390,Togo
2028-01-01,54390,Togo
2029-01-01,54390,Togo
2030-01-01,54390,Togo
2021-01-01,720,Tonga
2022-01-01,720,Tonga
2023-01-01,720,Tonga
2024-01-01,720,Tonga
2025-01-01,720,Tonga
2026-01-01,720,Tonga
2027-01-01,720,Tonga
2028-01-01,720,Tonga
2029-01-01,720,Tonga
2030-01-01,720,Tonga
2021-01-01,5130,Trinidad and Tobago
2022-01-01,5130,Trinidad and Tobago
2023-01-01,5130,Trinidad and Tobago
2024-01-01,5130,Trinidad and Tobago
2025-01-01,5130,Trinidad and Tobago
2026-01-01,5130,Trinidad and Tobago
2027-01-01,5130,Trinidad and Tobago
2028-01-01,5130,Trinidad and Tobago
2029-01-01,5130,Trinidad and Tobago
2030-01-01,5130,Trinidad and Tobago
2021-01-01,155360,Tunisia
2022-01-01,155360,Tunisia
2023-01-01,155360,Tunisia
2024-01-01,155360,Tunisia
2025-01-01,155360,Tunisia
2026-01-01,155360,Tunisia
2027-01-01,155360,Tunisia
2028-01-01,155360,Tunisia
2029-01-01,155360,Tunisia
2030-01-01,155360,Tunisia
2021-01-01,769630,Turkey
2022-01-01,769630,Turkey
2023-01-01,769630,Turkey
2024-01-01,769630,Turkey
2025-01-01,769630,Turkey
2026-01-01,769630,Turkey
2027-01-01,769630,Turkey
2028-01-01,769630,Turkey
2029-01-01,769630,Turkey
2030-01-01,769630,Turkey
2021-01-01,469930,Turkmenistan
2022-01-01,469930,Turkmenistan
2023-01-01,469930,Turkmenistan
2024-01-01,469930,Turkmenistan
2025-01-01,469930,Turkmenistan
2026-01-01,469930,Turkmenistan
2027-01-01,469930,Turkmenistan
2028-01-01,469930,Turkmenistan
2029-01-01,469930,Turkmenistan
2030-01-01,469930,Turkmenistan
2021-01-01,950,Turks and Caicos Islands
2022-01-01,950,Turks and Caicos Islands
2023-01-01,950,Turks and Caicos Islands
2024-01-01,950,Turks and Caicos Islands
2025-01-01,950,Turks and Caicos Islands
2026-01-01,950,Turks and Caicos Islands
2027-01-01,950,Turks and Caicos Islands
2028-01-01,950,Turks and Caicos Islands
2029-01-01,950,Turks and Caicos Islands
2030-01-01,950,Turks and Caicos Islands
2021-01-01,30,Tuvalu
2022-01-01,30,Tuvalu
2023-01-01,30,Tuvalu
2024-01-01,30,Tuvalu
2025-01-01,30,Tuvalu
2026-01-01,30,Tuvalu
2027-01-01,30,Tuvalu
2028-01-01,30,Tuvalu
2029-01-01,30,Tuvalu
2030-01-01,30,Tuvalu
2021-01-01,200520,Uganda
2022-01-01,200520,Uganda
2023-01-01,200520,Uganda
2024-01-01,200520,Uganda
2025-01-01,200520,Uganda
2026-01-01,200520,Uganda
2027-01-01,200520,Uganda
2028-01-01,200520,Uganda
2029-01-01,200520,Uganda
2030-01-01,200520,Uganda
2021-01-01,579410,Ukraine
2022-01-01,579510,Ukraine
2023-01-01,579510,Ukraine
2024-01-01,579510,Ukraine
2025-01-01,579520,Ukraine
2026-01-01,579620,Ukraine
2027-01-01,579620,Ukraine
2028-01-01,579620,Ukraine
2029-01-01,579630,Ukraine
2030-01-01,579730,Ukraine
2021-01-01,71020,United Arab Emirates
2022-01-01,71020,United Arab Emirates
2023-01-01,71020,United Arab Emirates
2024-01-01,71020,United Arab Emirates
2025-01-01,71020,United Arab Emirates
2026-01-01,71020,United Arab Emirates
2027-01-01,71020,United Arab Emirates
2028-01-01,71020,United Arab Emirates
2029-01-01,71020,United Arab Emirates
2030-01-01,71020,United Arab Emirates
2021-01-01,241930,United Kingdom
2022-01-01,241930,United Kingdom
2023-01-01,241930,United Kingdom
2024-01-01,241930,United Kingdom
2025-01-01,241930,United Kingdom
2026-01-01,241930,United Kingdom
2027-01-01,241930,United Kingdom
2028-01-01,241930,United Kingdom
2029-01-01,241930,United Kingdom
2030-01-01,241930,United Kingdom
2021-01-01,9147420,United States
2022-01-01,9147420,United States
2023-01-01,9147420,United States
2024-01-01,9147420,United States
2025-01-01,9147420,United States
2026-01-01,9147420,United States
2027-01-01,9147420,United States
2028-01-01,9147420,United States
2029-01-01,9147420,United States
2030-01-01,9147420,United States
2021-01-01,53567341.5,Upper middle income
2022-01-01,53556490.9,Upper middle income
2023-01-01,53556490.9,Upper middle income
2024-01-01,53556490.9,Upper middle income
2025-01-01,53556255.2,Upper middle income
2026-01-01,53545404.6,Upper middle income
2027-01-01,53545404.6,Upper middle income
2028-01-01,53545404.6,Upper middle income
2029-01-01,53545168.9,Upper middle income
2030-01-01,53534318.3,Upper middle income
2021-01-01,175020,Uruguay
2022-01-01,175020,Uruguay
2023-01-01,175020,Uruguay
2024-01-01,175020,Uruguay
2025-01-01,175020,Uruguay
2026-01-01,175020,Uruguay
2027-01-01,175020,Uruguay
2028-01-01,175020,Uruguay
2029-01-01,175020,Uruguay
2030-01-01,175020,Uruguay
2021-01-01,440799.1967,Uzbekistan
2022-01-01,441049.1241,Uzbekistan
2023-01-01,441422.6046,Uzbekistan
2024-01-01,441897.2904,Uzbekistan
2025-01-01,441507.0689,Uzbekistan
2026-01-01,441756.9963,Uzbekistan
2027-01-01,442130.4769,Uzbekistan
2028-01-01,442605.1626,Uzbekistan
2029-01-01,442214.9412,Uzbekistan
2030-01-01,442464.8685,Uzbekistan
2021-01-01,12190,Vanuatu
2022-01-01,12190,Vanuatu
2023-01-01,12190,Vanuatu
2024-01-01,12190,Vanuatu
2025-01-01,12190,Vanuatu
2026-01-01,12190,Vanuatu
2027-01-01,12190,Vanuatu
2028-01-01,12190,Vanuatu
2029-01-01,12190,Vanuatu
2030-01-01,12190,Vanuatu
2021-01-01,882050,"Venezuela, RB"
2022-01-01,882050,"Venezuela, RB"
2023-01-01,882050,"Venezuela, RB"
2024-01-01,882050,"Venezuela, RB"
2025-01-01,882050,"Venezuela, RB"
2026-01-01,882050,"Venezuela, RB"
2027-01-01,882050,"Venezuela, RB"
2028-01-01,882050,"Venezuela, RB"
2029-01-01,882050,"Venezuela, RB"
2030-01-01,882050,"Venezuela, RB"
2021-01-01,310070,Vietnam
2022-01-01,310070,Vietnam
2023-01-01,310070,Vietnam
2024-01-01,310070,Vietnam
2025-01-01,310070,Vietnam
2026-01-01,310070,Vietnam
2027-01-01,310070,Vietnam
2028-01-01,310070,Vietnam
2029-01-01,310070,Vietnam
2030-01-01,310070,Vietnam
2021-01-01,350,Virgin Islands (U.S.)
2022-01-01,350,Virgin Islands (U.S.)
2023-01-01,350,Virgin Islands (U.S.)
2024-01-01,350,Virgin Islands (U.S.)
2025-01-01,350,Virgin Islands (U.S.)
2026-01-01,350,Virgin Islands (U.S.)
2027-01-01,350,Virgin Islands (U.S.)
2028-01-01,350,Virgin Islands (U.S.)
2029-01-01,350,Virgin Islands (U.S.)
2030-01-01,350,Virgin Islands (U.S.)
2021-01-01,6020,West Bank and Gaza
2022-01-01,6020,West Bank and Gaza
2023-01-01,6020,West Bank and Gaza
2024-01-01,6020,West Bank and Gaza
2025-01-01,6020,West Bank and Gaza
2026-01-01,6020,West Bank and Gaza
2027-01-01,6020,West Bank and Gaza
2028-01-01,6020,West Bank and Gaza
2029-01-01,6020,West Bank and Gaza
2030-01-01,6020,West Bank and Gaza
2021-01-01,129948717.7,World
2022-01-01,129941931.3,World
2023-01-01,129941931.3,World
2024-01-01,129941931.3,World
2025-01-01,129941366.3,World
2026-01-01,129934579.9,World
2027-01-01,129934579.9,World
2028-01-01,129934579.9,World
2029-01-01,129934014.9,World
2030-01-01,129927228.5,World
2021-01-01,527970,"Yemen, Rep."
2022-01-01,527970,"Yemen, Rep."
2023-01-01,527970,"Yemen, Rep."
2024-01-01,527970,"Yemen, Rep."
2025-01-01,527970,"Yemen, Rep."
2026-01-01,527970,"Yemen, Rep."
2027-01-01,527970,"Yemen, Rep."
2028-01-01,527970,"Yemen, Rep."
2029-01-01,527970,"Yemen, Rep."
2030-01-01,527970,"Yemen, Rep."
2021-01-01,743390,Zambia
2022-01-01,743390,Zambia
2023-01-01,743390,Zambia
2024-01-01,743390,Zambia
2025-01-01,743390,Zambia
2026-01-01,743390,Zambia
2027-01-01,743390,Zambia
2028-01-01,743390,Zambia
2029-01-01,743390,Zambia
2030-01-01,743390,Zambia
2021-01-01,386850,Zimbabwe
2022-01-01,386850,Zimbabwe
2023-01-01,386850,Zimbabwe
2024-01-01,386850,Zimbabwe
2025-01-01,386850,Zimbabwe
2026-01-01,386850,Zimbabwe
2027-01-01,386850,Zimbabwe
2028-01-01,386850,Zimbabwe
2029-01-01,386850,Zimbabwe
2030-01-01,386850,Zimbabwe