Year,Année,ISO,Jurisdiction,Juridiction,Cause,Origine,Area (hectares),Data Qualifier,Superficie (en hectare),Qualificatifs de données
1990,1990,AB,Alberta,Alberta,Human activity,Activités humaines,2385.39999999998,a,2385.39999999998,a
1990,1990,AB,Alberta,Alberta,Lightning,Foudre,30890.6999999996,a,30890.6999999996,a
1990,1990,AB,Alberta,Alberta,Unspecified,Indéterminée,808.8,a,808.8,a
1991,1991,AB,Alberta,Alberta,Human activity,Activités humaines,2260.49999999999,a,2260.49999999999,a
1991,1991,AB,Alberta,Alberta,Lightning,Foudre,3769.29999999999,a,3769.29999999999,a
1991,1991,AB,Alberta,Alberta,Unspecified,Indéterminée,135,a,135,a
1992,1992,AB,Alberta,Alberta,Human activity,Activités humaines,2002.19999999999,a,2002.19999999999,a
1992,1992,AB,Alberta,Alberta,Lightning,Foudre,1075.2,a,1075.2,a
1992,1992,AB,Alberta,Alberta,Unspecified,Indéterminée,470.6,a,470.6,a
1993,1993,AB,Alberta,Alberta,Human activity,Activités humaines,1138.61,a,1138.61,a
1993,1993,AB,Alberta,Alberta,Lightning,Foudre,24892.6999999998,a,24892.6999999998,a
1993,1993,AB,Alberta,Alberta,Unspecified,Indéterminée,29.1,a,29.1,a
1994,1994,AB,Alberta,Alberta,Human activity,Activités humaines,2484.8,a,2484.8,a
1994,1994,AB,Alberta,Alberta,Lightning,Foudre,27057.6799999997,a,27057.6799999997,a
1994,1994,AB,Alberta,Alberta,Unspecified,Indéterminée,39.75,a,39.75,a
1995,1995,AB,Alberta,Alberta,Human activity,Activités humaines,7886.62000000003,a,7886.62000000003,a
1995,1995,AB,Alberta,Alberta,Lightning,Foudre,327019.99,a,327019.99,a
1995,1995,AB,Alberta,Alberta,Unspecified,Indéterminée,3042.95,a,3042.95,a
1996,1996,AB,Alberta,Alberta,Human activity,Activités humaines,655.24,a,655.24,a
1996,1996,AB,Alberta,Alberta,Lightning,Foudre,1281.76,a,1281.76,a
1996,1996,AB,Alberta,Alberta,Unspecified,Indéterminée,24.39,a,24.39,a
1997,1997,AB,Alberta,Alberta,Human activity,Activités humaines,4383.07,a,4383.07,a
1997,1997,AB,Alberta,Alberta,Lightning,Foudre,322.27,a,322.27,a
1997,1997,AB,Alberta,Alberta,Unspecified,Indéterminée,19.61,a,19.61,a
1998,1998,AB,Alberta,Alberta,Human activity,Activités humaines,74976.8800000001,a,74976.8800000001,a
1998,1998,AB,Alberta,Alberta,Lightning,Foudre,651766.169999997,a,651766.169999997,a
1998,1998,AB,Alberta,Alberta,Unspecified,Indéterminée,225.02,a,225.02,a
1999,1999,AB,Alberta,Alberta,Human activity,Activités humaines,3722.86000000001,a,3722.86000000001,a
1999,1999,AB,Alberta,Alberta,Human activity,Activités humaines,0,a,0,a
1999,1999,AB,Alberta,Alberta,Lightning,Foudre,116724.7,a,116724.7,a
1999,1999,AB,Alberta,Alberta,Unspecified,Indéterminée,57.21,a,57.21,a
2000,2000,AB,Alberta,Alberta,Human activity,Activités humaines,4759.14000000001,a,4759.14000000001,a
2000,2000,AB,Alberta,Alberta,Lightning,Foudre,9958.00000000004,a,9958.00000000004,a
2000,2000,AB,Alberta,Alberta,Unspecified,Indéterminée,18.76,a,18.76,a
2001,2001,AB,Alberta,Alberta,Human activity,Activités humaines,137095.04,a,137095.04,a
2001,2001,AB,Alberta,Alberta,Lightning,Foudre,16932.3,a,16932.3,a
2001,2001,AB,Alberta,Alberta,Unspecified,Indéterminée,76.39,a,76.39,a
2002,2002,AB,Alberta,Alberta,Human activity,Activités humaines,247826.190000002,a,247826.190000002,a
2002,2002,AB,Alberta,Alberta,Human activity,Activités humaines,7,a,7,a
2002,2002,AB,Alberta,Alberta,Lightning,Foudre,248579.430000003,a,248579.430000003,a
2002,2002,AB,Alberta,Alberta,Unspecified,Indéterminée,6.59,a,6.59,a
2003,2003,AB,Alberta,Alberta,Human activity,Activités humaines,3575.9,a,3575.9,a
2003,2003,AB,Alberta,Alberta,Lightning,Foudre,51372.7100000002,a,51372.7100000002,a
2003,2003,AB,Alberta,Alberta,Unspecified,Indéterminée,19958.31,a,19958.31,a
2004,2004,AB,Alberta,Alberta,Human activity,Activités humaines,4207.78000000009,a,4207.78000000009,a
2004,2004,AB,Alberta,Alberta,Human activity,Activités humaines,0.2,a,0.2,a
2004,2004,AB,Alberta,Alberta,Lightning,Foudre,231905.130000002,a,231905.130000002,a
2004,2004,AB,Alberta,Alberta,Reburn,Rebrûlage,41.01,a,41.01,a
2004,2004,AB,Alberta,Alberta,Unspecified,Indéterminée,9.26,a,9.26,a
2005,2005,AB,Alberta,Alberta,Human activity,Activités humaines,12036.3400000002,a,12036.3400000002,a
2005,2005,AB,Alberta,Alberta,Human activity,Activités humaines,3.91,a,3.91,a
2005,2005,AB,Alberta,Alberta,Lightning,Foudre,48640.2800000002,a,48640.2800000002,a
2005,2005,AB,Alberta,Alberta,Reburn,Rebrûlage,0.12,a,0.12,a
2005,2005,AB,Alberta,Alberta,Unspecified,Indéterminée,45.49,a,45.49,a
2006,2006,AB,Alberta,Alberta,Human activity,Activités humaines,21166.1199999995,a,21166.1199999995,a
2006,2006,AB,Alberta,Alberta,Human activity,Activités humaines,1.79,a,1.79,a
2006,2006,AB,Alberta,Alberta,Lightning,Foudre,97576.9199999988,a,97576.9199999988,a
2006,2006,AB,Alberta,Alberta,Reburn,Rebrûlage,33.26,a,33.26,a
2006,2006,AB,Alberta,Alberta,Unspecified,Indéterminée,23.66,a,23.66,a
2007,2007,AB,Alberta,Alberta,Human activity,Activités humaines,857.969999999995,a,857.969999999995,a
2007,2007,AB,Alberta,Alberta,Lightning,Foudre,102757.679999999,a,102757.679999999,a
2007,2007,AB,Alberta,Alberta,Reburn,Rebrûlage,1.2,a,1.2,a
2007,2007,AB,Alberta,Alberta,Unspecified,Indéterminée,2.15,a,2.15,a
2008,2008,AB,Alberta,Alberta,Human activity,Activités humaines,2163.68000000005,a,2163.68000000005,a
2008,2008,AB,Alberta,Alberta,Human activity,Activités humaines,42.11,a,42.11,a
2008,2008,AB,Alberta,Alberta,Lightning,Foudre,18522.7699999996,a,18522.7699999996,a
2008,2008,AB,Alberta,Alberta,Reburn,Rebrûlage,8.42,a,8.42,a
2008,2008,AB,Alberta,Alberta,Unspecified,Indéterminée,51.85,a,51.85,a
2009,2009,AB,Alberta,Alberta,Human activity,Activités humaines,2885.58000000006,a,2885.58000000006,a
2009,2009,AB,Alberta,Alberta,Human activity,Activités humaines,735.87,a,735.87,a
2009,2009,AB,Alberta,Alberta,Lightning,Foudre,63251.5000000001,a,63251.5000000001,a
2009,2009,AB,Alberta,Alberta,Reburn,Rebrûlage,5.97,a,5.97,a
2009,2009,AB,Alberta,Alberta,Unspecified,Indéterminée,23.92,a,23.92,a
2010,2010,AB,Alberta,Alberta,Human activity,Activités humaines,2268.74000000008,a,2268.74000000008,a
2010,2010,AB,Alberta,Alberta,Human activity,Activités humaines,1.5,a,1.5,a
2010,2010,AB,Alberta,Alberta,Lightning,Foudre,78830.8400000002,a,78830.8400000002,a
2010,2010,AB,Alberta,Alberta,Reburn,Rebrûlage,138.82,a,138.82,a
2010,2010,AB,Alberta,Alberta,Unspecified,Indéterminée,83.14,a,83.14,a
2011,2011,AB,Alberta,Alberta,Human activity,Activités humaines,128203.329999998,a,128203.329999998,a
2011,2011,AB,Alberta,Alberta,Human activity,Activités humaines,0.6,a,0.6,a
2011,2011,AB,Alberta,Alberta,Lightning,Foudre,74245.9499999998,a,74245.9499999998,a
2011,2011,AB,Alberta,Alberta,Reburn,Rebrûlage,0.16,a,0.16,a
2011,2011,AB,Alberta,Alberta,Unspecified,Indéterminée,603438.14,a,603438.14,a
2012,2012,AB,Alberta,Alberta,Human activity,Activités humaines,7553.00000000012,a,7553.00000000012,a
2012,2012,AB,Alberta,Alberta,Lightning,Foudre,377851.120000001,a,377851.120000001,a
2012,2012,AB,Alberta,Alberta,Unspecified,Indéterminée,414.3,a,414.3,a
2013,2013,AB,Alberta,Alberta,Human activity,Activités humaines,2101.00000000006,a,2101.00000000006,a
2013,2013,AB,Alberta,Alberta,Lightning,Foudre,17372.6399999999,a,17372.6399999999,a
2013,2013,AB,Alberta,Alberta,Unspecified,Indéterminée,105.2,a,105.2,a
2014,2014,AB,Alberta,Alberta,Human activity,Activités humaines,1203.50999999999,a,1203.50999999999,a
2014,2014,AB,Alberta,Alberta,Lightning,Foudre,22470.08,a,22470.08,a
2014,2014,AB,Alberta,Alberta,Unspecified,Indéterminée,19.12,a,19.12,a
2015,2015,AB,Alberta,Alberta,Human activity,Activités humaines,38610.5500000007,a,38610.5500000007,a
2015,2015,AB,Alberta,Alberta,Lightning,Foudre,427638.870000001,a,427638.870000001,a
2015,2015,AB,Alberta,Alberta,Unspecified,Indéterminée,67.88,a,67.88,a
2016,2016,AB,Alberta,Alberta,Human activity,Activités humaines,1133.99999999999,a,1133.99999999999,a
2016,2016,AB,Alberta,Alberta,Lightning,Foudre,20015.0499999999,a,20015.0499999999,a
2016,2016,AB,Alberta,Alberta,Unspecified,Indéterminée,485907.99,a,485907.99,a
2017,2017,AB,Alberta,Alberta,Human activity,Activités humaines,6832.6900000001,a,6832.6900000001,a
2017,2017,AB,Alberta,Alberta,Lightning,Foudre,42316.3,a,42316.3,a
2017,2017,AB,Alberta,Alberta,Unspecified,Indéterminée,84.32,a,84.32,a
2018,2018,AB,Alberta,Alberta,Human activity,Activités humaines,1887.79999999999,a,1887.79999999999,a
2018,2018,AB,Alberta,Alberta,Lightning,Foudre,57901.8100000001,a,57901.8100000001,a
2018,2018,AB,Alberta,Alberta,Unspecified,Indéterminée,395.61,a,395.61,a
2019,2019,AB,Alberta,Alberta,Human activity,Activités humaines,3025.94000000004,a,3025.94000000004,a
2019,2019,AB,Alberta,Alberta,Lightning,Foudre,127692.59,a,127692.59,a
2019,2019,AB,Alberta,Alberta,Unspecified,Indéterminée,0.1,a,0.1,a
2019,2019,AB,Alberta,Alberta,Unspecified,Indéterminée,755224.61,a,755224.61,a
1990,1990,BC,British Columbia,Colombie-Britannique,Human activity,Activités humaines,40278.2999999995,a,40278.2999999995,a
1990,1990,BC,British Columbia,Colombie-Britannique,Lightning,Foudre,35503.4999999994,a,35503.4999999994,a
1991,1991,BC,British Columbia,Colombie-Britannique,Human activity,Activités humaines,10923.6000000002,a,10923.6000000002,a
1991,1991,BC,British Columbia,Colombie-Britannique,Lightning,Foudre,13785.2000000001,a,13785.2000000001,a
1992,1992,BC,British Columbia,Colombie-Britannique,Human activity,Activités humaines,15559.9000000003,a,15559.9000000003,a
1992,1992,BC,British Columbia,Colombie-Britannique,Lightning,Foudre,14892.9000000004,a,14892.9000000004,a
1993,1993,BC,British Columbia,Colombie-Britannique,Human activity,Activités humaines,3400.19999999997,a,3400.19999999997,a
1993,1993,BC,British Columbia,Colombie-Britannique,Lightning,Foudre,1783.19999999998,a,1783.19999999998,a
1994,1994,BC,British Columbia,Colombie-Britannique,Human activity,Activités humaines,12017.1000000001,a,12017.1000000001,a
1994,1994,BC,British Columbia,Colombie-Britannique,Lightning,Foudre,17738.2000000004,a,17738.2000000004,a
1995,1995,BC,British Columbia,Colombie-Britannique,Human activity,Activités humaines,19714.3999999997,a,19714.3999999997,a
1995,1995,BC,British Columbia,Colombie-Britannique,Lightning,Foudre,28365.5999999998,a,28365.5999999998,a
1996,1996,BC,British Columbia,Colombie-Britannique,Human activity,Activités humaines,6579.80000000006,a,6579.80000000006,a
1996,1996,BC,British Columbia,Colombie-Britannique,Lightning,Foudre,14089.3000000001,a,14089.3000000001,a
1997,1997,BC,British Columbia,Colombie-Britannique,Human activity,Activités humaines,2635.39999999999,a,2635.39999999999,a
1997,1997,BC,British Columbia,Colombie-Britannique,Lightning,Foudre,332.399999999999,a,332.399999999999,a
1998,1998,BC,British Columbia,Colombie-Britannique,Human activity,Activités humaines,6552.15600000002,a,6552.15600000002,a
1998,1998,BC,British Columbia,Colombie-Britannique,Lightning,Foudre,70015.1879999995,a,70015.1879999995,a
1999,1999,BC,British Columbia,Colombie-Britannique,Human activity,Activités humaines,4834.00000000001,a,4834.00000000001,a
1999,1999,BC,British Columbia,Colombie-Britannique,Lightning,Foudre,6721.41000000007,a,6721.41000000007,a
2000,2000,BC,British Columbia,Colombie-Britannique,Human activity,Activités humaines,11361.7540000001,a,11361.7540000001,a
2000,2000,BC,British Columbia,Colombie-Britannique,Lightning,Foudre,6190.25800000009,a,6190.25800000009,a
2001,2001,BC,British Columbia,Colombie-Britannique,Human activity,Activités humaines,4843.56900000002,a,4843.56900000002,a
2001,2001,BC,British Columbia,Colombie-Britannique,Lightning,Foudre,4983.38000000002,a,4983.38000000002,a
2002,2002,BC,British Columbia,Colombie-Britannique,Human activity,Activités humaines,4353.76300000001,a,4353.76300000001,a
2002,2002,BC,British Columbia,Colombie-Britannique,Lightning,Foudre,4216.79700000002,a,4216.79700000002,a
2003,2003,BC,British Columbia,Colombie-Britannique,Human activity,Activités humaines,81744.6830000001,a,81744.6830000001,a
2003,2003,BC,British Columbia,Colombie-Britannique,Lightning,Foudre,183168.879,a,183168.879,a
2004,2004,BC,British Columbia,Colombie-Britannique,Human activity,Activités humaines,2175.187,a,2175.187,a
2004,2004,BC,British Columbia,Colombie-Britannique,Lightning,Foudre,218112.289999997,a,218112.289999997,a
2005,2005,BC,British Columbia,Colombie-Britannique,Human activity,Activités humaines,7844.70500000001,a,7844.70500000001,a
2005,2005,BC,British Columbia,Colombie-Britannique,Lightning,Foudre,27097.3609999998,a,27097.3609999998,a
2006,2006,BC,British Columbia,Colombie-Britannique,Human activity,Activités humaines,9454.72300000004,a,9454.72300000004,a
2006,2006,BC,British Columbia,Colombie-Britannique,Lightning,Foudre,129696.069000004,a,129696.069000004,a
2007,2007,BC,British Columbia,Colombie-Britannique,Human activity,Activités humaines,12242.438,a,12242.438,a
2007,2007,BC,British Columbia,Colombie-Britannique,Lightning,Foudre,17243.066,a,17243.066,a
2008,2008,BC,British Columbia,Colombie-Britannique,Human activity,Activités humaines,8649.03400000003,a,8649.03400000003,a
2008,2008,BC,British Columbia,Colombie-Britannique,Lightning,Foudre,4661.25400000002,a,4661.25400000002,a
2008,2008,BC,British Columbia,Colombie-Britannique,Unspecified,Indéterminée,37,a,37,a
2009,2009,BC,British Columbia,Colombie-Britannique,Human activity,Activités humaines,26716.4719999999,a,26716.4719999999,a
2009,2009,BC,British Columbia,Colombie-Britannique,Lightning,Foudre,220626.996,a,220626.996,a
2010,2010,BC,British Columbia,Colombie-Britannique,Human activity,Activités humaines,10435.463,a,10435.463,a
2010,2010,BC,British Columbia,Colombie-Britannique,Lightning,Foudre,326731.735000005,a,326731.735000005,a
2011,2011,BC,British Columbia,Colombie-Britannique,Human activity,Activités humaines,1183.169,a,1183.169,a
2011,2011,BC,British Columbia,Colombie-Britannique,Lightning,Foudre,11379.716,a,11379.716,a
2012,2012,BC,British Columbia,Colombie-Britannique,Human activity,Activités humaines,5606.89200000001,a,5606.89200000001,a
2012,2012,BC,British Columbia,Colombie-Britannique,Lightning,Foudre,96509.7650000026,a,96509.7650000026,a
2013,2013,BC,British Columbia,Colombie-Britannique,Human activity,Activités humaines,4954.33600000001,a,4954.33600000001,a
2013,2013,BC,British Columbia,Colombie-Britannique,Lightning,Foudre,13348.7630000001,a,13348.7630000001,a
2014,2014,BC,British Columbia,Colombie-Britannique,Human activity,Activités humaines,8085.20400000002,a,8085.20400000002,a
2014,2014,BC,British Columbia,Colombie-Britannique,Lightning,Foudre,360840.982000005,a,360840.982000005,a
2015,2015,BC,British Columbia,Colombie-Britannique,Human activity,Activités humaines,57126.9949999997,a,57126.9949999997,a
2015,2015,BC,British Columbia,Colombie-Britannique,Lightning,Foudre,223737.265999998,a,223737.265999998,a
2016,2016,BC,British Columbia,Colombie-Britannique,Human activity,Activités humaines,93320.6480000014,a,93320.6480000014,a
2016,2016,BC,British Columbia,Colombie-Britannique,Lightning,Foudre,7056.98300000003,a,7056.98300000003,a
2017,2017,BC,British Columbia,Colombie-Britannique,Human activity,Activités humaines,225057.872999999,a,225057.872999999,a
2017,2017,BC,British Columbia,Colombie-Britannique,Lightning,Foudre,991081.006999999,a,991081.006999999,a
2017,2017,BC,British Columbia,Colombie-Britannique,Unspecified,Indéterminée,0.328,a,0.328,a
2018,2018,BC,British Columbia,Colombie-Britannique,Human activity,Activités humaines,121607.451000001,a,121607.451000001,a
2018,2018,BC,British Columbia,Colombie-Britannique,Lightning,Foudre,1229431.19499999,a,1229431.19499999,a
2018,2018,BC,British Columbia,Colombie-Britannique,Unspecified,Indéterminée,2963.333,a,2963.333,a
2019,2019,BC,British Columbia,Colombie-Britannique,Human activity,Activités humaines,4665.837,a,4665.837,a
2019,2019,BC,British Columbia,Colombie-Britannique,Lightning,Foudre,15584.59,a,15584.59,a
2019,2019,BC,British Columbia,Colombie-Britannique,Unspecified,Indéterminée,1256.097,a,1256.097,a
2020,2020,BC,British Columbia,Colombie-Britannique,Human activity,Activités humaines,86.538,a,86.538,a
2020,2020,BC,British Columbia,Colombie-Britannique,Unspecified,Indéterminée,1.018,a,1.018,a
1990,1990,MB,Manitoba,Manitoba,Human activity,Activités humaines,5719,a,5719,a
1990,1990,MB,Manitoba,Manitoba,Lightning,Foudre,10426,a,10426,a
1991,1991,MB,Manitoba,Manitoba,Human activity,Activités humaines,20668.1,a,20668.1,a
1991,1991,MB,Manitoba,Manitoba,Lightning,Foudre,130317.6,a,130317.6,a
1992,1992,MB,Manitoba,Manitoba,Human activity,Activités humaines,90957.6000000001,a,90957.6000000001,a
1992,1992,MB,Manitoba,Manitoba,Lightning,Foudre,342816.2,a,342816.2,a
1993,1993,MB,Manitoba,Manitoba,Human activity,Activités humaines,5117.4,a,5117.4,a
1993,1993,MB,Manitoba,Manitoba,Lightning,Foudre,62156.9999999999,a,62156.9999999999,a
1994,1994,MB,Manitoba,Manitoba,Human activity,Activités humaines,471729.6,a,471729.6,a
1994,1994,MB,Manitoba,Manitoba,Lightning,Foudre,957056.099999997,a,957056.099999997,a
1995,1995,MB,Manitoba,Manitoba,Human activity,Activités humaines,7366.50000000001,a,7366.50000000001,a
1995,1995,MB,Manitoba,Manitoba,Lightning,Foudre,881870.599999998,a,881870.599999998,a
1995,1995,MB,Manitoba,Manitoba,Unspecified,Indéterminée,0.1,a,0.1,a
1996,1996,MB,Manitoba,Manitoba,Human activity,Activités humaines,2882.7,a,2882.7,a
1996,1996,MB,Manitoba,Manitoba,Lightning,Foudre,122443.7,a,122443.7,a
1997,1997,MB,Manitoba,Manitoba,Human activity,Activités humaines,3648.7,a,3648.7,a
1997,1997,MB,Manitoba,Manitoba,Lightning,Foudre,38150.4,a,38150.4,a
1998,1998,MB,Manitoba,Manitoba,Human activity,Activités humaines,4837.80000000001,a,4837.80000000001,a
1998,1998,MB,Manitoba,Manitoba,Lightning,Foudre,445734.299999999,a,445734.299999999,a
1999,1999,MB,Manitoba,Manitoba,Human activity,Activités humaines,53387.8,a,53387.8,a
1999,1999,MB,Manitoba,Manitoba,Lightning,Foudre,57065.6999999999,a,57065.6999999999,a
2000,2000,MB,Manitoba,Manitoba,Unspecified,Indéterminée,111699.272,a,111699.272,a
2001,2001,MB,Manitoba,Manitoba,Unspecified,Indéterminée,80521.8290000005,a,80521.8290000005,a
2002,2002,MB,Manitoba,Manitoba,Unspecified,Indéterminée,95404.7900000003,a,95404.7900000003,a
2003,2003,MB,Manitoba,Manitoba,Unspecified,Indéterminée,938176.427000005,a,938176.427000005,a
2004,2004,MB,Manitoba,Manitoba,Human activity,Activités humaines,362,a,362,a
2004,2004,MB,Manitoba,Manitoba,Lightning,Foudre,18074.1,a,18074.1,a
2004,2004,MB,Manitoba,Manitoba,Unspecified,Indéterminée,8384.3,a,8384.3,a
2005,2005,MB,Manitoba,Manitoba,Human activity,Activités humaines,3585.2,a,3585.2,a
2005,2005,MB,Manitoba,Manitoba,Lightning,Foudre,69095.4000000001,a,69095.4000000001,a
2006,2006,MB,Manitoba,Manitoba,Human activity,Activités humaines,6613.30000000003,a,6613.30000000003,a
2006,2006,MB,Manitoba,Manitoba,Lightning,Foudre,159437.000000001,a,159437.000000001,a
2007,2007,MB,Manitoba,Manitoba,Human activity,Activités humaines,4912.9,a,4912.9,a
2007,2007,MB,Manitoba,Manitoba,Lightning,Foudre,331367.899999999,a,331367.899999999,a
2008,2008,MB,Manitoba,Manitoba,Human activity,Activités humaines,73198.2000000001,a,73198.2000000001,a
2008,2008,MB,Manitoba,Manitoba,Lightning,Foudre,77474.4000000001,a,77474.4000000001,a
2009,2009,MB,Manitoba,Manitoba,Human activity,Activités humaines,2230.2,a,2230.2,a
2009,2009,MB,Manitoba,Manitoba,Lightning,Foudre,641.8,a,641.8,a
2010,2010,MB,Manitoba,Manitoba,Human activity,Activités humaines,22395.4,a,22395.4,a
2010,2010,MB,Manitoba,Manitoba,Lightning,Foudre,165098.7,a,165098.7,a
2011,2011,MB,Manitoba,Manitoba,Human activity,Activités humaines,26229.1,a,26229.1,a
2011,2011,MB,Manitoba,Manitoba,Lightning,Foudre,100615.2,a,100615.2,a
2012,2012,MB,Manitoba,Manitoba,Human activity,Activités humaines,21026.9,a,21026.9,a
2012,2012,MB,Manitoba,Manitoba,Lightning,Foudre,195861.4,a,195861.4,a
2013,2013,MB,Manitoba,Manitoba,Human activity,Activités humaines,895.6,a,895.6,a
2013,2013,MB,Manitoba,Manitoba,Lightning,Foudre,1114519.2,a,1114519.2,a
2014,2014,MB,Manitoba,Manitoba,Human activity,Activités humaines,1171.5,a,1171.5,a
2014,2014,MB,Manitoba,Manitoba,Lightning,Foudre,37936.4,a,37936.4,a
2015,2015,MB,Manitoba,Manitoba,Human activity,Activités humaines,6778.6,a,6778.6,a
2015,2015,MB,Manitoba,Manitoba,Lightning,Foudre,61352.9999999999,a,61352.9999999999,a
2016,2016,MB,Manitoba,Manitoba,Human activity,Activités humaines,6700.6,a,6700.6,a
2016,2016,MB,Manitoba,Manitoba,Lightning,Foudre,31706.9,a,31706.9,a
2017,2017,MB,Manitoba,Manitoba,Human activity,Activités humaines,1365.9,a,1365.9,a
2017,2017,MB,Manitoba,Manitoba,Lightning,Foudre,221813.600000001,a,221813.600000001,a
2018,2018,MB,Manitoba,Manitoba,Human activity,Activités humaines,78900.9000000001,a,78900.9000000001,a
2018,2018,MB,Manitoba,Manitoba,Lightning,Foudre,155320.800000001,a,155320.800000001,a
2019,2019,MB,Manitoba,Manitoba,Human activity,Activités humaines,7936.2,a,7936.2,a
2019,2019,MB,Manitoba,Manitoba,Lightning,Foudre,63317.9,a,63317.9,a
2019,2019,MB,Manitoba,Manitoba,Unspecified,Indéterminée,33.1,a,33.1,a
1990,1990,NB,New Brunswick,Nouveau-Brunswick,Human activity,Activités humaines,6188.10000000003,a,6188.10000000003,a
1990,1990,NB,New Brunswick,Nouveau-Brunswick,Lightning,Foudre,6.9,a,6.9,a
1990,1990,NB,New Brunswick,Nouveau-Brunswick,Unspecified,Indéterminée,23.4,a,23.4,a
1991,1991,NB,New Brunswick,Nouveau-Brunswick,Human activity,Activités humaines,3417.29999999999,a,3417.29999999999,a
1991,1991,NB,New Brunswick,Nouveau-Brunswick,Lightning,Foudre,56.7000000000001,a,56.7000000000001,a
1991,1991,NB,New Brunswick,Nouveau-Brunswick,Unspecified,Indéterminée,85,a,85,a
1992,1992,NB,New Brunswick,Nouveau-Brunswick,Human activity,Activités humaines,5330.9,a,5330.9,a
1992,1992,NB,New Brunswick,Nouveau-Brunswick,Lightning,Foudre,32.2,a,32.2,a
1992,1992,NB,New Brunswick,Nouveau-Brunswick,Unspecified,Indéterminée,35.8,a,35.8,a
1993,1993,NB,New Brunswick,Nouveau-Brunswick,Human activity,Activités humaines,417.000000000001,a,417.000000000001,a
1993,1993,NB,New Brunswick,Nouveau-Brunswick,Lightning,Foudre,323.2,a,323.2,a
1993,1993,NB,New Brunswick,Nouveau-Brunswick,Unspecified,Indéterminée,38.1,a,38.1,a
1994,1994,NB,New Brunswick,Nouveau-Brunswick,Human activity,Activités humaines,752.000000000003,a,752.000000000003,a
1994,1994,NB,New Brunswick,Nouveau-Brunswick,Lightning,Foudre,2.9,a,2.9,a
1994,1994,NB,New Brunswick,Nouveau-Brunswick,Unspecified,Indéterminée,98.4,a,98.4,a
1995,1995,NB,New Brunswick,Nouveau-Brunswick,Human activity,Activités humaines,408.500000000001,a,408.500000000001,a
1995,1995,NB,New Brunswick,Nouveau-Brunswick,Lightning,Foudre,45.9,a,45.9,a
1995,1995,NB,New Brunswick,Nouveau-Brunswick,Unspecified,Indéterminée,115.1,a,115.1,a
1996,1996,NB,New Brunswick,Nouveau-Brunswick,Human activity,Activités humaines,1027.5,a,1027.5,a
1996,1996,NB,New Brunswick,Nouveau-Brunswick,Lightning,Foudre,908.1,a,908.1,a
1996,1996,NB,New Brunswick,Nouveau-Brunswick,Unspecified,Indéterminée,81.2,a,81.2,a
1997,1997,NB,New Brunswick,Nouveau-Brunswick,Human activity,Activités humaines,219.8,a,219.8,a
1997,1997,NB,New Brunswick,Nouveau-Brunswick,Lightning,Foudre,17.1,a,17.1,a
1997,1997,NB,New Brunswick,Nouveau-Brunswick,Unspecified,Indéterminée,27,a,27,a
1998,1998,NB,New Brunswick,Nouveau-Brunswick,Human activity,Activités humaines,274.9,a,274.9,a
1998,1998,NB,New Brunswick,Nouveau-Brunswick,Lightning,Foudre,4.1,a,4.1,a
1998,1998,NB,New Brunswick,Nouveau-Brunswick,Unspecified,Indéterminée,133.4,a,133.4,a
1999,1999,NB,New Brunswick,Nouveau-Brunswick,Human activity,Activités humaines,831.000000000002,a,831.000000000002,a
1999,1999,NB,New Brunswick,Nouveau-Brunswick,Lightning,Foudre,545.700000000002,a,545.700000000002,a
1999,1999,NB,New Brunswick,Nouveau-Brunswick,Unspecified,Indéterminée,76.1,a,76.1,a
2000,2000,NB,New Brunswick,Nouveau-Brunswick,Human activity,Activités humaines,370,a,370,a
2000,2000,NB,New Brunswick,Nouveau-Brunswick,Lightning,Foudre,70.7999999999999,a,70.7999999999999,a
2000,2000,NB,New Brunswick,Nouveau-Brunswick,Unspecified,Indéterminée,50.3,a,50.3,a
2001,2001,NB,New Brunswick,Nouveau-Brunswick,Human activity,Activités humaines,473.300000000001,a,473.300000000001,a
2001,2001,NB,New Brunswick,Nouveau-Brunswick,Lightning,Foudre,25.3,a,25.3,a
2001,2001,NB,New Brunswick,Nouveau-Brunswick,Unspecified,Indéterminée,263.9,a,263.9,a
2002,2002,NB,New Brunswick,Nouveau-Brunswick,Human activity,Activités humaines,255.5,a,255.5,a
2002,2002,NB,New Brunswick,Nouveau-Brunswick,Lightning,Foudre,33,a,33,a
2002,2002,NB,New Brunswick,Nouveau-Brunswick,Unspecified,Indéterminée,37,a,37,a
2003,2003,NB,New Brunswick,Nouveau-Brunswick,Human activity,Activités humaines,213.7,a,213.7,a
2003,2003,NB,New Brunswick,Nouveau-Brunswick,Lightning,Foudre,4.3,a,4.3,a
2003,2003,NB,New Brunswick,Nouveau-Brunswick,Unspecified,Indéterminée,20.2,a,20.2,a
2004,2004,NB,New Brunswick,Nouveau-Brunswick,Human activity,Activités humaines,385.8,a,385.8,a
2004,2004,NB,New Brunswick,Nouveau-Brunswick,Lightning,Foudre,4.6,a,4.6,a
2004,2004,NB,New Brunswick,Nouveau-Brunswick,Unspecified,Indéterminée,68.4,a,68.4,a
2005,2005,NB,New Brunswick,Nouveau-Brunswick,Human activity,Activités humaines,455.4,a,455.4,a
2005,2005,NB,New Brunswick,Nouveau-Brunswick,Lightning,Foudre,9.9,a,9.9,a
2005,2005,NB,New Brunswick,Nouveau-Brunswick,Unspecified,Indéterminée,33,a,33,a
2006,2006,NB,New Brunswick,Nouveau-Brunswick,Human activity,Activités humaines,574.4,a,574.4,a
2006,2006,NB,New Brunswick,Nouveau-Brunswick,Lightning,Foudre,8.69999999999999,a,8.69999999999999,a
2006,2006,NB,New Brunswick,Nouveau-Brunswick,Unspecified,Indéterminée,39.5,a,39.5,a
2007,2007,NB,New Brunswick,Nouveau-Brunswick,Human activity,Activités humaines,384.4,a,384.4,a
2007,2007,NB,New Brunswick,Nouveau-Brunswick,Lightning,Foudre,25.2,a,25.2,a
2007,2007,NB,New Brunswick,Nouveau-Brunswick,Unspecified,Indéterminée,181.4,a,181.4,a
2008,2008,NB,New Brunswick,Nouveau-Brunswick,Human activity,Activités humaines,125.7,a,125.7,a
2008,2008,NB,New Brunswick,Nouveau-Brunswick,Lightning,Foudre,6.8,a,6.8,a
2008,2008,NB,New Brunswick,Nouveau-Brunswick,Unspecified,Indéterminée,10,a,10,a
2009,2009,NB,New Brunswick,Nouveau-Brunswick,Human activity,Activités humaines,233.7,a,233.7,a
2009,2009,NB,New Brunswick,Nouveau-Brunswick,Lightning,Foudre,0.2,a,0.2,a
2009,2009,NB,New Brunswick,Nouveau-Brunswick,Unspecified,Indéterminée,20,a,20,a
2010,2010,NB,New Brunswick,Nouveau-Brunswick,Human activity,Activités humaines,130.5,a,130.5,a
2010,2010,NB,New Brunswick,Nouveau-Brunswick,Lightning,Foudre,10.8,a,10.8,a
2010,2010,NB,New Brunswick,Nouveau-Brunswick,Unspecified,Indéterminée,15,a,15,a
2011,2011,NB,New Brunswick,Nouveau-Brunswick,Human activity,Activités humaines,33.4,a,33.4,a
2011,2011,NB,New Brunswick,Nouveau-Brunswick,Lightning,Foudre,2.2,a,2.2,a
2011,2011,NB,New Brunswick,Nouveau-Brunswick,Unspecified,Indéterminée,1.9,a,1.9,a
2012,2012,NB,New Brunswick,Nouveau-Brunswick,Human activity,Activités humaines,287.9,a,287.9,a
2012,2012,NB,New Brunswick,Nouveau-Brunswick,Lightning,Foudre,0.8,a,0.8,a
2012,2012,NB,New Brunswick,Nouveau-Brunswick,Unspecified,Indéterminée,72.4,a,72.4,a
2013,2013,NB,New Brunswick,Nouveau-Brunswick,Human activity,Activités humaines,845.500000000002,a,845.500000000002,a
2013,2013,NB,New Brunswick,Nouveau-Brunswick,Lightning,Foudre,0.2,a,0.2,a
2013,2013,NB,New Brunswick,Nouveau-Brunswick,Unspecified,Indéterminée,34.4,a,34.4,a
2014,2014,NB,New Brunswick,Nouveau-Brunswick,Human activity,Activités humaines,101.3,a,101.3,a
2014,2014,NB,New Brunswick,Nouveau-Brunswick,Lightning,Foudre,0.5,a,0.5,a
2014,2014,NB,New Brunswick,Nouveau-Brunswick,Unspecified,Indéterminée,9.8,a,9.8,a
2014,2014,NB,New Brunswick,Nouveau-Brunswick,Unspecified,Indéterminée,1.5,a,1.5,a
2015,2015,NB,New Brunswick,Nouveau-Brunswick,Human activity,Activités humaines,197.7,a,197.7,a
2015,2015,NB,New Brunswick,Nouveau-Brunswick,Lightning,Foudre,45.6,a,45.6,a
2015,2015,NB,New Brunswick,Nouveau-Brunswick,Unspecified,Indéterminée,16.8,a,16.8,a
2015,2015,NB,New Brunswick,Nouveau-Brunswick,Unspecified,Indéterminée,2.2,a,2.2,a
2016,2016,NB,New Brunswick,Nouveau-Brunswick,Human activity,Activités humaines,199.2,a,199.2,a
2016,2016,NB,New Brunswick,Nouveau-Brunswick,Lightning,Foudre,21.7,a,21.7,a
2016,2016,NB,New Brunswick,Nouveau-Brunswick,Unspecified,Indéterminée,43.4,a,43.4,a
2016,2016,NB,New Brunswick,Nouveau-Brunswick,Unspecified,Indéterminée,0.5,a,0.5,a
2017,2017,NB,New Brunswick,Nouveau-Brunswick,Human activity,Activités humaines,530.300000000001,a,530.300000000001,a
2017,2017,NB,New Brunswick,Nouveau-Brunswick,Lightning,Foudre,19.7,a,19.7,a
2017,2017,NB,New Brunswick,Nouveau-Brunswick,Unspecified,Indéterminée,15.7,a,15.7,a
2017,2017,NB,New Brunswick,Nouveau-Brunswick,Unspecified,Indéterminée,2.2,a,2.2,a
2018,2018,NB,New Brunswick,Nouveau-Brunswick,Human activity,Activités humaines,250.1,a,250.1,a
2018,2018,NB,New Brunswick,Nouveau-Brunswick,Lightning,Foudre,16.5,a,16.5,a
2018,2018,NB,New Brunswick,Nouveau-Brunswick,Unspecified,Indéterminée,44.3,a,44.3,a
2019,2019,NB,New Brunswick,Nouveau-Brunswick,Human activity,Activités humaines,183.6,a,183.6,a
2019,2019,NB,New Brunswick,Nouveau-Brunswick,Lightning,Foudre,14.1,a,14.1,a
2019,2019,NB,New Brunswick,Nouveau-Brunswick,Unspecified,Indéterminée,30,a,30,a
1990,1990,NL,Newfoundland and Labrador,Terre-Neuve-et-Labrador,Human activity,Activités humaines,3825.3,a,3825.3,a
1990,1990,NL,Newfoundland and Labrador,Terre-Neuve-et-Labrador,Lightning,Foudre,20777,a,20777,a
1991,1991,NL,Newfoundland and Labrador,Terre-Neuve-et-Labrador,Human activity,Activités humaines,6863.4,a,6863.4,a
1991,1991,NL,Newfoundland and Labrador,Terre-Neuve-et-Labrador,Lightning,Foudre,49526.6,a,49526.6,a
1992,1992,NL,Newfoundland and Labrador,Terre-Neuve-et-Labrador,Human activity,Activités humaines,1435.5,a,1435.5,a
1992,1992,NL,Newfoundland and Labrador,Terre-Neuve-et-Labrador,Lightning,Foudre,374.2,a,374.2,a
1993,1993,NL,Newfoundland and Labrador,Terre-Neuve-et-Labrador,Human activity,Activités humaines,55.4,a,55.4,a
1993,1993,NL,Newfoundland and Labrador,Terre-Neuve-et-Labrador,Lightning,Foudre,28425,a,28425,a
1994,1994,NL,Newfoundland and Labrador,Terre-Neuve-et-Labrador,Human activity,Activités humaines,1309.7,a,1309.7,a
1994,1994,NL,Newfoundland and Labrador,Terre-Neuve-et-Labrador,Lightning,Foudre,108964.5,a,108964.5,a
1995,1995,NL,Newfoundland and Labrador,Terre-Neuve-et-Labrador,Human activity,Activités humaines,301.1,a,301.1,a
1995,1995,NL,Newfoundland and Labrador,Terre-Neuve-et-Labrador,Lightning,Foudre,400,a,400,a
1996,1996,NL,Newfoundland and Labrador,Terre-Neuve-et-Labrador,Human activity,Activités humaines,3161.1,a,3161.1,a
1996,1996,NL,Newfoundland and Labrador,Terre-Neuve-et-Labrador,Lightning,Foudre,78149.3,a,78149.3,a
1997,1997,NL,Newfoundland and Labrador,Terre-Neuve-et-Labrador,Human activity,Activités humaines,8261.5,a,8261.5,a
1997,1997,NL,Newfoundland and Labrador,Terre-Neuve-et-Labrador,Lightning,Foudre,283.2,a,283.2,a
1998,1998,NL,Newfoundland and Labrador,Terre-Neuve-et-Labrador,Human activity,Activités humaines,1085.5,a,1085.5,a
1998,1998,NL,Newfoundland and Labrador,Terre-Neuve-et-Labrador,Lightning,Foudre,39075.7,a,39075.7,a
1999,1999,NL,Newfoundland and Labrador,Terre-Neuve-et-Labrador,Human activity,Activités humaines,11262.4,a,11262.4,a
1999,1999,NL,Newfoundland and Labrador,Terre-Neuve-et-Labrador,Lightning,Foudre,27777.8,a,27777.8,a
2000,2000,NL,Newfoundland and Labrador,Terre-Neuve-et-Labrador,Human activity,Activités humaines,232,a,232,a
2000,2000,NL,Newfoundland and Labrador,Terre-Neuve-et-Labrador,Lightning,Foudre,103304.167,a,103304.167,a
2001,2001,NL,Newfoundland and Labrador,Terre-Neuve-et-Labrador,Human activity,Activités humaines,324.6,a,324.6,a
2001,2001,NL,Newfoundland and Labrador,Terre-Neuve-et-Labrador,Lightning,Foudre,640.988,a,640.988,a
2002,2002,NL,Newfoundland and Labrador,Terre-Neuve-et-Labrador,Human activity,Activités humaines,260.1,a,260.1,a
2002,2002,NL,Newfoundland and Labrador,Terre-Neuve-et-Labrador,Lightning,Foudre,14524.546,a,14524.546,a
2003,2003,NL,Newfoundland and Labrador,Terre-Neuve-et-Labrador,Human activity,Activités humaines,683,a,683,a
2003,2003,NL,Newfoundland and Labrador,Terre-Neuve-et-Labrador,Lightning,Foudre,27028.13,a,27028.13,a
2004,2004,NL,Newfoundland and Labrador,Terre-Neuve-et-Labrador,Human activity,Activités humaines,1224.5,a,1224.5,a
2004,2004,NL,Newfoundland and Labrador,Terre-Neuve-et-Labrador,Lightning,Foudre,931.586,a,931.586,a
2005,2005,NL,Newfoundland and Labrador,Terre-Neuve-et-Labrador,Human activity,Activités humaines,187.2,a,187.2,a
2005,2005,NL,Newfoundland and Labrador,Terre-Neuve-et-Labrador,Lightning,Foudre,18061.319,a,18061.319,a
2006,2006,NL,Newfoundland and Labrador,Terre-Neuve-et-Labrador,Human activity,Activités humaines,153.7,a,153.7,a
2006,2006,NL,Newfoundland and Labrador,Terre-Neuve-et-Labrador,Lightning,Foudre,3311.868,a,3311.868,a
2007,2007,NL,Newfoundland and Labrador,Terre-Neuve-et-Labrador,Human activity,Activités humaines,324.146,a,324.146,a
2007,2007,NL,Newfoundland and Labrador,Terre-Neuve-et-Labrador,Lightning,Foudre,11026.484,a,11026.484,a
2007,2007,NL,Newfoundland and Labrador,Terre-Neuve-et-Labrador,Unspecified,Indéterminée,0.293,a,0.293,a
2008,2008,NL,Newfoundland and Labrador,Terre-Neuve-et-Labrador,Human activity,Activités humaines,98.4,a,98.4,a
2008,2008,NL,Newfoundland and Labrador,Terre-Neuve-et-Labrador,Lightning,Foudre,1.6,a,1.6,a
2009,2009,NL,Newfoundland and Labrador,Terre-Neuve-et-Labrador,Human activity,Activités humaines,392.584,a,392.584,a
2009,2009,NL,Newfoundland and Labrador,Terre-Neuve-et-Labrador,Lightning,Foudre,16263.609,a,16263.609,a
2010,2010,NL,Newfoundland and Labrador,Terre-Neuve-et-Labrador,Human activity,Activités humaines,38.6,a,38.6,a
2010,2010,NL,Newfoundland and Labrador,Terre-Neuve-et-Labrador,Lightning,Foudre,956.649,a,956.649,a
2011,2011,NL,Newfoundland and Labrador,Terre-Neuve-et-Labrador,Human activity,Activités humaines,38.4,a,38.4,a
2011,2011,NL,Newfoundland and Labrador,Terre-Neuve-et-Labrador,Unspecified,Indéterminée,387.21487,a,387.21487,a
2012,2012,NL,Newfoundland and Labrador,Terre-Neuve-et-Labrador,Human activity,Activités humaines,1671.9,a,1671.9,a
2012,2012,NL,Newfoundland and Labrador,Terre-Neuve-et-Labrador,Lightning,Foudre,109.1,a,109.1,a
2012,2012,NL,Newfoundland and Labrador,Terre-Neuve-et-Labrador,Unspecified,Indéterminée,27501.68559,a,27501.68559,a
2013,2013,NL,Newfoundland and Labrador,Terre-Neuve-et-Labrador,Human activity,Activités humaines,27668.735,a,27668.735,a
2013,2013,NL,Newfoundland and Labrador,Terre-Neuve-et-Labrador,Lightning,Foudre,2474.861,a,2474.861,a
2014,2014,NL,Newfoundland and Labrador,Terre-Neuve-et-Labrador,Unspecified,Indéterminée,8832,a,8832,a
2015,2015,NL,Newfoundland and Labrador,Terre-Neuve-et-Labrador,Human activity,Activités humaines,9.9,a,9.9,a
2015,2015,NL,Newfoundland and Labrador,Terre-Neuve-et-Labrador,Lightning,Foudre,3579.9,a,3579.9,a
2016,2016,NL,Newfoundland and Labrador,Terre-Neuve-et-Labrador,Human activity,Activités humaines,0.4,a,0.4,a
2016,2016,NL,Newfoundland and Labrador,Terre-Neuve-et-Labrador,Lightning,Foudre,10602.9,a,10602.9,a
2017,2017,NL,Newfoundland and Labrador,Terre-Neuve-et-Labrador,Human activity,Activités humaines,62.3,a,62.3,a
2017,2017,NL,Newfoundland and Labrador,Terre-Neuve-et-Labrador,Lightning,Foudre,637.5,a,637.5,a
2018,2018,NL,Newfoundland and Labrador,Terre-Neuve-et-Labrador,Human activity,Activités humaines,355.2,a,355.2,a
2018,2018,NL,Newfoundland and Labrador,Terre-Neuve-et-Labrador,Lightning,Foudre,40.3,a,40.3,a
2018,2018,NL,Newfoundland and Labrador,Terre-Neuve-et-Labrador,Unspecified,Indéterminée,0,a,0,a
2019,2019,NL,Newfoundland and Labrador,Terre-Neuve-et-Labrador,Human activity,Activités humaines,106.8,a,106.8,a
2019,2019,NL,Newfoundland and Labrador,Terre-Neuve-et-Labrador,Lightning,Foudre,209.2,a,209.2,a
1990,1990,NS,Nova Scotia,Nouvelle-Ecosse,Human activity,Activités humaines,1029.09,a,1029.09,a
1990,1990,NS,Nova Scotia,Nouvelle-Ecosse,Lightning,Foudre,0.2,a,0.2,a
1990,1990,NS,Nova Scotia,Nouvelle-Ecosse,Unspecified,Indéterminée,38.87,a,38.87,a
1991,1991,NS,Nova Scotia,Nouvelle-Ecosse,Human activity,Activités humaines,1712.09,a,1712.09,a
1991,1991,NS,Nova Scotia,Nouvelle-Ecosse,Lightning,Foudre,17.98,a,17.98,a
1991,1991,NS,Nova Scotia,Nouvelle-Ecosse,Unspecified,Indéterminée,45.68,a,45.68,a
1992,1992,NS,Nova Scotia,Nouvelle-Ecosse,Human activity,Activités humaines,1111.11,a,1111.11,a
1992,1992,NS,Nova Scotia,Nouvelle-Ecosse,Lightning,Foudre,0.11,a,0.11,a
1992,1992,NS,Nova Scotia,Nouvelle-Ecosse,Unspecified,Indéterminée,48.39,a,48.39,a
1993,1993,NS,Nova Scotia,Nouvelle-Ecosse,Human activity,Activités humaines,362.78,a,362.78,a
1993,1993,NS,Nova Scotia,Nouvelle-Ecosse,Lightning,Foudre,2.8,a,2.8,a
1993,1993,NS,Nova Scotia,Nouvelle-Ecosse,Unspecified,Indéterminée,2.33,a,2.33,a
1994,1994,NS,Nova Scotia,Nouvelle-Ecosse,Human activity,Activités humaines,237.23,a,237.23,a
1994,1994,NS,Nova Scotia,Nouvelle-Ecosse,Unspecified,Indéterminée,5.21,a,5.21,a
1995,1995,NS,Nova Scotia,Nouvelle-Ecosse,Human activity,Activités humaines,369.95,a,369.95,a
1995,1995,NS,Nova Scotia,Nouvelle-Ecosse,Lightning,Foudre,0.33,a,0.33,a
1995,1995,NS,Nova Scotia,Nouvelle-Ecosse,Unspecified,Indéterminée,34.23,a,34.23,a
1996,1996,NS,Nova Scotia,Nouvelle-Ecosse,Human activity,Activités humaines,601.63,a,601.63,a
1996,1996,NS,Nova Scotia,Nouvelle-Ecosse,Lightning,Foudre,2.27,a,2.27,a
1996,1996,NS,Nova Scotia,Nouvelle-Ecosse,Unspecified,Indéterminée,35.32,a,35.32,a
1997,1997,NS,Nova Scotia,Nouvelle-Ecosse,Human activity,Activités humaines,501.67,a,501.67,a
1997,1997,NS,Nova Scotia,Nouvelle-Ecosse,Lightning,Foudre,24.34,a,24.34,a
1997,1997,NS,Nova Scotia,Nouvelle-Ecosse,Unspecified,Indéterminée,39.15,a,39.15,a
1998,1998,NS,Nova Scotia,Nouvelle-Ecosse,Human activity,Activités humaines,306.669999999999,a,306.669999999999,a
1998,1998,NS,Nova Scotia,Nouvelle-Ecosse,Lightning,Foudre,12.13,a,12.13,a
1998,1998,NS,Nova Scotia,Nouvelle-Ecosse,Unspecified,Indéterminée,77.93,a,77.93,a
1999,1999,NS,Nova Scotia,Nouvelle-Ecosse,Human activity,Activités humaines,1788.38999999999,a,1788.38999999999,a
1999,1999,NS,Nova Scotia,Nouvelle-Ecosse,Lightning,Foudre,16.36,a,16.36,a
1999,1999,NS,Nova Scotia,Nouvelle-Ecosse,Unspecified,Indéterminée,18.69,a,18.69,a
2000,2000,NS,Nova Scotia,Nouvelle-Ecosse,Human activity,Activités humaines,300.87,a,300.87,a
2000,2000,NS,Nova Scotia,Nouvelle-Ecosse,Lightning,Foudre,1.99,a,1.99,a
2000,2000,NS,Nova Scotia,Nouvelle-Ecosse,Unspecified,Indéterminée,185.31,a,185.31,a
2001,2001,NS,Nova Scotia,Nouvelle-Ecosse,Human activity,Activités humaines,471.099999999999,a,471.099999999999,a
2001,2001,NS,Nova Scotia,Nouvelle-Ecosse,Lightning,Foudre,7.65,a,7.65,a
2001,2001,NS,Nova Scotia,Nouvelle-Ecosse,Unspecified,Indéterminée,50.06,a,50.06,a
2002,2002,NS,Nova Scotia,Nouvelle-Ecosse,Human activity,Activités humaines,190.04,a,190.04,a
2002,2002,NS,Nova Scotia,Nouvelle-Ecosse,Lightning,Foudre,9.72,a,9.72,a
2002,2002,NS,Nova Scotia,Nouvelle-Ecosse,Unspecified,Indéterminée,11.49,a,11.49,a
2003,2003,NS,Nova Scotia,Nouvelle-Ecosse,Human activity,Activités humaines,1235.99,a,1235.99,a
2003,2003,NS,Nova Scotia,Nouvelle-Ecosse,Lightning,Foudre,0.13,a,0.13,a
2003,2003,NS,Nova Scotia,Nouvelle-Ecosse,Unspecified,Indéterminée,20.64,a,20.64,a
2004,2004,NS,Nova Scotia,Nouvelle-Ecosse,Human activity,Activités humaines,287.519999999999,a,287.519999999999,a
2004,2004,NS,Nova Scotia,Nouvelle-Ecosse,Lightning,Foudre,0.45,a,0.45,a
2004,2004,NS,Nova Scotia,Nouvelle-Ecosse,Unspecified,Indéterminée,1.86,a,1.86,a
2005,2005,NS,Nova Scotia,Nouvelle-Ecosse,Human activity,Activités humaines,472,a,472,a
2005,2005,NS,Nova Scotia,Nouvelle-Ecosse,Lightning,Foudre,0,a,0,a
2005,2005,NS,Nova Scotia,Nouvelle-Ecosse,Unspecified,Indéterminée,23,a,23,a
2006,2006,NS,Nova Scotia,Nouvelle-Ecosse,Human activity,Activités humaines,1562,a,1562,a
2006,2006,NS,Nova Scotia,Nouvelle-Ecosse,Unspecified,Indéterminée,10,a,10,a
2007,2007,NS,Nova Scotia,Nouvelle-Ecosse,Human activity,Activités humaines,508,a,508,a
2007,2007,NS,Nova Scotia,Nouvelle-Ecosse,Lightning,Foudre,0,a,0,a
2007,2007,NS,Nova Scotia,Nouvelle-Ecosse,Unspecified,Indéterminée,181,a,181,a
2008,2008,NS,Nova Scotia,Nouvelle-Ecosse,Human activity,Activités humaines,2638,a,2638,a
2008,2008,NS,Nova Scotia,Nouvelle-Ecosse,Lightning,Foudre,0,a,0,a
2008,2008,NS,Nova Scotia,Nouvelle-Ecosse,Unspecified,Indéterminée,62,a,62,a
2009,2009,NS,Nova Scotia,Nouvelle-Ecosse,Human activity,Activités humaines,858,a,858,a
2009,2009,NS,Nova Scotia,Nouvelle-Ecosse,Unspecified,Indéterminée,25,a,25,a
2010,2010,NS,Nova Scotia,Nouvelle-Ecosse,Unspecified,Indéterminée,435.74,a,435.74,a
2011,2011,NS,Nova Scotia,Nouvelle-Ecosse,Unspecified,Indéterminée,150.27,a,150.27,a
2012,2012,NS,Nova Scotia,Nouvelle-Ecosse,Unspecified,Indéterminée,361.81,a,361.81,a
2013,2013,NS,Nova Scotia,Nouvelle-Ecosse,Human activity,Activités humaines,295.217,a,295.217,a
2013,2013,NS,Nova Scotia,Nouvelle-Ecosse,Lightning,Foudre,0.1,a,0.1,a
2013,2013,NS,Nova Scotia,Nouvelle-Ecosse,Unspecified,Indéterminée,6.03,a,6.03,a
2014,2014,NS,Nova Scotia,Nouvelle-Ecosse,Human activity,Activités humaines,536.6007,a,536.6007,a
2014,2014,NS,Nova Scotia,Nouvelle-Ecosse,Unspecified,Indéterminée,27.86,a,27.86,a
2015,2015,NS,Nova Scotia,Nouvelle-Ecosse,Human activity,Activités humaines,511.459900000001,a,511.459900000001,a
2015,2015,NS,Nova Scotia,Nouvelle-Ecosse,Unspecified,Indéterminée,5.29,a,5.29,a
2016,2016,NS,Nova Scotia,Nouvelle-Ecosse,Human activity,Activités humaines,774.987,a,774.987,a
2016,2016,NS,Nova Scotia,Nouvelle-Ecosse,Lightning,Foudre,17.551,a,17.551,a
2016,2016,NS,Nova Scotia,Nouvelle-Ecosse,Unspecified,Indéterminée,10.186,a,10.186,a
2017,2017,NS,Nova Scotia,Nouvelle-Ecosse,Human activity,Activités humaines,572.77,a,572.77,a
2018,2018,NS,Nova Scotia,Nouvelle-Ecosse,Human activity,Activités humaines,193.620000274851,a,193.620000274851,a
2018,2018,NS,Nova Scotia,Nouvelle-Ecosse,Lightning,Foudre,1.79000003077148,a,1.79000003077148,a
2019,2019,NS,Nova Scotia,Nouvelle-Ecosse,Human activity,Activités humaines,133.57,a,133.57,a
2019,2019,NS,Nova Scotia,Nouvelle-Ecosse,Lightning,Foudre,0.9,a,0.9,a
2019,2019,NS,Nova Scotia,Nouvelle-Ecosse,Unspecified,Indéterminée,2.3,a,2.3,a
1990,1990,NT,Northwest Territories,Territoires du Nord-Ouest,Human activity,Activités humaines,11.98,a,11.98,a
1990,1990,NT,Northwest Territories,Territoires du Nord-Ouest,Lightning,Foudre,104605.21,a,104605.21,a
1990,1990,NT,Northwest Territories,Territoires du Nord-Ouest,Unspecified,Indéterminée,0.21,a,0.21,a
1991,1991,NT,Northwest Territories,Territoires du Nord-Ouest,Human activity,Activités humaines,46.97,a,46.97,a
1991,1991,NT,Northwest Territories,Territoires du Nord-Ouest,Lightning,Foudre,225401.42,a,225401.42,a
1991,1991,NT,Northwest Territories,Territoires du Nord-Ouest,Unspecified,Indéterminée,18.03,a,18.03,a
1992,1992,NT,Northwest Territories,Territoires du Nord-Ouest,Human activity,Activités humaines,269.43,a,269.43,a
1992,1992,NT,Northwest Territories,Territoires du Nord-Ouest,Lightning,Foudre,34072.78,a,34072.78,a
1992,1992,NT,Northwest Territories,Territoires du Nord-Ouest,Unspecified,Indéterminée,2607.24,a,2607.24,a
1993,1993,NT,Northwest Territories,Territoires du Nord-Ouest,Human activity,Activités humaines,84.47,a,84.47,a
1993,1993,NT,Northwest Territories,Territoires du Nord-Ouest,Human activity,Activités humaines,7400,a,7400,a
1993,1993,NT,Northwest Territories,Territoires du Nord-Ouest,Lightning,Foudre,856783.73,a,856783.73,a
1993,1993,NT,Northwest Territories,Territoires du Nord-Ouest,Unspecified,Indéterminée,17.63,a,17.63,a
1994,1994,NT,Northwest Territories,Territoires du Nord-Ouest,Human activity,Activités humaines,10126.82,a,10126.82,a
1994,1994,NT,Northwest Territories,Territoires du Nord-Ouest,Human activity,Activités humaines,17882,a,17882,a
1994,1994,NT,Northwest Territories,Territoires du Nord-Ouest,Lightning,Foudre,2999302.32,a,2999302.32,a
1994,1994,NT,Northwest Territories,Territoires du Nord-Ouest,Unspecified,Indéterminée,3.41,a,3.41,a
1995,1995,NT,Northwest Territories,Territoires du Nord-Ouest,Human activity,Activités humaines,111783.76,a,111783.76,a
1995,1995,NT,Northwest Territories,Territoires du Nord-Ouest,Human activity,Activités humaines,15996.9,a,15996.9,a
1995,1995,NT,Northwest Territories,Territoires du Nord-Ouest,Lightning,Foudre,2715574.67,a,2715574.67,a
1995,1995,NT,Northwest Territories,Territoires du Nord-Ouest,Unspecified,Indéterminée,11.11,a,11.11,a
1996,1996,NT,Northwest Territories,Territoires du Nord-Ouest,Human activity,Activités humaines,84.66,a,84.66,a
1996,1996,NT,Northwest Territories,Territoires du Nord-Ouest,Lightning,Foudre,371460.06,a,371460.06,a
1997,1997,NT,Northwest Territories,Territoires du Nord-Ouest,Human activity,Activités humaines,9.97,a,9.97,a
1997,1997,NT,Northwest Territories,Territoires du Nord-Ouest,Lightning,Foudre,126521.29,a,126521.29,a
1997,1997,NT,Northwest Territories,Territoires du Nord-Ouest,Unspecified,Indéterminée,0.01,a,0.01,a
1998,1998,NT,Northwest Territories,Territoires du Nord-Ouest,Human activity,Activités humaines,79.72,a,79.72,a
1998,1998,NT,Northwest Territories,Territoires du Nord-Ouest,Lightning,Foudre,1458875.43,a,1458875.43,a
1998,1998,NT,Northwest Territories,Territoires du Nord-Ouest,Unspecified,Indéterminée,5.01,a,5.01,a
1999,1999,NT,Northwest Territories,Territoires du Nord-Ouest,Human activity,Activités humaines,31.65,a,31.65,a
1999,1999,NT,Northwest Territories,Territoires du Nord-Ouest,Human activity,Activités humaines,11158,a,11158,a
1999,1999,NT,Northwest Territories,Territoires du Nord-Ouest,Lightning,Foudre,549844.38,a,549844.38,a
1999,1999,NT,Northwest Territories,Territoires du Nord-Ouest,Unspecified,Indéterminée,0.61,a,0.61,a
2000,2000,NT,Northwest Territories,Territoires du Nord-Ouest,Human activity,Activités humaines,20.83,a,20.83,a
2000,2000,NT,Northwest Territories,Territoires du Nord-Ouest,Human activity,Activités humaines,17.8,a,17.8,a
2000,2000,NT,Northwest Territories,Territoires du Nord-Ouest,Lightning,Foudre,177796.14,a,177796.14,a
2000,2000,NT,Northwest Territories,Territoires du Nord-Ouest,Unspecified,Indéterminée,1.02,a,1.02,a
2001,2001,NT,Northwest Territories,Territoires du Nord-Ouest,Human activity,Activités humaines,5.23,a,5.23,a
2001,2001,NT,Northwest Territories,Territoires du Nord-Ouest,Lightning,Foudre,111256.49,a,111256.49,a
2002,2002,NT,Northwest Territories,Territoires du Nord-Ouest,Human activity,Activités humaines,18.04,a,18.04,a
2002,2002,NT,Northwest Territories,Territoires du Nord-Ouest,Lightning,Foudre,27067.63,a,27067.63,a
2002,2002,NT,Northwest Territories,Territoires du Nord-Ouest,Unspecified,Indéterminée,3.5,a,3.5,a
2003,2003,NT,Northwest Territories,Territoires du Nord-Ouest,Human activity,Activités humaines,9.3,a,9.3,a
2003,2003,NT,Northwest Territories,Territoires du Nord-Ouest,Lightning,Foudre,127812.1,a,127812.1,a
2004,2004,NT,Northwest Territories,Territoires du Nord-Ouest,Human activity,Activités humaines,7637.95,a,7637.95,a
2004,2004,NT,Northwest Territories,Territoires du Nord-Ouest,Lightning,Foudre,499695.38,a,499695.38,a
2004,2004,NT,Northwest Territories,Territoires du Nord-Ouest,Unspecified,Indéterminée,8287.7,a,8287.7,a
2005,2005,NT,Northwest Territories,Territoires du Nord-Ouest,Human activity,Activités humaines,9.11,a,9.11,a
2005,2005,NT,Northwest Territories,Territoires du Nord-Ouest,Lightning,Foudre,216865.2,a,216865.2,a
2005,2005,NT,Northwest Territories,Territoires du Nord-Ouest,Unspecified,Indéterminée,1258.31,a,1258.31,a
2006,2006,NT,Northwest Territories,Territoires du Nord-Ouest,Human activity,Activités humaines,68.68,a,68.68,a
2006,2006,NT,Northwest Territories,Territoires du Nord-Ouest,Lightning,Foudre,53312.35,a,53312.35,a
2006,2006,NT,Northwest Territories,Territoires du Nord-Ouest,Unspecified,Indéterminée,16,a,16,a
2007,2007,NT,Northwest Territories,Territoires du Nord-Ouest,Human activity,Activités humaines,22183.3,a,22183.3,a
2007,2007,NT,Northwest Territories,Territoires du Nord-Ouest,Lightning,Foudre,422923.87,a,422923.87,a
2007,2007,NT,Northwest Territories,Territoires du Nord-Ouest,Unspecified,Indéterminée,22.21,a,22.21,a
2008,2008,NT,Northwest Territories,Territoires du Nord-Ouest,Human activity,Activités humaines,19.78,a,19.78,a
2008,2008,NT,Northwest Territories,Territoires du Nord-Ouest,Lightning,Foudre,308546.47,a,308546.47,a
2008,2008,NT,Northwest Territories,Territoires du Nord-Ouest,Unspecified,Indéterminée,222.5,a,222.5,a
2009,2009,NT,Northwest Territories,Territoires du Nord-Ouest,Human activity,Activités humaines,22.6,a,22.6,a
2009,2009,NT,Northwest Territories,Territoires du Nord-Ouest,Lightning,Foudre,2034.15,a,2034.15,a
2009,2009,NT,Northwest Territories,Territoires du Nord-Ouest,Unspecified,Indéterminée,0.1,a,0.1,a
2010,2010,NT,Northwest Territories,Territoires du Nord-Ouest,Human activity,Activités humaines,152.56,a,152.56,a
2010,2010,NT,Northwest Territories,Territoires du Nord-Ouest,Lightning,Foudre,350649.38,a,350649.38,a
2010,2010,NT,Northwest Territories,Territoires du Nord-Ouest,Unspecified,Indéterminée,125.05,a,125.05,a
2011,2011,NT,Northwest Territories,Territoires du Nord-Ouest,Human activity,Activités humaines,151.17,a,151.17,a
2011,2011,NT,Northwest Territories,Territoires du Nord-Ouest,Lightning,Foudre,329358.2675,a,329358.2675,a
2011,2011,NT,Northwest Territories,Territoires du Nord-Ouest,Unspecified,Indéterminée,71.3871,a,71.3871,a
2012,2012,NT,Northwest Territories,Territoires du Nord-Ouest,Human activity,Activités humaines,597.3,a,597.3,a
2012,2012,NT,Northwest Territories,Territoires du Nord-Ouest,Lightning,Foudre,296543.84,a,296543.84,a
2012,2012,NT,Northwest Territories,Territoires du Nord-Ouest,Unspecified,Indéterminée,2615.22,a,2615.22,a
2013,2013,NT,Northwest Territories,Territoires du Nord-Ouest,Human activity,Activités humaines,1188.4,a,1188.4,a
2013,2013,NT,Northwest Territories,Territoires du Nord-Ouest,Lightning,Foudre,536684.32,a,536684.32,a
2014,2014,NT,Northwest Territories,Territoires du Nord-Ouest,Human activity,Activités humaines,10616.38,a,10616.38,a
2014,2014,NT,Northwest Territories,Territoires du Nord-Ouest,Lightning,Foudre,3407674.14,a,3407674.14,a
2015,2015,NT,Northwest Territories,Territoires du Nord-Ouest,Human activity,Activités humaines,4.05,a,4.05,a
2015,2015,NT,Northwest Territories,Territoires du Nord-Ouest,Lightning,Foudre,646983.59,a,646983.59,a
2016,2016,NT,Northwest Territories,Territoires du Nord-Ouest,Human activity,Activités humaines,7819.08,a,7819.08,a
2016,2016,NT,Northwest Territories,Territoires du Nord-Ouest,Lightning,Foudre,247180.28,a,247180.28,a
2017,2017,NT,Northwest Territories,Territoires du Nord-Ouest,Human activity,Activités humaines,11.14,a,11.14,a
2017,2017,NT,Northwest Territories,Territoires du Nord-Ouest,Lightning,Foudre,1030247.67,a,1030247.67,a
2018,2018,NT,Northwest Territories,Territoires du Nord-Ouest,Human activity,Activités humaines,0.23,a,0.23,a
2018,2018,NT,Northwest Territories,Territoires du Nord-Ouest,Lightning,Foudre,15737.41,a,15737.41,a
2019,2019,NT,Northwest Territories,Territoires du Nord-Ouest,Human activity,Activités humaines,4.54,a,4.54,a
2019,2019,NT,Northwest Territories,Territoires du Nord-Ouest,Lightning,Foudre,105162.63,a,105162.63,a
1990,1990,ON,Ontario,Ontario,Human activity,Activités humaines,8672.00000223808,a,8672.00000223808,a
1990,1990,ON,Ontario,Ontario,Lightning,Foudre,174915.700002998,a,174915.700002998,a
1990,1990,ON,Ontario,Ontario,Unspecified,Indéterminée,25.500000111754,a,25.500000111754,a
1991,1991,ON,Ontario,Ontario,Human activity,Activités humaines,11090.200004044,a,11090.200004044,a
1991,1991,ON,Ontario,Ontario,Lightning,Foudre,307671.500002868,a,307671.500002868,a
1991,1991,ON,Ontario,Ontario,Unspecified,Indéterminée,49.400000140064,a,49.400000140064,a
1992,1992,ON,Ontario,Ontario,Human activity,Activités humaines,5372.60000238564,a,5372.60000238564,a
1992,1992,ON,Ontario,Ontario,Lightning,Foudre,170595.900000378,a,170595.900000378,a
1992,1992,ON,Ontario,Ontario,Unspecified,Indéterminée,25.900000043212,a,25.900000043212,a
1993,1993,ON,Ontario,Ontario,Human activity,Activités humaines,9016.00000146776,a,9016.00000146776,a
1993,1993,ON,Ontario,Ontario,Lightning,Foudre,95608.6000005111,a,95608.6000005111,a
1993,1993,ON,Ontario,Ontario,Unspecified,Indéterminée,40.20000001788,a,40.20000001788,a
1994,1994,ON,Ontario,Ontario,Human activity,Activités humaines,7455.00000227084,a,7455.00000227084,a
1994,1994,ON,Ontario,Ontario,Lightning,Foudre,76020.3000003099,a,76020.3000003099,a
1994,1994,ON,Ontario,Ontario,Unspecified,Indéterminée,129.100000068543,a,129.100000068543,a
1995,1995,ON,Ontario,Ontario,Human activity,Activités humaines,41933.5000042988,a,41933.5000042988,a
1995,1995,ON,Ontario,Ontario,Lightning,Foudre,570412.500001888,a,570412.500001888,a
1995,1995,ON,Ontario,Ontario,Unspecified,Indéterminée,216.900000199665,a,216.900000199665,a
1996,1996,ON,Ontario,Ontario,Human activity,Activités humaines,1849.80000151387,a,1849.80000151387,a
1996,1996,ON,Ontario,Ontario,Lightning,Foudre,443461.200001059,a,443461.200001059,a
1996,1996,ON,Ontario,Ontario,Unspecified,Indéterminée,3691.09999999404,a,3691.09999999404,a
1997,1997,ON,Ontario,Ontario,Human activity,Activités humaines,2113.30000212035,a,2113.30000212035,a
1997,1997,ON,Ontario,Ontario,Lightning,Foudre,36224.3000029324,a,36224.3000029324,a
1997,1997,ON,Ontario,Ontario,Unspecified,Indéterminée,281.900000154966,a,281.900000154966,a
1998,1998,ON,Ontario,Ontario,Human activity,Activités humaines,4137.50000187746,a,4137.50000187746,a
1998,1998,ON,Ontario,Ontario,Lightning,Foudre,127542.100003366,a,127542.100003366,a
1998,1998,ON,Ontario,Ontario,Unspecified,Indéterminée,26492.8000000268,a,26492.8000000268,a
1999,1999,ON,Ontario,Ontario,Human activity,Activités humaines,251129.600001082,a,251129.600001082,a
1999,1999,ON,Ontario,Ontario,Lightning,Foudre,76924.8000007197,a,76924.8000007197,a
1999,1999,ON,Ontario,Ontario,Unspecified,Indéterminée,272.40000015497,a,272.40000015497,a
2000,2000,ON,Ontario,Ontario,Human activity,Activités humaines,1420.50000306966,a,1420.50000306966,a
2000,2000,ON,Ontario,Ontario,Lightning,Foudre,5293.20000053196,a,5293.20000053196,a
2000,2000,ON,Ontario,Ontario,Unspecified,Indéterminée,64.700000032782,a,64.700000032782,a
2001,2001,ON,Ontario,Ontario,Human activity,Activités humaines,1520.10000039938,a,1520.10000039938,a
2001,2001,ON,Ontario,Ontario,Lightning,Foudre,9235.40000112487,a,9235.40000112487,a
2001,2001,ON,Ontario,Ontario,Unspecified,Indéterminée,89.70000001043,a,89.70000001043,a
2002,2002,ON,Ontario,Ontario,Human activity,Activités humaines,2326.70000126958,a,2326.70000126958,a
2002,2002,ON,Ontario,Ontario,Lightning,Foudre,178041.900002021,a,178041.900002021,a
2002,2002,ON,Ontario,Ontario,Unspecified,Indéterminée,1851.09999993443,a,1851.09999993443,a
2003,2003,ON,Ontario,Ontario,Human activity,Activités humaines,8393.5000016942,a,8393.5000016942,a
2003,2003,ON,Ontario,Ontario,Lightning,Foudre,309983.400000647,a,309983.400000647,a
2003,2003,ON,Ontario,Ontario,Unspecified,Indéterminée,734.099999845023,a,734.099999845023,a
2004,2004,ON,Ontario,Ontario,Human activity,Activités humaines,1487.79999920717,a,1487.79999920717,a
2004,2004,ON,Ontario,Ontario,Lightning,Foudre,120.200000464865,a,120.200000464865,a
2004,2004,ON,Ontario,Ontario,Unspecified,Indéterminée,9.599999986591,a,9.599999986591,a
2005,2005,ON,Ontario,Ontario,Human activity,Activités humaines,3167.80000487703,a,3167.80000487703,a
2005,2005,ON,Ontario,Ontario,Lightning,Foudre,39126.8000002383,a,39126.8000002383,a
2005,2005,ON,Ontario,Ontario,Unspecified,Indéterminée,44.000000059603,a,44.000000059603,a
2006,2006,ON,Ontario,Ontario,Human activity,Activités humaines,1762.99999833856,a,1762.99999833856,a
2006,2006,ON,Ontario,Ontario,Lightning,Foudre,145286.100007497,a,145286.100007497,a
2006,2006,ON,Ontario,Ontario,Unspecified,Indéterminée,2572.50000009685,a,2572.50000009685,a
2007,2007,ON,Ontario,Ontario,Human activity,Activités humaines,33191.2999999806,a,33191.2999999806,a
2007,2007,ON,Ontario,Ontario,Human activity,Activités humaines,25,a,25,a
2007,2007,ON,Ontario,Ontario,Lightning,Foudre,6747.10000102957,a,6747.10000102957,a
2007,2007,ON,Ontario,Ontario,Unspecified,Indéterminée,713.400000005962,a,713.400000005962,a
2008,2008,ON,Ontario,Ontario,Human activity,Activités humaines,106.000000290561,a,106.000000290561,a
2008,2008,ON,Ontario,Ontario,Lightning,Foudre,1193.70000007151,a,1193.70000007151,a
2008,2008,ON,Ontario,Ontario,Unspecified,Indéterminée,16.700000256302,a,16.700000256302,a
2009,2009,ON,Ontario,Ontario,Human activity,Activités humaines,375.400000266834,a,375.400000266834,a
2009,2009,ON,Ontario,Ontario,Lightning,Foudre,20308.1000004187,a,20308.1000004187,a
2009,2009,ON,Ontario,Ontario,Unspecified,Indéterminée,7.10000002384,a,7.10000002384,a
2010,2010,ON,Ontario,Ontario,Human activity,Activités humaines,2609.40000000891,a,2609.40000000891,a
2010,2010,ON,Ontario,Ontario,Lightning,Foudre,10108.8999994441,a,10108.8999994441,a
2010,2010,ON,Ontario,Ontario,Unspecified,Indéterminée,2105.89999953657,a,2105.89999953657,a
2011,2011,ON,Ontario,Ontario,Human activity,Activités humaines,1850.50000087912,a,1850.50000087912,a
2011,2011,ON,Ontario,Ontario,Lightning,Foudre,632086.60000312,a,632086.60000312,a
2011,2011,ON,Ontario,Ontario,Unspecified,Indéterminée,1437.6000000596,a,1437.6000000596,a
2012,2012,ON,Ontario,Ontario,Human activity,Activités humaines,43438.6999996306,a,43438.6999996306,a
2012,2012,ON,Ontario,Ontario,Human activity,Activités humaines,1207,a,1207,a
2012,2012,ON,Ontario,Ontario,Lightning,Foudre,107873.500003019,a,107873.500003019,a
2012,2012,ON,Ontario,Ontario,Unspecified,Indéterminée,236.199999846513,a,236.199999846513,a
2013,2013,ON,Ontario,Ontario,Human activity,Activités humaines,823.700001157784,a,823.700001157784,a
2013,2013,ON,Ontario,Ontario,Lightning,Foudre,50216.3999994844,a,50216.3999994844,a
2013,2013,ON,Ontario,Ontario,Unspecified,Indéterminée,49.899998523269,a,49.899998523269,a
2014,2014,ON,Ontario,Ontario,Human activity,Activités humaines,241.900000922398,a,241.900000922398,a
2014,2014,ON,Ontario,Ontario,Human activity,Activités humaines,759,a,759,a
2014,2014,ON,Ontario,Ontario,Lightning,Foudre,5143.69999967516,a,5143.69999967516,a
2014,2014,ON,Ontario,Ontario,Unspecified,Indéterminée,0.90000001341,a,0.90000001341,a
2015,2015,ON,Ontario,Ontario,Human activity,Activités humaines,1243.40000178655,a,1243.40000178655,a
2015,2015,ON,Ontario,Ontario,Human activity,Activités humaines,3411,a,3411,a
2015,2015,ON,Ontario,Ontario,Lightning,Foudre,38063.8000008984,a,38063.8000008984,a
2015,2015,ON,Ontario,Ontario,Unspecified,Indéterminée,5.6000001058,a,5.6000001058,a
2016,2016,ON,Ontario,Ontario,Human activity,Activités humaines,6114.80000051099,a,6114.80000051099,a
2016,2016,ON,Ontario,Ontario,Human activity,Activités humaines,3096,a,3096,a
2016,2016,ON,Ontario,Ontario,Lightning,Foudre,76921.7000013663,a,76921.7000013663,a
2016,2016,ON,Ontario,Ontario,Unspecified,Indéterminée,76.29999998957,a,76.29999998957,a
2017,2017,ON,Ontario,Ontario,Human activity,Activités humaines,87.4000009074303,a,87.4000009074303,a
2017,2017,ON,Ontario,Ontario,Human activity,Activités humaines,445,a,445,a
2017,2017,ON,Ontario,Ontario,Lightning,Foudre,112232.999997429,a,112232.999997429,a
2017,2017,ON,Ontario,Ontario,Unspecified,Indéterminée,16.89999963343,a,16.89999963343,a
2018,2018,ON,Ontario,Ontario,Human activity,Activités humaines,15994.100002475,a,15994.100002475,a
2018,2018,ON,Ontario,Ontario,Lightning,Foudre,249675.600006692,a,249675.600006692,a
2018,2018,ON,Ontario,Ontario,Unspecified,Indéterminée,20.299999557412,a,20.299999557412,a
2019,2019,ON,Ontario,Ontario,Human activity,Activités humaines,16273.9000009225,a,16273.9000009225,a
2019,2019,ON,Ontario,Ontario,Lightning,Foudre,253445.700002447,a,253445.700002447,a
2019,2019,ON,Ontario,Ontario,Unspecified,Indéterminée,5.60000000894,a,5.60000000894,a
1990,1990,PC,Parks Canada,Parcs Canada,Human activity,Activités humaines,8.4,a,8.4,a
1990,1990,PC,Parks Canada,Parcs Canada,Lightning,Foudre,24591.9,a,24591.9,a
1990,1990,PC,Parks Canada,Parcs Canada,Unspecified,Indéterminée,200,a,200,a
1991,1991,PC,Parks Canada,Parcs Canada,Human activity,Activités humaines,200.5,a,200.5,a
1991,1991,PC,Parks Canada,Parcs Canada,Lightning,Foudre,829.2,a,829.2,a
1992,1992,PC,Parks Canada,Parcs Canada,Lightning,Foudre,13.3,a,13.3,a
1993,1993,PC,Parks Canada,Parcs Canada,Human activity,Activités humaines,351.1,a,351.1,a
1993,1993,PC,Parks Canada,Parcs Canada,Lightning,Foudre,1277.7,a,1277.7,a
1993,1993,PC,Parks Canada,Parcs Canada,Unspecified,Indéterminée,3,a,3,a
1994,1994,PC,Parks Canada,Parcs Canada,Lightning,Foudre,67140.9,a,67140.9,a
1994,1994,PC,Parks Canada,Parcs Canada,Unspecified,Indéterminée,3.6,a,3.6,a
1995,1995,PC,Parks Canada,Parcs Canada,Human activity,Activités humaines,0.4,a,0.4,a
1995,1995,PC,Parks Canada,Parcs Canada,Lightning,Foudre,4025.6,a,4025.6,a
1995,1995,PC,Parks Canada,Parcs Canada,Unspecified,Indéterminée,378.8,a,378.8,a
1996,1996,PC,Parks Canada,Parcs Canada,Lightning,Foudre,13635.7,a,13635.7,a
1997,1997,PC,Parks Canada,Parcs Canada,Lightning,Foudre,199,a,199,a
1998,1998,PC,Parks Canada,Parcs Canada,Human activity,Activités humaines,200.2,a,200.2,a
1998,1998,PC,Parks Canada,Parcs Canada,Lightning,Foudre,27808,a,27808,a
1999,1999,PC,Parks Canada,Parcs Canada,Human activity,Activités humaines,2475.3,a,2475.3,a
1999,1999,PC,Parks Canada,Parcs Canada,Lightning,Foudre,67015.2,a,67015.2,a
2000,2000,PC,Parks Canada,Parcs Canada,Human activity,Activités humaines,5570.4,a,5570.4,a
2000,2000,PC,Parks Canada,Parcs Canada,Lightning,Foudre,7437.02000000001,a,7437.02000000001,a
2001,2001,PC,Parks Canada,Parcs Canada,Human activity,Activités humaines,3815.132,a,3815.132,a
2001,2001,PC,Parks Canada,Parcs Canada,Lightning,Foudre,21175.611,a,21175.611,a
2001,2001,PC,Parks Canada,Parcs Canada,Unspecified,Indéterminée,2.302,a,2.302,a
2002,2002,PC,Parks Canada,Parcs Canada,Human activity,Activités humaines,2128.31,a,2128.31,a
2002,2002,PC,Parks Canada,Parcs Canada,Lightning,Foudre,6753.71,a,6753.71,a
2002,2002,PC,Parks Canada,Parcs Canada,Unspecified,Indéterminée,2.2,a,2.2,a
2003,2003,PC,Parks Canada,Parcs Canada,Human activity,Activités humaines,39483.851,a,39483.851,a
2003,2003,PC,Parks Canada,Parcs Canada,Lightning,Foudre,112464.6,a,112464.6,a
2004,2004,PC,Parks Canada,Parcs Canada,Human activity,Activités humaines,3260.0126,a,3260.0126,a
2004,2004,PC,Parks Canada,Parcs Canada,Lightning,Foudre,195464.62,a,195464.62,a
2004,2004,PC,Parks Canada,Parcs Canada,Unspecified,Indéterminée,5.11,a,5.11,a
2005,2005,PC,Parks Canada,Parcs Canada,Human activity,Activités humaines,6244.811,a,6244.811,a
2005,2005,PC,Parks Canada,Parcs Canada,Lightning,Foudre,31070.51,a,31070.51,a
2005,2005,PC,Parks Canada,Parcs Canada,Unspecified,Indéterminée,0.7,a,0.7,a
2006,2006,PC,Parks Canada,Parcs Canada,Human activity,Activités humaines,5711.59,a,5711.59,a
2006,2006,PC,Parks Canada,Parcs Canada,Lightning,Foudre,20320.38,a,20320.38,a
2006,2006,PC,Parks Canada,Parcs Canada,Unspecified,Indéterminée,6804.1,a,6804.1,a
2007,2007,PC,Parks Canada,Parcs Canada,Human activity,Activités humaines,2241.97,a,2241.97,a
2007,2007,PC,Parks Canada,Parcs Canada,Lightning,Foudre,222118.51,a,222118.51,a
2007,2007,PC,Parks Canada,Parcs Canada,Unspecified,Indéterminée,3.1,a,3.1,a
2008,2008,PC,Parks Canada,Parcs Canada,Human activity,Activités humaines,8576.21200000001,a,8576.21200000001,a
2008,2008,PC,Parks Canada,Parcs Canada,Human activity,Activités humaines,9255,a,9255,a
2008,2008,PC,Parks Canada,Parcs Canada,Lightning,Foudre,4487.8,a,4487.8,a
2008,2008,PC,Parks Canada,Parcs Canada,Unspecified,Indéterminée,19.711,a,19.711,a
2009,2009,PC,Parks Canada,Parcs Canada,Human activity,Activités humaines,19453.456,a,19453.456,a
2009,2009,PC,Parks Canada,Parcs Canada,Human activity,Activités humaines,6264.22,a,6264.22,a
2009,2009,PC,Parks Canada,Parcs Canada,Lightning,Foudre,17133.82,a,17133.82,a
2009,2009,PC,Parks Canada,Parcs Canada,Unspecified,Indéterminée,10.082,a,10.082,a
2010,2010,PC,Parks Canada,Parcs Canada,Human activity,Activités humaines,30.5,a,30.5,a
2010,2010,PC,Parks Canada,Parcs Canada,Human activity,Activités humaines,2110.5,a,2110.5,a
2010,2010,PC,Parks Canada,Parcs Canada,Lightning,Foudre,5837.2414,a,5837.2414,a
2010,2010,PC,Parks Canada,Parcs Canada,Unspecified,Indéterminée,5.1,a,5.1,a
2011,2011,PC,Parks Canada,Parcs Canada,Human activity,Activités humaines,14849.933,a,14849.933,a
2011,2011,PC,Parks Canada,Parcs Canada,Human activity,Activités humaines,4816.2,a,4816.2,a
2011,2011,PC,Parks Canada,Parcs Canada,Lightning,Foudre,23511.41,a,23511.41,a
2011,2011,PC,Parks Canada,Parcs Canada,Unspecified,Indéterminée,46798.25,a,46798.25,a
2012,2012,PC,Parks Canada,Parcs Canada,Human activity,Activités humaines,262.6071,a,262.6071,a
2012,2012,PC,Parks Canada,Parcs Canada,Human activity,Activités humaines,1420.3,a,1420.3,a
2012,2012,PC,Parks Canada,Parcs Canada,Lightning,Foudre,272200.609,a,272200.609,a
2012,2012,PC,Parks Canada,Parcs Canada,Unspecified,Indéterminée,620,a,620,a
2013,2013,PC,Parks Canada,Parcs Canada,Human activity,Activités humaines,5015.8612,a,5015.8612,a
2013,2013,PC,Parks Canada,Parcs Canada,Human activity,Activités humaines,1121.16,a,1121.16,a
2013,2013,PC,Parks Canada,Parcs Canada,Lightning,Foudre,48981.54,a,48981.54,a
2013,2013,PC,Parks Canada,Parcs Canada,Unspecified,Indéterminée,4725.21,a,4725.21,a
2014,2014,PC,Parks Canada,Parcs Canada,Human activity,Activités humaines,0.3431,a,0.3431,a
2014,2014,PC,Parks Canada,Parcs Canada,Human activity,Activités humaines,3139.36,a,3139.36,a
2014,2014,PC,Parks Canada,Parcs Canada,Lightning,Foudre,267177.55,a,267177.55,a
2014,2014,PC,Parks Canada,Parcs Canada,Unspecified,Indéterminée,0.45,a,0.45,a
2015,2015,PC,Parks Canada,Parcs Canada,Human activity,Activités humaines,8.31019999999999,a,8.31019999999999,a
2015,2015,PC,Parks Canada,Parcs Canada,Human activity,Activités humaines,6694.1,a,6694.1,a
2015,2015,PC,Parks Canada,Parcs Canada,Lightning,Foudre,457818.6,a,457818.6,a
2015,2015,PC,Parks Canada,Parcs Canada,Unspecified,Indéterminée,508.61,a,508.61,a
2016,2016,PC,Parks Canada,Parcs Canada,Human activity,Activités humaines,1.5453,a,1.5453,a
2016,2016,PC,Parks Canada,Parcs Canada,Human activity,Activités humaines,3383.1538,a,3383.1538,a
2016,2016,PC,Parks Canada,Parcs Canada,Lightning,Foudre,7794.2901,a,7794.2901,a
2016,2016,PC,Parks Canada,Parcs Canada,Unspecified,Indéterminée,0.5111,a,0.5111,a
2017,2017,PC,Parks Canada,Parcs Canada,Human activity,Activités humaines,3.86461,a,3.86461,a
2017,2017,PC,Parks Canada,Parcs Canada,Human activity,Activités humaines,1744.556,a,1744.556,a
2017,2017,PC,Parks Canada,Parcs Canada,Lightning,Foudre,92143.0224,a,92143.0224,a
2017,2017,PC,Parks Canada,Parcs Canada,Unspecified,Indéterminée,25428.4701,a,25428.4701,a
2018,2018,PC,Parks Canada,Parcs Canada,Human activity,Activités humaines,193.5642,a,193.5642,a
2018,2018,PC,Parks Canada,Parcs Canada,Human activity,Activités humaines,37075.797,a,37075.797,a
2018,2018,PC,Parks Canada,Parcs Canada,Lightning,Foudre,25696.132,a,25696.132,a
2018,2018,PC,Parks Canada,Parcs Canada,Unspecified,Indéterminée,12594.732,a,12594.732,a
2018,2018,PC,Parks Canada,Parcs Canada,Unspecified,Indéterminée,2,a,2,a
2019,2019,PC,Parks Canada,Parcs Canada,Human activity,Activités humaines,4.34321,a,4.34321,a
2019,2019,PC,Parks Canada,Parcs Canada,Human activity,Activités humaines,308.15,a,308.15,a
2019,2019,PC,Parks Canada,Parcs Canada,Lightning,Foudre,36405.98,a,36405.98,a
2019,2019,PC,Parks Canada,Parcs Canada,Unspecified,Indéterminée,0.3,a,0.3,a
2019,2019,PC,Parks Canada,Parcs Canada,Unspecified,Indéterminée,81377.42,a,81377.42,a
2018,2018,PE,Prince Edward Island,Ile-du-Prince-Edouard,Human activity,Activités humaines,7.3901514601722,a,7.3901514601722,a
2019,2019,PE,Prince Edward Island,Ile-du-Prince-Edouard,Human activity,Activités humaines,14.21112824181,a,14.21112824181,a
1990,1990,QC,Quebec,Québec,Human activity,Activités humaines,18666.5,a,18666.5,a
1990,1990,QC,Quebec,Québec,Lightning,Foudre,64676.0999999999,a,64676.0999999999,a
1991,1991,QC,Quebec,Québec,Human activity,Activités humaines,42503.0999999999,a,42503.0999999999,a
1991,1991,QC,Quebec,Québec,Lightning,Foudre,395828.3,a,395828.3,a
1992,1992,QC,Quebec,Québec,Human activity,Activités humaines,8127.30000000001,a,8127.30000000001,a
1992,1992,QC,Quebec,Québec,Lightning,Foudre,18984.2,a,18984.2,a
1993,1993,QC,Quebec,Québec,Human activity,Activités humaines,1062.2,a,1062.2,a
1993,1993,QC,Quebec,Québec,Lightning,Foudre,127171.8,a,127171.8,a
1994,1994,QC,Quebec,Québec,Human activity,Activités humaines,792.900000000001,a,792.900000000001,a
1994,1994,QC,Quebec,Québec,Lightning,Foudre,115247.4,a,115247.4,a
1995,1995,QC,Quebec,Québec,Human activity,Activités humaines,123078.5,a,123078.5,a
1995,1995,QC,Quebec,Québec,Lightning,Foudre,604648.199999999,a,604648.199999999,a
1996,1996,QC,Quebec,Québec,Human activity,Activités humaines,9575.90000000001,a,9575.90000000001,a
1996,1996,QC,Quebec,Québec,Lightning,Foudre,682013.699999999,a,682013.699999999,a
1997,1997,QC,Quebec,Québec,Human activity,Activités humaines,4713.7,a,4713.7,a
1997,1997,QC,Quebec,Québec,Lightning,Foudre,388365.5,a,388365.5,a
1998,1998,QC,Quebec,Québec,Human activity,Activités humaines,13329.3,a,13329.3,a
1998,1998,QC,Quebec,Québec,Lightning,Foudre,404977.5,a,404977.5,a
1999,1999,QC,Quebec,Québec,Human activity,Activités humaines,3927.79999999999,a,3927.79999999999,a
1999,1999,QC,Quebec,Québec,Lightning,Foudre,93819.4000000001,a,93819.4000000001,a
2000,2000,QC,Quebec,Québec,Human activity,Activités humaines,672.400000000001,a,672.400000000001,a
2000,2000,QC,Quebec,Québec,Lightning,Foudre,38535.9,a,38535.9,a
2001,2001,QC,Quebec,Québec,Human activity,Activités humaines,5877.30000000002,a,5877.30000000002,a
2001,2001,QC,Quebec,Québec,Lightning,Foudre,27190.9,a,27190.9,a
2002,2002,QC,Quebec,Québec,Human activity,Activités humaines,5943.29999999999,a,5943.29999999999,a
2002,2002,QC,Quebec,Québec,Lightning,Foudre,1007806.3,a,1007806.3,a
2003,2003,QC,Quebec,Québec,Human activity,Activités humaines,9398.10000000004,a,9398.10000000004,a
2003,2003,QC,Quebec,Québec,Lightning,Foudre,78462.2,a,78462.2,a
2004,2004,QC,Quebec,Québec,Human activity,Activités humaines,802.100000000001,a,802.100000000001,a
2004,2004,QC,Quebec,Québec,Lightning,Foudre,2242.1,a,2242.1,a
2005,2005,QC,Quebec,Québec,Human activity,Activités humaines,33359.5999999999,a,33359.5999999999,a
2005,2005,QC,Quebec,Québec,Lightning,Foudre,766770.699999997,a,766770.699999997,a
2006,2006,QC,Quebec,Québec,Human activity,Activités humaines,65210.5999999999,a,65210.5999999999,a
2006,2006,QC,Quebec,Québec,Lightning,Foudre,71140.5000000001,a,71140.5000000001,a
2007,2007,QC,Quebec,Québec,Human activity,Activités humaines,120725.3,a,120725.3,a
2007,2007,QC,Quebec,Québec,Lightning,Foudre,221956.8,a,221956.8,a
2008,2008,QC,Quebec,Québec,Human activity,Activités humaines,148.2,a,148.2,a
2008,2008,QC,Quebec,Québec,Lightning,Foudre,1333.4,a,1333.4,a
2009,2009,QC,Quebec,Québec,Human activity,Activités humaines,2246.3,a,2246.3,a
2009,2009,QC,Quebec,Québec,Lightning,Foudre,91725.4,a,91725.4,a
2010,2010,QC,Quebec,Québec,Human activity,Activités humaines,36000.0999999999,a,36000.0999999999,a
2010,2010,QC,Quebec,Québec,Lightning,Foudre,278883.7,a,278883.7,a
2011,2011,QC,Quebec,Québec,Human activity,Activités humaines,2272.7,a,2272.7,a
2011,2011,QC,Quebec,Québec,Lightning,Foudre,10124.8,a,10124.8,a
2012,2012,QC,Quebec,Québec,Human activity,Activités humaines,24781.6999999999,a,24781.6999999999,a
2012,2012,QC,Quebec,Québec,Lightning,Foudre,39261.3999999999,a,39261.3999999999,a
2013,2013,QC,Quebec,Québec,Human activity,Activités humaines,17130.6999999999,a,17130.6999999999,a
2013,2013,QC,Quebec,Québec,Lightning,Foudre,1855711.5,a,1855711.5,a
2014,2014,QC,Quebec,Québec,Human activity,Activités humaines,8416.50000000001,a,8416.50000000001,a
2014,2014,QC,Quebec,Québec,Lightning,Foudre,55304.2,a,55304.2,a
2015,2015,QC,Quebec,Québec,Human activity,Activités humaines,1460.29999999999,a,1460.29999999999,a
2015,2015,QC,Quebec,Québec,Lightning,Foudre,3919.3,a,3919.3,a
2016,2016,QC,Quebec,Québec,Human activity,Activités humaines,334.400000000001,a,334.400000000001,a
2016,2016,QC,Quebec,Québec,Lightning,Foudre,33036.4,a,33036.4,a
2017,2017,QC,Quebec,Québec,Human activity,Activités humaines,1692.7,a,1692.7,a
2017,2017,QC,Quebec,Québec,Lightning,Foudre,36699.2,a,36699.2,a
2018,2018,QC,Quebec,Québec,Human activity,Activités humaines,15772.1,a,15772.1,a
2018,2018,QC,Quebec,Québec,Lightning,Foudre,70488.6,a,70488.6,a
2019,2019,QC,Quebec,Québec,Human activity,Activités humaines,5087.10000000001,a,5087.10000000001,a
2019,2019,QC,Quebec,Québec,Lightning,Foudre,4516.9,a,4516.9,a
1990,1990,SK,Saskatchewan,Saskatchewan,Human activity,Activités humaines,35848.2861484503,a,35848.2861484503,a
1990,1990,SK,Saskatchewan,Saskatchewan,Lightning,Foudre,180207.39208992,a,180207.39208992,a
1991,1991,SK,Saskatchewan,Saskatchewan,Human activity,Activités humaines,33955.1599999997,a,33955.1599999997,a
1991,1991,SK,Saskatchewan,Saskatchewan,Lightning,Foudre,164219.95,a,164219.95,a
1992,1992,SK,Saskatchewan,Saskatchewan,Human activity,Activités humaines,9635.18000000005,a,9635.18000000005,a
1992,1992,SK,Saskatchewan,Saskatchewan,Lightning,Foudre,88121.21,a,88121.21,a
1993,1993,SK,Saskatchewan,Saskatchewan,Human activity,Activités humaines,132315.19,a,132315.19,a
1993,1993,SK,Saskatchewan,Saskatchewan,Lightning,Foudre,475884.65,a,475884.65,a
1994,1994,SK,Saskatchewan,Saskatchewan,Human activity,Activités humaines,3770.36000000001,a,3770.36000000001,a
1994,1994,SK,Saskatchewan,Saskatchewan,Lightning,Foudre,842249.09,a,842249.09,a
1995,1995,SK,Saskatchewan,Saskatchewan,Human activity,Activités humaines,63833.7100000001,a,63833.7100000001,a
1995,1995,SK,Saskatchewan,Saskatchewan,Lightning,Foudre,1584600.18,a,1584600.18,a
1996,1996,SK,Saskatchewan,Saskatchewan,Human activity,Activités humaines,732.309999999999,a,732.309999999999,a
1996,1996,SK,Saskatchewan,Saskatchewan,Lightning,Foudre,12254.68,a,12254.68,a
1997,1997,SK,Saskatchewan,Saskatchewan,Human activity,Activités humaines,1669.69,a,1669.69,a
1997,1997,SK,Saskatchewan,Saskatchewan,Lightning,Foudre,2207.22,a,2207.22,a
1998,1998,SK,Saskatchewan,Saskatchewan,Human activity,Activités humaines,158432.55,a,158432.55,a
1998,1998,SK,Saskatchewan,Saskatchewan,Lightning,Foudre,880263.669999999,a,880263.669999999,a
1999,1999,SK,Saskatchewan,Saskatchewan,Human activity,Activités humaines,9135.45,a,9135.45,a
1999,1999,SK,Saskatchewan,Saskatchewan,Lightning,Foudre,171684.79,a,171684.79,a
2000,2000,SK,Saskatchewan,Saskatchewan,Human activity,Activités humaines,10779.06,a,10779.06,a
2000,2000,SK,Saskatchewan,Saskatchewan,Lightning,Foudre,130027.11,a,130027.11,a
2001,2001,SK,Saskatchewan,Saskatchewan,Human activity,Activités humaines,39183.6599999999,a,39183.6599999999,a
2001,2001,SK,Saskatchewan,Saskatchewan,Lightning,Foudre,164244.76,a,164244.76,a
2002,2002,SK,Saskatchewan,Saskatchewan,Human activity,Activités humaines,101467.57,a,101467.57,a
2002,2002,SK,Saskatchewan,Saskatchewan,Lightning,Foudre,778142.470000001,a,778142.470000001,a
2003,2003,SK,Saskatchewan,Saskatchewan,Human activity,Activités humaines,12668.23,a,12668.23,a
2003,2003,SK,Saskatchewan,Saskatchewan,Lightning,Foudre,112995.52,a,112995.52,a
2004,2004,SK,Saskatchewan,Saskatchewan,Human activity,Activités humaines,7405.16,a,7405.16,a
2004,2004,SK,Saskatchewan,Saskatchewan,Lightning,Foudre,250726.45,a,250726.45,a
2005,2005,SK,Saskatchewan,Saskatchewan,Human activity,Activités humaines,8276.24000000001,a,8276.24000000001,a
2005,2005,SK,Saskatchewan,Saskatchewan,Lightning,Foudre,205497.22,a,205497.22,a
2006,2006,SK,Saskatchewan,Saskatchewan,Human activity,Activités humaines,181715.17,a,181715.17,a
2006,2006,SK,Saskatchewan,Saskatchewan,Lightning,Foudre,1022011.37,a,1022011.37,a
2007,2007,SK,Saskatchewan,Saskatchewan,Human activity,Activités humaines,4569.16000000001,a,4569.16000000001,a
2007,2007,SK,Saskatchewan,Saskatchewan,Lightning,Foudre,208303.96,a,208303.96,a
2008,2008,SK,Saskatchewan,Saskatchewan,Human activity,Activités humaines,30996.62,a,30996.62,a
2008,2008,SK,Saskatchewan,Saskatchewan,Lightning,Foudre,1099180.61,a,1099180.61,a
2009,2009,SK,Saskatchewan,Saskatchewan,Human activity,Activités humaines,4822.03000000001,a,4822.03000000001,a
2009,2009,SK,Saskatchewan,Saskatchewan,Lightning,Foudre,32737.34,a,32737.34,a
2010,2010,SK,Saskatchewan,Saskatchewan,Human activity,Activités humaines,208237.07,a,208237.07,a
2010,2010,SK,Saskatchewan,Saskatchewan,Lightning,Foudre,1526570.11,a,1526570.11,a
2011,2011,SK,Saskatchewan,Saskatchewan,Human activity,Activités humaines,55403.4999999999,a,55403.4999999999,a
2011,2011,SK,Saskatchewan,Saskatchewan,Lightning,Foudre,288316.49,a,288316.49,a
2012,2012,SK,Saskatchewan,Saskatchewan,Human activity,Activités humaines,6600.1,a,6600.1,a
2012,2012,SK,Saskatchewan,Saskatchewan,Lightning,Foudre,220910.3,a,220910.3,a
2012,2012,SK,Saskatchewan,Saskatchewan,Unspecified,Indéterminée,1.1,a,1.1,a
2013,2013,SK,Saskatchewan,Saskatchewan,Human activity,Activités humaines,7202.60000000003,a,7202.60000000003,a
2013,2013,SK,Saskatchewan,Saskatchewan,Lightning,Foudre,356634.5,a,356634.5,a
2014,2014,SK,Saskatchewan,Saskatchewan,Human activity,Activités humaines,15529.66,a,15529.66,a
2014,2014,SK,Saskatchewan,Saskatchewan,Lightning,Foudre,327253.82,a,327253.82,a
2015,2015,SK,Saskatchewan,Saskatchewan,Human activity,Activités humaines,41757.380815,a,41757.380815,a
2015,2015,SK,Saskatchewan,Saskatchewan,Lightning,Foudre,1716975.6686,a,1716975.6686,a
2016,2016,SK,Saskatchewan,Saskatchewan,Human activity,Activités humaines,2773.5,a,2773.5,a
2016,2016,SK,Saskatchewan,Saskatchewan,Lightning,Foudre,251990.9,a,251990.9,a
2016,2016,SK,Saskatchewan,Saskatchewan,Unspecified,Indéterminée,0,a,0,a
2017,2017,SK,Saskatchewan,Saskatchewan,Human activity,Activités humaines,451.200000000002,a,451.200000000002,a
2017,2017,SK,Saskatchewan,Saskatchewan,Lightning,Foudre,398546.5,a,398546.5,a
2018,2018,SK,Saskatchewan,Saskatchewan,Human activity,Activités humaines,47146.5999999999,a,47146.5999999999,a
2018,2018,SK,Saskatchewan,Saskatchewan,Lightning,Foudre,108550.2,a,108550.2,a
2019,2019,SK,Saskatchewan,Saskatchewan,Human activity,Activités humaines,1531.4,a,1531.4,a
2019,2019,SK,Saskatchewan,Saskatchewan,Lightning,Foudre,46622.2,a,46622.2,a
2019,2019,SK,Saskatchewan,Saskatchewan,Unspecified,Indéterminée,0,a,0,a
1990,1990,YT,Yukon,Yukon,Human activity,Activités humaines,1412.99,a,1412.99,a
1990,1990,YT,Yukon,Yukon,Lightning,Foudre,181478.93,a,181478.93,a
1991,1991,YT,Yukon,Yukon,Human activity,Activités humaines,805.14,a,805.14,a
1991,1991,YT,Yukon,Yukon,Lightning,Foudre,119465.68,a,119465.68,a
1992,1992,YT,Yukon,Yukon,Human activity,Activités humaines,5998.23000000001,a,5998.23000000001,a
1992,1992,YT,Yukon,Yukon,Lightning,Foudre,31816.84,a,31816.84,a
1993,1993,YT,Yukon,Yukon,Human activity,Activités humaines,56.58,a,56.58,a
1993,1993,YT,Yukon,Yukon,Lightning,Foudre,115047.73,a,115047.73,a
1994,1994,YT,Yukon,Yukon,Human activity,Activités humaines,29.37,a,29.37,a
1994,1994,YT,Yukon,Yukon,Lightning,Foudre,421681.02,a,421681.02,a
1995,1995,YT,Yukon,Yukon,Human activity,Activités humaines,389.76,a,389.76,a
1995,1995,YT,Yukon,Yukon,Lightning,Foudre,260989.98,a,260989.98,a
1995,1995,YT,Yukon,Yukon,Unspecified,Indéterminée,502.5,a,502.5,a
1996,1996,YT,Yukon,Yukon,Human activity,Activités humaines,15040.38,a,15040.38,a
1996,1996,YT,Yukon,Yukon,Lightning,Foudre,76026.7499999999,a,76026.7499999999,a
1997,1997,YT,Yukon,Yukon,Human activity,Activités humaines,78.8100000000002,a,78.8100000000002,a
1997,1997,YT,Yukon,Yukon,Lightning,Foudre,11391.24,a,11391.24,a
1998,1998,YT,Yukon,Yukon,Human activity,Activités humaines,63760.7300000001,a,63760.7300000001,a
1998,1998,YT,Yukon,Yukon,Lightning,Foudre,279911.67,a,279911.67,a
1998,1998,YT,Yukon,Yukon,Unspecified,Indéterminée,59,a,59,a
1999,1999,YT,Yukon,Yukon,Human activity,Activités humaines,3280.24,a,3280.24,a
1999,1999,YT,Yukon,Yukon,Lightning,Foudre,191536.24,a,191536.24,a
2000,2000,YT,Yukon,Yukon,Human activity,Activités humaines,10.33,a,10.33,a
2000,2000,YT,Yukon,Yukon,Lightning,Foudre,7642.53,a,7642.53,a
2000,2000,YT,Yukon,Yukon,Unspecified,Indéterminée,363,a,363,a
2001,2001,YT,Yukon,Yukon,Human activity,Activités humaines,6.82,a,6.82,a
2001,2001,YT,Yukon,Yukon,Lightning,Foudre,17327.66,a,17327.66,a
2002,2002,YT,Yukon,Yukon,Human activity,Activités humaines,22.66,a,22.66,a
2002,2002,YT,Yukon,Yukon,Lightning,Foudre,36181.45,a,36181.45,a
2003,2003,YT,Yukon,Yukon,Human activity,Activités humaines,2940.47,a,2940.47,a
2003,2003,YT,Yukon,Yukon,Lightning,Foudre,45844.86,a,45844.86,a
2004,2004,YT,Yukon,Yukon,Human activity,Activités humaines,11631.47,a,11631.47,a
2004,2004,YT,Yukon,Yukon,Lightning,Foudre,1708032.62,a,1708032.62,a
2005,2005,YT,Yukon,Yukon,Human activity,Activités humaines,1.51,a,1.51,a
2005,2005,YT,Yukon,Yukon,Lightning,Foudre,187436.83,a,187436.83,a
2006,2006,YT,Yukon,Yukon,Human activity,Activités humaines,4.04,a,4.04,a
2006,2006,YT,Yukon,Yukon,Lightning,Foudre,95029.3,a,95029.3,a
2007,2007,YT,Yukon,Yukon,Human activity,Activités humaines,13989.01,a,13989.01,a
2007,2007,YT,Yukon,Yukon,Lightning,Foudre,23718.75,a,23718.75,a
2008,2008,YT,Yukon,Yukon,Human activity,Activités humaines,11.83,a,11.83,a
2008,2008,YT,Yukon,Yukon,Lightning,Foudre,13056.05,a,13056.05,a
2009,2009,YT,Yukon,Yukon,Human activity,Activités humaines,3.23,a,3.23,a
2009,2009,YT,Yukon,Yukon,Lightning,Foudre,230509.12,a,230509.12,a
2010,2010,YT,Yukon,Yukon,Human activity,Activités humaines,5261.48000000001,a,5261.48000000001,a
2010,2010,YT,Yukon,Yukon,Lightning,Foudre,141701.69,a,141701.69,a
2011,2011,YT,Yukon,Yukon,Human activity,Activités humaines,119.88,a,119.88,a
2011,2011,YT,Yukon,Yukon,Lightning,Foudre,40344.45,a,40344.45,a
2012,2012,YT,Yukon,Yukon,Human activity,Activités humaines,6.47,a,6.47,a
2012,2012,YT,Yukon,Yukon,Lightning,Foudre,58273.73,a,58273.73,a
2013,2013,YT,Yukon,Yukon,Human activity,Activités humaines,6.45,a,6.45,a
2013,2013,YT,Yukon,Yukon,Lightning,Foudre,198307.34,a,198307.34,a
2014,2014,YT,Yukon,Yukon,Human activity,Activités humaines,23.581,a,23.581,a
2014,2014,YT,Yukon,Yukon,Lightning,Foudre,3137.013,a,3137.013,a
2015,2015,YT,Yukon,Yukon,Human activity,Activités humaines,41.9,a,41.9,a
2015,2015,YT,Yukon,Yukon,Lightning,Foudre,169799.71,a,169799.71,a
2016,2016,YT,Yukon,Yukon,Human activity,Activités humaines,2.28,a,2.28,a
2016,2016,YT,Yukon,Yukon,Lightning,Foudre,21535.12,a,21535.12,a
2017,2017,YT,Yukon,Yukon,Human activity,Activités humaines,18.7,a,18.7,a
2017,2017,YT,Yukon,Yukon,Lightning,Foudre,399261.45,a,399261.45,a
2018,2018,YT,Yukon,Yukon,Human activity,Activités humaines,6487.33,a,6487.33,a
2018,2018,YT,Yukon,Yukon,Lightning,Foudre,74098.16,a,74098.16,a
2019,2019,YT,Yukon,Yukon,Human activity,Activités humaines,1331.3,a,1331.3,a
2019,2019,YT,Yukon,Yukon,Lightning,Foudre,254705.32,a,254705.32,a
2020,2020,BC,British Columbia,Colombie-Britannique,Unspecified,Indéterminée,14446,e,14446,e
2020,2020,YT,Yukon,Yukon,Unspecified,Indéterminée,15491,e,15491,e
2020,2020,AB,Alberta,Alberta,Unspecified,Indéterminée,3275,e,3275,e
2020,2020,NT,Northwest Territories,Territoires du Nord-Ouest,Unspecified,Indéterminée,19073,e,19073,e
2020,2020,SK,Saskatchewan,Saskatchewan,Unspecified,Indéterminée,42160,e,42160,e
2020,2020,MB,Manitoba,Manitoba,Unspecified,Indéterminée,49527,e,49527,e
2020,2020,ON,Ontario,Ontario,Unspecified,Indéterminée,15480,e,15480,e
2020,2020,QC,Quebec,Québec,Unspecified,Indéterminée,59985,e,59985,e
2020,2020,NL,Newfoundland and Labrador,Terre-Neuve-et-Labrador,Unspecified,Indéterminée,4178,e,4178,e
2020,2020,NB,New Brunswick,Nouveau-Brunswick,Unspecified,Indéterminée,1388,e,1388,e
2020,2020,NS,Nova Scotia,Nouvelle-Ecosse,Unspecified,Indéterminée,709,e,709,e
2020,2020,PE,Prince Edward Island,Ile-du-Prince-Edouard,Unspecified,Indéterminée,13,e,13,e
2020,2020,PC,Parks Canada,Parcs Canada,Unspecified,Indéterminée,1664,e,1664,e
